time,iso,plot_0,plot_1,rsi,open,high,low,close,volume
1761760800,2025-10-29T18:00:00.000Z,0,0,,,,,,
1761762600,2025-10-29T18:30:00.000Z,0,0,,,,,,
1761764400,2025-10-29T19:00:00.000Z,0,0,,,,,,
1761766200,2025-10-29T19:30:00.000Z,0,0,,,,,,
1761768000,2025-10-29T20:00:00.000Z,0,0,,,,,,
1761769800,2025-10-29T20:30:00.000Z,0,0,,,,,,
1761771600,2025-10-29T21:00:00.000Z,0,0,,,,,,
1761773400,2025-10-29T21:30:00.000Z,0,0,,,,,,
1761782400,2025-10-30T00:00:00.000Z,0,0,,,,,,
1761784200,2025-10-30T00:30:00.000Z,0,0,,,,,,
1761786000,2025-10-30T01:00:00.000Z,0,0,,,,,,
1761787800,2025-10-30T01:30:00.000Z,0,0,,,,,,
1761789600,2025-10-30T02:00:00.000Z,0,0,,,,,,
1761791400,2025-10-30T02:30:00.000Z,0,0,,,,,,
1761793200,2025-10-30T03:00:00.000Z,0,0,,,,,,
1761795000,2025-10-30T03:30:00.000Z,0,0,,,,,,
1761796800,2025-10-30T04:00:00.000Z,0,0,,,,,,
1761798600,2025-10-30T04:30:00.000Z,0,0,,,,,,
1761800400,2025-10-30T05:00:00.000Z,0,0,,,,,,
1761802200,2025-10-30T05:30:00.000Z,0,0,,,,,,
1761804000,2025-10-30T06:00:00.000Z,0,0,,,,,,
1761805800,2025-10-30T06:30:00.000Z,0,0,,,,,,
1761807600,2025-10-30T07:00:00.000Z,0,0,,,,,,
1761809400,2025-10-30T07:30:00.000Z,0,0,,,,,,
1761811200,2025-10-30T08:00:00.000Z,0,0,,,,,,
1761813000,2025-10-30T08:30:00.000Z,0,0,,,,,,
1761814800,2025-10-30T09:00:00.000Z,0,0,,,,,,
1761816600,2025-10-30T09:30:00.000Z,0,0,,,,,,
1761818400,2025-10-30T10:00:00.000Z,0,0,,,,,,
1761820200,2025-10-30T10:30:00.000Z,0,0,,,,,,
1761822000,2025-10-30T11:00:00.000Z,0,0,,,,,,
1761823800,2025-10-30T11:30:00.000Z,0,0,,,,,,
1761825600,2025-10-30T12:00:00.000Z,0,0,,,,,,
1761827400,2025-10-30T12:30:00.000Z,0,0,,,,,,
1761829200,2025-10-30T13:00:00.000Z,0,0,,,,,,
1761831000,2025-10-30T13:30:00.000Z,0,0,,,,,,
1761832800,2025-10-30T14:00:00.000Z,0,0,,,,,,
1761834600,2025-10-30T14:30:00.000Z,1,0,,,,,,
1761836400,2025-10-30T15:00:00.000Z,0,0,,,,,,
1761838200,2025-10-30T15:30:00.000Z,0,0,,,,,,
1761840000,2025-10-30T16:00:00.000Z,0,0,,,,,,
1761841800,2025-10-30T16:30:00.000Z,0,0,,,,,,
1761843600,2025-10-30T17:00:00.000Z,0,0,,,,,,
1761845400,2025-10-30T17:30:00.000Z,0,0,,,,,,
1761847200,2025-10-30T18:00:00.000Z,0,0,,,,,,
1761849000,2025-10-30T18:30:00.000Z,0,0,,,,,,
1761850800,2025-10-30T19:00:00.000Z,0,0,,,,,,
1761852600,2025-10-30T19:30:00.000Z,0,0,,,,,,
1761854400,2025-10-30T20:00:00.000Z,0,0,,,,,,
1761856200,2025-10-30T20:30:00.000Z,0,0,,,,,,
1761858000,2025-10-30T21:00:00.000Z,0,0,,,,,,
1761859800,2025-10-30T21:30:00.000Z,0,0,,,,,,
1761868800,2025-10-31T00:00:00.000Z,0,0,,,,,,
1761870600,2025-10-31T00:30:00.000Z,0,0,,,,,,
1761872400,2025-10-31T01:00:00.000Z,0,0,,,,,,
1761874200,2025-10-31T01:30:00.000Z,0,0,,,,,,
1761876000,2025-10-31T02:00:00.000Z,0,0,,,,,,
1761877800,2025-10-31T02:30:00.000Z,0,0,,,,,,
1761879600,2025-10-31T03:00:00.000Z,0,0,,,,,,
1761881400,2025-10-31T03:30:00.000Z,0,0,,,,,,
1761883200,2025-10-31T04:00:00.000Z,0,0,,,,,,
1761885000,2025-10-31T04:30:00.000Z,0,0,,,,,,
1761886800,2025-10-31T05:00:00.000Z,0,0,,,,,,
1761888600,2025-10-31T05:30:00.000Z,0,0,,,,,,
1761890400,2025-10-31T06:00:00.000Z,0,0,,,,,,
1761892200,2025-10-31T06:30:00.000Z,0,0,,,,,,
1761894000,2025-10-31T07:00:00.000Z,0,0,,,,,,
1761895800,2025-10-31T07:30:00.000Z,0,0,,,,,,
1761897600,2025-10-31T08:00:00.000Z,0,0,,,,,,
1761899400,2025-10-31T08:30:00.000Z,0,0,,,,,,
1761901200,2025-10-31T09:00:00.000Z,0,0,,,,,,
1761903000,2025-10-31T09:30:00.000Z,0,0,,,,,,
1761904800,2025-10-31T10:00:00.000Z,0,0,,,,,,
1761906600,2025-10-31T10:30:00.000Z,0,0,,,,,,
1761908400,2025-10-31T11:00:00.000Z,0,0,,,,,,
1761910200,2025-10-31T11:30:00.000Z,0,0,,,,,,
1761912000,2025-10-31T12:00:00.000Z,0,0,,,,,,
1761913800,2025-10-31T12:30:00.000Z,0,0,,,,,,
1761915600,2025-10-31T13:00:00.000Z,0,0,,,,,,
1761917400,2025-10-31T13:30:00.000Z,0,0,,,,,,
1761919200,2025-10-31T14:00:00.000Z,0,0,,,,,,
1761921000,2025-10-31T14:30:00.000Z,0,0,,,,,,
1761922800,2025-10-31T15:00:00.000Z,0,0,,,,,,
1761924600,2025-10-31T15:30:00.000Z,0,0,,,,,,
1761926400,2025-10-31T16:00:00.000Z,0,0,,,,,,
1761928200,2025-10-31T16:30:00.000Z,0,0,,,,,,
1761930000,2025-10-31T17:00:00.000Z,0,0,,,,,,
1761931800,2025-10-31T17:30:00.000Z,0,0,,,,,,
1761933600,2025-10-31T18:00:00.000Z,0,0,,,,,,
1761935400,2025-10-31T18:30:00.000Z,0,0,,,,,,
1761937200,2025-10-31T19:00:00.000Z,0,0,,,,,,
1761939000,2025-10-31T19:30:00.000Z,0,0,,,,,,
1761940800,2025-10-31T20:00:00.000Z,0,0,,,,,,
1761942600,2025-10-31T20:30:00.000Z,0,0,,,,,,
1761944400,2025-10-31T21:00:00.000Z,0,0,,,,,,
1761946200,2025-10-31T21:30:00.000Z,0,0,,,,,,
1762124400,2025-11-02T23:00:00.000Z,0,0,,,,,,
1762126200,2025-11-02T23:30:00.000Z,0,0,,,,,,
1762128000,2025-11-03T00:00:00.000Z,0,0,,,,,,
1762129800,2025-11-03T00:30:00.000Z,0,0,,,,,,
1762131600,2025-11-03T01:00:00.000Z,0,0,,,,,,
1762133400,2025-11-03T01:30:00.000Z,0,0,,,,,,
1762135200,2025-11-03T02:00:00.000Z,0,0,,,,,,
1762137000,2025-11-03T02:30:00.000Z,0,0,,,,,,
1762138800,2025-11-03T03:00:00.000Z,0,0,,,,,,
1762140600,2025-11-03T03:30:00.000Z,0,0,,,,,,
1762142400,2025-11-03T04:00:00.000Z,0,0,,,,,,
1762144200,2025-11-03T04:30:00.000Z,0,0,,,,,,
1762146000,2025-11-03T05:00:00.000Z,0,0,,,,,,
1762147800,2025-11-03T05:30:00.000Z,0,0,,,,,,
1762149600,2025-11-03T06:00:00.000Z,0,0,,,,,,
1762151400,2025-11-03T06:30:00.000Z,0,0,,,,,,
1762153200,2025-11-03T07:00:00.000Z,0,0,,,,,,
1762155000,2025-11-03T07:30:00.000Z,0,0,,,,,,
1762156800,2025-11-03T08:00:00.000Z,0,0,,,,,,
1762158600,2025-11-03T08:30:00.000Z,0,0,,,,,,
1762160400,2025-11-03T09:00:00.000Z,0,0,,,,,,
1762162200,2025-11-03T09:30:00.000Z,0,0,,,,,,
1762164000,2025-11-03T10:00:00.000Z,0,0,,,,,,
1762165800,2025-11-03T10:30:00.000Z,0,0,,,,,,
1762167600,2025-11-03T11:00:00.000Z,0,0,,,,,,
1762169400,2025-11-03T11:30:00.000Z,0,0,,,,,,
1762171200,2025-11-03T12:00:00.000Z,0,0,,,,,,
1762173000,2025-11-03T12:30:00.000Z,0,0,,,,,,
1762174800,2025-11-03T13:00:00.000Z,0,0,,,,,,
1762176600,2025-11-03T13:30:00.000Z,0,0,,,,,,
1762178400,2025-11-03T14:00:00.000Z,0,0,,,,,,
1762180200,2025-11-03T14:30:00.000Z,0,0,,,,,,
1762182000,2025-11-03T15:00:00.000Z,0,0,,,,,,
1762183800,2025-11-03T15:30:00.000Z,0,0,,,,,,
1762185600,2025-11-03T16:00:00.000Z,0,0,,,,,,
1762187400,2025-11-03T16:30:00.000Z,0,0,,,,,,
1762189200,2025-11-03T17:00:00.000Z,0,0,,,,,,
1762191000,2025-11-03T17:30:00.000Z,0,0,,,,,,
1762192800,2025-11-03T18:00:00.000Z,0,0,,,,,,
1762194600,2025-11-03T18:30:00.000Z,0,0,,,,,,
1762196400,2025-11-03T19:00:00.000Z,0,0,,,,,,
1762198200,2025-11-03T19:30:00.000Z,0,0,,,,,,
1762200000,2025-11-03T20:00:00.000Z,0,0,,,,,,
1762201800,2025-11-03T20:30:00.000Z,0,0,,,,,,
1762203600,2025-11-03T21:00:00.000Z,0,0,,,,,,
1762205400,2025-11-03T21:30:00.000Z,0,0,,,,,,
1762207200,2025-11-03T22:00:00.000Z,0,0,,,,,,
1762209000,2025-11-03T22:30:00.000Z,0,0,,,,,,
1762218000,2025-11-04T01:00:00.000Z,0,0,,,,,,
1762219800,2025-11-04T01:30:00.000Z,0,0,,,,,,
1762221600,2025-11-04T02:00:00.000Z,0,0,,,,,,
1762223400,2025-11-04T02:30:00.000Z,0,0,,,,,,
1762225200,2025-11-04T03:00:00.000Z,0,0,,,,,,
1762227000,2025-11-04T03:30:00.000Z,0,0,,,,,,
1762228800,2025-11-04T04:00:00.000Z,0,0,,,,,,
1762230600,2025-11-04T04:30:00.000Z,0,0,,,,,,
1762232400,2025-11-04T05:00:00.000Z,0,0,,,,,,
1762234200,2025-11-04T05:30:00.000Z,0,0,,,,,,
1762236000,2025-11-04T06:00:00.000Z,0,0,,,,,,
1762237800,2025-11-04T06:30:00.000Z,0,0,,,,,,
1762239600,2025-11-04T07:00:00.000Z,0,0,,,,,,
1762241400,2025-11-04T07:30:00.000Z,0,0,,,,,,
1762243200,2025-11-04T08:00:00.000Z,0,0,,,,,,
1762245000,2025-11-04T08:30:00.000Z,0,0,,,,,,
1762246800,2025-11-04T09:00:00.000Z,0,0,,,,,,
1762248600,2025-11-04T09:30:00.000Z,0,0,,,,,,
1762250400,2025-11-04T10:00:00.000Z,0,0,,,,,,
1762252200,2025-11-04T10:30:00.000Z,0,0,,,,,,
1762254000,2025-11-04T11:00:00.000Z,0,0,,,,,,
1762255800,2025-11-04T11:30:00.000Z,0,0,,,,,,
1762257600,2025-11-04T12:00:00.000Z,0,0,,,,,,
1762259400,2025-11-04T12:30:00.000Z,0,0,,,,,,
1762261200,2025-11-04T13:00:00.000Z,0,0,,,,,,
1762263000,2025-11-04T13:30:00.000Z,0,0,,,,,,
1762264800,2025-11-04T14:00:00.000Z,0,0,,,,,,
1762266600,2025-11-04T14:30:00.000Z,0,0,,,,,,
1762268400,2025-11-04T15:00:00.000Z,0,0,,,,,,
1762270200,2025-11-04T15:30:00.000Z,0,0,,,,,,
1762272000,2025-11-04T16:00:00.000Z,0,0,,,,,,
1762273800,2025-11-04T16:30:00.000Z,0,0,,,,,,
1762275600,2025-11-04T17:00:00.000Z,0,0,,,,,,
1762277400,2025-11-04T17:30:00.000Z,0,0,,,,,,
1762279200,2025-11-04T18:00:00.000Z,0,0,,,,,,
1762281000,2025-11-04T18:30:00.000Z,0,0,,,,,,
1762282800,2025-11-04T19:00:00.000Z,0,0,,,,,,
1762284600,2025-11-04T19:30:00.000Z,0,0,,,,,,
1762286400,2025-11-04T20:00:00.000Z,0,0,,,,,,
1762288200,2025-11-04T20:30:00.000Z,0,0,,,,,,
1762290000,2025-11-04T21:00:00.000Z,0,0,,,,,,
1762291800,2025-11-04T21:30:00.000Z,0,0,,,,,,
1762293600,2025-11-04T22:00:00.000Z,0,0,,,,,,
1762295400,2025-11-04T22:30:00.000Z,0,0,,,,,,
1762304400,2025-11-05T01:00:00.000Z,0,0,,,,,,
1762306200,2025-11-05T01:30:00.000Z,0,0,,,,,,
1762308000,2025-11-05T02:00:00.000Z,0,0,,,,,,
1762309800,2025-11-05T02:30:00.000Z,0,0,,,,,,
1762311600,2025-11-05T03:00:00.000Z,0,0,,,,,,
1762313400,2025-11-05T03:30:00.000Z,1,0,,,,,,
1762315200,2025-11-05T04:00:00.000Z,0,0,,,,,,
1762317000,2025-11-05T04:30:00.000Z,0,0,,,,,,
1762318800,2025-11-05T05:00:00.000Z,0,0,,,,,,
1762320600,2025-11-05T05:30:00.000Z,0,0,,,,,,
1762322400,2025-11-05T06:00:00.000Z,0,0,,,,,,
1762324200,2025-11-05T06:30:00.000Z,0,0,,,,,,
1762326000,2025-11-05T07:00:00.000Z,0,0,,,,,,
1762327800,2025-11-05T07:30:00.000Z,0,0,,,,,,
1762329600,2025-11-05T08:00:00.000Z,0,0,,,,,,
1762331400,2025-11-05T08:30:00.000Z,0,0,,,,,,
1762333200,2025-11-05T09:00:00.000Z,0,0,,,,,,
1762335000,2025-11-05T09:30:00.000Z,0,0,,,,,,
1762336800,2025-11-05T10:00:00.000Z,0,0,,,,,,
1762338600,2025-11-05T10:30:00.000Z,0,0,,,,,,
1762340400,2025-11-05T11:00:00.000Z,0,0,,,,,,
1762342200,2025-11-05T11:30:00.000Z,0,0,,,,,,
1762344000,2025-11-05T12:00:00.000Z,0,0,,,,,,
1762345800,2025-11-05T12:30:00.000Z,0,0,,,,,,
1762347600,2025-11-05T13:00:00.000Z,0,0,,,,,,
1762349400,2025-11-05T13:30:00.000Z,0,0,,,,,,
1762351200,2025-11-05T14:00:00.000Z,0,0,,,,,,
1762353000,2025-11-05T14:30:00.000Z,0,0,,,,,,
1762354800,2025-11-05T15:00:00.000Z,0,0,,,,,,
1762356600,2025-11-05T15:30:00.000Z,0,0,,,,,,
1762358400,2025-11-05T16:00:00.000Z,0,0,,,,,,
1762360200,2025-11-05T16:30:00.000Z,0,0,,,,,,
1762362000,2025-11-05T17:00:00.000Z,0,0,,,,,,
1762363800,2025-11-05T17:30:00.000Z,0,0,,,,,,
1762365600,2025-11-05T18:00:00.000Z,0,0,,,,,,
1762367400,2025-11-05T18:30:00.000Z,0,0,,,,,,
1762369200,2025-11-05T19:00:00.000Z,0,0,,,,,,
1762371000,2025-11-05T19:30:00.000Z,0,0,,,,,,
1762372800,2025-11-05T20:00:00.000Z,0,0,,,,,,
1762374600,2025-11-05T20:30:00.000Z,0,0,,,,,,
1762376400,2025-11-05T21:00:00.000Z,0,0,,,,,,
1762378200,2025-11-05T21:30:00.000Z,0,0,,,,,,
1762380000,2025-11-05T22:00:00.000Z,0,0,,,,,,
1762381800,2025-11-05T22:30:00.000Z,0,0,,,,,,
1762390800,2025-11-06T01:00:00.000Z,0,0,,,,,,
1762392600,2025-11-06T01:30:00.000Z,0,0,,,,,,
1762394400,2025-11-06T02:00:00.000Z,0,0,,,,,,
1762396200,2025-11-06T02:30:00.000Z,0,0,,,,,,
1762398000,2025-11-06T03:00:00.000Z,0,0,,,,,,
1762399800,2025-11-06T03:30:00.000Z,0,0,,,,,,
1762401600,2025-11-06T04:00:00.000Z,0,0,,,,,,
1762403400,2025-11-06T04:30:00.000Z,0,0,,,,,,
1762405200,2025-11-06T05:00:00.000Z,0,0,,,,,,
1762407000,2025-11-06T05:30:00.000Z,0,0,,,,,,
1762408800,2025-11-06T06:00:00.000Z,0,0,,,,,,
1762410600,2025-11-06T06:30:00.000Z,0,0,,,,,,
1762412400,2025-11-06T07:00:00.000Z,0,0,,,,,,
1762414200,2025-11-06T07:30:00.000Z,0,0,,,,,,
1762416000,2025-11-06T08:00:00.000Z,0,0,,,,,,
1762417800,2025-11-06T08:30:00.000Z,0,0,,,,,,
1762419600,2025-11-06T09:00:00.000Z,0,0,,,,,,
1762421400,2025-11-06T09:30:00.000Z,0,0,,,,,,
1762423200,2025-11-06T10:00:00.000Z,0,0,,,,,,
1762425000,2025-11-06T10:30:00.000Z,0,0,,,,,,
1762426800,2025-11-06T11:00:00.000Z,0,0,,,,,,
1762428600,2025-11-06T11:30:00.000Z,0,0,,,,,,
1762430400,2025-11-06T12:00:00.000Z,0,0,,,,,,
1762432200,2025-11-06T12:30:00.000Z,0,0,,,,,,
1762434000,2025-11-06T13:00:00.000Z,0,0,,,,,,
1762435800,2025-11-06T13:30:00.000Z,0,0,,,,,,
1762437600,2025-11-06T14:00:00.000Z,0,0,,,,,,
1762439400,2025-11-06T14:30:00.000Z,0,0,,,,,,
1762441200,2025-11-06T15:00:00.000Z,0,0,,,,,,
1762443000,2025-11-06T15:30:00.000Z,0,0,,,,,,
1762444800,2025-11-06T16:00:00.000Z,0,0,,,,,,
1762446600,2025-11-06T16:30:00.000Z,0,0,,,,,,
1762448400,2025-11-06T17:00:00.000Z,0,0,,,,,,
1762450200,2025-11-06T17:30:00.000Z,0,0,,,,,,
1762452000,2025-11-06T18:00:00.000Z,0,0,,,,,,
1762453800,2025-11-06T18:30:00.000Z,0,0,,,,,,
1762455600,2025-11-06T19:00:00.000Z,0,0,,,,,,
1762457400,2025-11-06T19:30:00.000Z,0,0,,,,,,
1762459200,2025-11-06T20:00:00.000Z,0,0,,,,,,
1762461000,2025-11-06T20:30:00.000Z,0,0,,,,,,
1762462800,2025-11-06T21:00:00.000Z,0,0,,,,,,
1762464600,2025-11-06T21:30:00.000Z,0,0,,,,,,
1762466400,2025-11-06T22:00:00.000Z,0,0,,,,,,
1762468200,2025-11-06T22:30:00.000Z,0,0,,,,,,
1762477200,2025-11-07T01:00:00.000Z,0,0,,,,,,
1762479000,2025-11-07T01:30:00.000Z,0,0,,,,,,
1762480800,2025-11-07T02:00:00.000Z,0,0,,,,,,
1762482600,2025-11-07T02:30:00.000Z,0,0,,,,,,
1762484400,2025-11-07T03:00:00.000Z,0,0,,,,,,
1762486200,2025-11-07T03:30:00.000Z,0,0,,,,,,
1762488000,2025-11-07T04:00:00.000Z,0,0,,,,,,
1762489800,2025-11-07T04:30:00.000Z,0,0,,,,,,
1762491600,2025-11-07T05:00:00.000Z,0,0,,,,,,
1762493400,2025-11-07T05:30:00.000Z,0,0,,,,,,
1762495200,2025-11-07T06:00:00.000Z,0,0,,,,,,
1762497000,2025-11-07T06:30:00.000Z,0,0,,,,,,
1762498800,2025-11-07T07:00:00.000Z,0,0,,,,,,
1762500600,2025-11-07T07:30:00.000Z,0,0,,,,,,
1762502400,2025-11-07T08:00:00.000Z,0,0,,,,,,
1762504200,2025-11-07T08:30:00.000Z,0,0,,,,,,
1762506000,2025-11-07T09:00:00.000Z,0,0,,,,,,
1762507800,2025-11-07T09:30:00.000Z,0,0,,,,,,
1762509600,2025-11-07T10:00:00.000Z,0,0,,,,,,
1762511400,2025-11-07T10:30:00.000Z,0,0,,,,,,
1762513200,2025-11-07T11:00:00.000Z,0,0,,,,,,
1762515000,2025-11-07T11:30:00.000Z,0,0,,,,,,
1762516800,2025-11-07T12:00:00.000Z,0,0,,,,,,
1762518600,2025-11-07T12:30:00.000Z,0,0,,,,,,
1762520400,2025-11-07T13:00:00.000Z,0,0,,,,,,
1762522200,2025-11-07T13:30:00.000Z,0,0,,,,,,
1762524000,2025-11-07T14:00:00.000Z,0,0,,,,,,
1762525800,2025-11-07T14:30:00.000Z,0,0,,,,,,
1762527600,2025-11-07T15:00:00.000Z,0,0,,,,,,
1762529400,2025-11-07T15:30:00.000Z,0,0,,,,,,
1762531200,2025-11-07T16:00:00.000Z,0,0,,,,,,
1762533000,2025-11-07T16:30:00.000Z,0,0,,,,,,
1762534800,2025-11-07T17:00:00.000Z,0,0,,,,,,
1762536600,2025-11-07T17:30:00.000Z,0,0,,,,,,
1762538400,2025-11-07T18:00:00.000Z,0,0,,,,,,
1762540200,2025-11-07T18:30:00.000Z,0,0,,,,,,
1762542000,2025-11-07T19:00:00.000Z,0,0,,,,,,
1762543800,2025-11-07T19:30:00.000Z,0,0,,,,,,
1762545600,2025-11-07T20:00:00.000Z,0,0,,,,,,
1762547400,2025-11-07T20:30:00.000Z,0,0,,,,,,
1762549200,2025-11-07T21:00:00.000Z,0,0,,,,,,
1762551000,2025-11-07T21:30:00.000Z,0,0,,,,,,
1762552800,2025-11-07T22:00:00.000Z,0,0,,,,,,
1762554600,2025-11-07T22:30:00.000Z,0,0,,,,,,
1762729200,2025-11-09T23:00:00.000Z,0,0,,,,,,
1762731000,2025-11-09T23:30:00.000Z,0,0,,,,,,
1762732800,2025-11-10T00:00:00.000Z,0,0,,,,,,
1762734600,2025-11-10T00:30:00.000Z,0,0,,,,,,
1762736400,2025-11-10T01:00:00.000Z,0,0,,,,,,
1762738200,2025-11-10T01:30:00.000Z,0,0,,,,,,
1762740000,2025-11-10T02:00:00.000Z,0,0,,,,,,
1762741800,2025-11-10T02:30:00.000Z,0,0,,,,,,
1762743600,2025-11-10T03:00:00.000Z,0,0,,,,,,
1762745400,2025-11-10T03:30:00.000Z,0,0,,,,,,
1762747200,2025-11-10T04:00:00.000Z,0,0,,,,,,
1762749000,2025-11-10T04:30:00.000Z,0,0,,,,,,
1762750800,2025-11-10T05:00:00.000Z,0,0,,,,,,
1762752600,2025-11-10T05:30:00.000Z,0,0,,,,,,
1762754400,2025-11-10T06:00:00.000Z,0,0,,,,,,
1762756200,2025-11-10T06:30:00.000Z,0,0,,,,,,
1762758000,2025-11-10T07:00:00.000Z,0,0,,,,,,
1762759800,2025-11-10T07:30:00.000Z,0,0,,,,,,
1762761600,2025-11-10T08:00:00.000Z,0,0,,,,,,
1762763400,2025-11-10T08:30:00.000Z,0,0,,,,,,
1762765200,2025-11-10T09:00:00.000Z,0,0,,,,,,
1762767000,2025-11-10T09:30:00.000Z,0,0,,,,,,
1762768800,2025-11-10T10:00:00.000Z,0,0,,,,,,
1762770600,2025-11-10T10:30:00.000Z,0,0,,,,,,
1762772400,2025-11-10T11:00:00.000Z,0,0,,,,,,
1762774200,2025-11-10T11:30:00.000Z,0,0,,,,,,
1762776000,2025-11-10T12:00:00.000Z,0,0,,,,,,
1762777800,2025-11-10T12:30:00.000Z,0,0,,,,,,
1762779600,2025-11-10T13:00:00.000Z,0,0,,,,,,
1762781400,2025-11-10T13:30:00.000Z,0,0,,,,,,
1762783200,2025-11-10T14:00:00.000Z,0,0,,,,,,
1762785000,2025-11-10T14:30:00.000Z,0,0,,,,,,
1762786800,2025-11-10T15:00:00.000Z,0,0,,,,,,
1762788600,2025-11-10T15:30:00.000Z,0,0,,,,,,
1762790400,2025-11-10T16:00:00.000Z,0,0,,,,,,
1762792200,2025-11-10T16:30:00.000Z,0,0,,,,,,
1762794000,2025-11-10T17:00:00.000Z,0,0,,,,,,
1762795800,2025-11-10T17:30:00.000Z,0,0,,,,,,
1762797600,2025-11-10T18:00:00.000Z,0,0,,,,,,
1762799400,2025-11-10T18:30:00.000Z,0,0,,,,,,
1762801200,2025-11-10T19:00:00.000Z,0,0,,,,,,
1762803000,2025-11-10T19:30:00.000Z,0,0,,,,,,
1762804800,2025-11-10T20:00:00.000Z,0,0,,,,,,
1762806600,2025-11-10T20:30:00.000Z,0,0,,,,,,
1762808400,2025-11-10T21:00:00.000Z,0,0,,,,,,
1762810200,2025-11-10T21:30:00.000Z,0,0,,,,,,
1762812000,2025-11-10T22:00:00.000Z,0,0,,,,,,
1762813800,2025-11-10T22:30:00.000Z,0,0,,,,,,
1762822800,2025-11-11T01:00:00.000Z,0,0,,,,,,
1762824600,2025-11-11T01:30:00.000Z,0,0,,,,,,
1762826400,2025-11-11T02:00:00.000Z,0,0,,,,,,
1762828200,2025-11-11T02:30:00.000Z,0,0,,,,,,
1762830000,2025-11-11T03:00:00.000Z,0,0,,,,,,
1762831800,2025-11-11T03:30:00.000Z,0,0,,,,,,
1762833600,2025-11-11T04:00:00.000Z,0,0,,,,,,
1762835400,2025-11-11T04:30:00.000Z,0,0,,,,,,
1762837200,2025-11-11T05:00:00.000Z,0,0,,,,,,
1762839000,2025-11-11T05:30:00.000Z,0,0,,,,,,
1762840800,2025-11-11T06:00:00.000Z,0,0,,,,,,
1762842600,2025-11-11T06:30:00.000Z,0,0,,,,,,
1762844400,2025-11-11T07:00:00.000Z,0,0,,,,,,
1762846200,2025-11-11T07:30:00.000Z,0,0,,,,,,
1762848000,2025-11-11T08:00:00.000Z,0,0,,,,,,
1762849800,2025-11-11T08:30:00.000Z,0,0,,,,,,
1762851600,2025-11-11T09:00:00.000Z,0,0,,,,,,
1762853400,2025-11-11T09:30:00.000Z,0,0,,,,,,
1762855200,2025-11-11T10:00:00.000Z,0,0,,,,,,
1762857000,2025-11-11T10:30:00.000Z,0,0,,,,,,
1762858800,2025-11-11T11:00:00.000Z,0,0,,,,,,
1762860600,2025-11-11T11:30:00.000Z,0,0,,,,,,
1762862400,2025-11-11T12:00:00.000Z,0,0,,,,,,
1762864200,2025-11-11T12:30:00.000Z,0,0,,,,,,
1762866000,2025-11-11T13:00:00.000Z,0,0,,,,,,
1762867800,2025-11-11T13:30:00.000Z,0,0,,,,,,
1762869600,2025-11-11T14:00:00.000Z,0,0,,,,,,
1762871400,2025-11-11T14:30:00.000Z,0,0,,,,,,
1762873200,2025-11-11T15:00:00.000Z,0,0,,,,,,
1762875000,2025-11-11T15:30:00.000Z,0,0,,,,,,
1762876800,2025-11-11T16:00:00.000Z,0,0,,,,,,
1762878600,2025-11-11T16:30:00.000Z,0,0,,,,,,
1762880400,2025-11-11T17:00:00.000Z,0,0,,,,,,
1762882200,2025-11-11T17:30:00.000Z,0,0,,,,,,
1762884000,2025-11-11T18:00:00.000Z,0,0,,,,,,
1762885800,2025-11-11T18:30:00.000Z,0,0,,,,,,
1762887600,2025-11-11T19:00:00.000Z,0,0,,,,,,
1762889400,2025-11-11T19:30:00.000Z,0,0,,,,,,
1762891200,2025-11-11T20:00:00.000Z,0,0,,,,,,
1762893000,2025-11-11T20:30:00.000Z,0,0,,,,,,
1762894800,2025-11-11T21:00:00.000Z,0,0,,,,,,
1762896600,2025-11-11T21:30:00.000Z,0,0,,,,,,
1762898400,2025-11-11T22:00:00.000Z,0,0,,,,,,
1762900200,2025-11-11T22:30:00.000Z,0,0,,,,,,
1762909200,2025-11-12T01:00:00.000Z,0,0,,,,,,
1762911000,2025-11-12T01:30:00.000Z,0,0,,,,,,
1762912800,2025-11-12T02:00:00.000Z,0,0,,,,,,
1762914600,2025-11-12T02:30:00.000Z,0,0,,,,,,
1762916400,2025-11-12T03:00:00.000Z,0,0,,,,,,
1762918200,2025-11-12T03:30:00.000Z,0,0,,,,,,
1762920000,2025-11-12T04:00:00.000Z,0,0,,,,,,
1762921800,2025-11-12T04:30:00.000Z,0,0,,,,,,
1762923600,2025-11-12T05:00:00.000Z,0,0,,,,,,
1762925400,2025-11-12T05:30:00.000Z,0,0,,,,,,
1762927200,2025-11-12T06:00:00.000Z,0,0,,,,,,
1762929000,2025-11-12T06:30:00.000Z,0,0,,,,,,
1762930800,2025-11-12T07:00:00.000Z,0,0,,,,,,
1762932600,2025-11-12T07:30:00.000Z,0,0,,,,,,
1762934400,2025-11-12T08:00:00.000Z,0,0,,,,,,
1762936200,2025-11-12T08:30:00.000Z,0,0,,,,,,
1762938000,2025-11-12T09:00:00.000Z,0,0,,,,,,
1762939800,2025-11-12T09:30:00.000Z,0,0,,,,,,
1762941600,2025-11-12T10:00:00.000Z,0,0,,,,,,
1762943400,2025-11-12T10:30:00.000Z,0,0,,,,,,
1762945200,2025-11-12T11:00:00.000Z,0,0,,,,,,
1762947000,2025-11-12T11:30:00.000Z,0,0,,,,,,
1762948800,2025-11-12T12:00:00.000Z,0,0,,,,,,
1762950600,2025-11-12T12:30:00.000Z,0,0,,,,,,
1762952400,2025-11-12T13:00:00.000Z,0,0,,,,,,
1762954200,2025-11-12T13:30:00.000Z,0,0,,,,,,
1762956000,2025-11-12T14:00:00.000Z,0,0,,,,,,
1762957800,2025-11-12T14:30:00.000Z,0,0,,,,,,
1762959600,2025-11-12T15:00:00.000Z,0,0,,,,,,
1762961400,2025-11-12T15:30:00.000Z,0,0,,,,,,
1762963200,2025-11-12T16:00:00.000Z,0,0,,,,,,
1762965000,2025-11-12T16:30:00.000Z,0,0,,,,,,
1762966800,2025-11-12T17:00:00.000Z,0,0,,,,,,
1762968600,2025-11-12T17:30:00.000Z,0,0,,,,,,
1762970400,2025-11-12T18:00:00.000Z,0,0,,,,,,
1762972200,2025-11-12T18:30:00.000Z,0,0,,,,,,
1762974000,2025-11-12T19:00:00.000Z,0,0,,,,,,
1762975800,2025-11-12T19:30:00.000Z,0,0,,,,,,
1762977600,2025-11-12T20:00:00.000Z,0,0,,,,,,
1762979400,2025-11-12T20:30:00.000Z,0,0,,,,,,
1762981200,2025-11-12T21:00:00.000Z,0,0,,,,,,
1762983000,2025-11-12T21:30:00.000Z,0,0,,,,,,
1762984800,2025-11-12T22:00:00.000Z,0,0,,,,,,
1762986600,2025-11-12T22:30:00.000Z,0,0,,,,,,
1762995600,2025-11-13T01:00:00.000Z,0,0,,,,,,
1762997400,2025-11-13T01:30:00.000Z,0,0,,,,,,
1762999200,2025-11-13T02:00:00.000Z,0,0,,,,,,
1763001000,2025-11-13T02:30:00.000Z,0,0,,,,,,
1763002800,2025-11-13T03:00:00.000Z,0,0,,,,,,
1763004600,2025-11-13T03:30:00.000Z,0,0,,,,,,
1763006400,2025-11-13T04:00:00.000Z,0,0,,,,,,
1763008200,2025-11-13T04:30:00.000Z,0,0,,,,,,
1763010000,2025-11-13T05:00:00.000Z,0,0,,,,,,
1763011800,2025-11-13T05:30:00.000Z,0,0,,,,,,
1763013600,2025-11-13T06:00:00.000Z,0,0,,,,,,
1763015400,2025-11-13T06:30:00.000Z,0,0,,,,,,
1763017200,2025-11-13T07:00:00.000Z,0,0,,,,,,
1763019000,2025-11-13T07:30:00.000Z,0,0,,,,,,
1763020800,2025-11-13T08:00:00.000Z,0,0,,,,,,
1763022600,2025-11-13T08:30:00.000Z,0,0,,,,,,
1763024400,2025-11-13T09:00:00.000Z,0,0,,,,,,
1763026200,2025-11-13T09:30:00.000Z,0,0,,,,,,
1763028000,2025-11-13T10:00:00.000Z,0,0,,,,,,
1763029800,2025-11-13T10:30:00.000Z,0,0,,,,,,
1763031600,2025-11-13T11:00:00.000Z,0,0,,,,,,
1763033400,2025-11-13T11:30:00.000Z,0,0,,,,,,
1763035200,2025-11-13T12:00:00.000Z,0,0,,,,,,
1763037000,2025-11-13T12:30:00.000Z,0,0,,,,,,
1763038800,2025-11-13T13:00:00.000Z,0,0,,,,,,
1763040600,2025-11-13T13:30:00.000Z,0,0,,,,,,
1763042400,2025-11-13T14:00:00.000Z,0,0,,,,,,
1763044200,2025-11-13T14:30:00.000Z,0,0,,,,,,
1763046000,2025-11-13T15:00:00.000Z,0,0,,,,,,
1763047800,2025-11-13T15:30:00.000Z,0,0,,,,,,
1763049600,2025-11-13T16:00:00.000Z,0,0,,,,,,
1763051400,2025-11-13T16:30:00.000Z,0,0,,,,,,
1763053200,2025-11-13T17:00:00.000Z,0,0,,,,,,
1763055000,2025-11-13T17:30:00.000Z,0,0,,,,,,
1763056800,2025-11-13T18:00:00.000Z,0,0,,,,,,
1763058600,2025-11-13T18:30:00.000Z,0,0,,,,,,
1763060400,2025-11-13T19:00:00.000Z,0,0,,,,,,
1763062200,2025-11-13T19:30:00.000Z,0,0,,,,,,
1763064000,2025-11-13T20:00:00.000Z,0,0,,,,,,
1763065800,2025-11-13T20:30:00.000Z,0,0,,,,,,
1763067600,2025-11-13T21:00:00.000Z,0,0,,,,,,
1763069400,2025-11-13T21:30:00.000Z,0,0,,,,,,
1763071200,2025-11-13T22:00:00.000Z,0,0,,,,,,
1763073000,2025-11-13T22:30:00.000Z,0,0,,,,,,
1763082000,2025-11-14T01:00:00.000Z,0,0,,,,,,
1763083800,2025-11-14T01:30:00.000Z,0,0,,,,,,
1763085600,2025-11-14T02:00:00.000Z,0,0,,,,,,
1763087400,2025-11-14T02:30:00.000Z,0,0,,,,,,
1763089200,2025-11-14T03:00:00.000Z,0,0,,,,,,
1763091000,2025-11-14T03:30:00.000Z,0,0,,,,,,
1763092800,2025-11-14T04:00:00.000Z,0,0,,,,,,
1763094600,2025-11-14T04:30:00.000Z,0,0,,,,,,
1763096400,2025-11-14T05:00:00.000Z,0,0,,,,,,
1763098200,2025-11-14T05:30:00.000Z,0,0,,,,,,
1763100000,2025-11-14T06:00:00.000Z,0,0,,,,,,
1763101800,2025-11-14T06:30:00.000Z,0,0,,,,,,
1763103600,2025-11-14T07:00:00.000Z,0,0,,,,,,
1763105400,2025-11-14T07:30:00.000Z,0,0,,,,,,
1763107200,2025-11-14T08:00:00.000Z,0,0,,,,,,
1763109000,2025-11-14T08:30:00.000Z,0,0,,,,,,
1763110800,2025-11-14T09:00:00.000Z,0,0,,,,,,
1763112600,2025-11-14T09:30:00.000Z,0,0,,,,,,
1763114400,2025-11-14T10:00:00.000Z,0,0,,,,,,
1763116200,2025-11-14T10:30:00.000Z,0,0,,,,,,
1763118000,2025-11-14T11:00:00.000Z,0,0,,,,,,
1763119800,2025-11-14T11:30:00.000Z,0,0,,,,,,
1763121600,2025-11-14T12:00:00.000Z,0,0,,,,,,
1763123400,2025-11-14T12:30:00.000Z,0,0,,,,,,
1763125200,2025-11-14T13:00:00.000Z,0,0,,,,,,
1763127000,2025-11-14T13:30:00.000Z,0,0,,,,,,
1763128800,2025-11-14T14:00:00.000Z,0,0,,,,,,
1763130600,2025-11-14T14:30:00.000Z,0,0,,,,,,
1763132400,2025-11-14T15:00:00.000Z,0,0,,,,,,
1763134200,2025-11-14T15:30:00.000Z,0,0,,,,,,
1763136000,2025-11-14T16:00:00.000Z,0,0,,,,,,
1763137800,2025-11-14T16:30:00.000Z,0,0,,,,,,
1763139600,2025-11-14T17:00:00.000Z,0,0,,,,,,
1763141400,2025-11-14T17:30:00.000Z,0,0,,,,,,
1763143200,2025-11-14T18:00:00.000Z,0,0,,,,,,
1763145000,2025-11-14T18:30:00.000Z,0,0,,,,,,
1763146800,2025-11-14T19:00:00.000Z,0,0,,,,,,
1763148600,2025-11-14T19:30:00.000Z,0,0,,,,,,
1763150400,2025-11-14T20:00:00.000Z,0,0,,,,,,
1763152200,2025-11-14T20:30:00.000Z,0,0,,,,,,
1763154000,2025-11-14T21:00:00.000Z,0,0,,,,,,
1763155800,2025-11-14T21:30:00.000Z,0,0,,,,,,
1763157600,2025-11-14T22:00:00.000Z,0,0,,,,,,
1763159400,2025-11-14T22:30:00.000Z,0,0,,,,,,
1763334000,2025-11-16T23:00:00.000Z,0,0,,,,,,
1763335800,2025-11-16T23:30:00.000Z,0,0,,,,,,
1763337600,2025-11-17T00:00:00.000Z,0,0,,,,,,
1763339400,2025-11-17T00:30:00.000Z,0,0,,,,,,
1763341200,2025-11-17T01:00:00.000Z,0,0,,,,,,
1763343000,2025-11-17T01:30:00.000Z,0,0,,,,,,
1763344800,2025-11-17T02:00:00.000Z,0,0,,,,,,
1763346600,2025-11-17T02:30:00.000Z,0,0,,,,,,
1763348400,2025-11-17T03:00:00.000Z,0,0,,,,,,
1763350200,2025-11-17T03:30:00.000Z,0,0,,,,,,
1763352000,2025-11-17T04:00:00.000Z,0,0,,,,,,
1763353800,2025-11-17T04:30:00.000Z,0,0,,,,,,
1763355600,2025-11-17T05:00:00.000Z,0,0,,,,,,
1763357400,2025-11-17T05:30:00.000Z,0,0,,,,,,
1763359200,2025-11-17T06:00:00.000Z,0,0,,,,,,
1763361000,2025-11-17T06:30:00.000Z,0,0,,,,,,
1763362800,2025-11-17T07:00:00.000Z,0,0,,,,,,
1763364600,2025-11-17T07:30:00.000Z,0,0,,,,,,
1763366400,2025-11-17T08:00:00.000Z,0,0,,,,,,
1763368200,2025-11-17T08:30:00.000Z,0,0,,,,,,
1763370000,2025-11-17T09:00:00.000Z,0,0,,,,,,
1763371800,2025-11-17T09:30:00.000Z,0,0,,,,,,
1763373600,2025-11-17T10:00:00.000Z,0,0,,,,,,
1763375400,2025-11-17T10:30:00.000Z,0,0,,,,,,
1763377200,2025-11-17T11:00:00.000Z,0,0,,,,,,
1763379000,2025-11-17T11:30:00.000Z,0,0,,,,,,
1763380800,2025-11-17T12:00:00.000Z,0,0,,,,,,
1763382600,2025-11-17T12:30:00.000Z,0,0,,,,,,
1763384400,2025-11-17T13:00:00.000Z,0,0,,,,,,
1763386200,2025-11-17T13:30:00.000Z,0,0,,,,,,
1763388000,2025-11-17T14:00:00.000Z,0,0,,,,,,
1763389800,2025-11-17T14:30:00.000Z,0,0,,,,,,
1763391600,2025-11-17T15:00:00.000Z,0,1,,,,,,
1763393400,2025-11-17T15:30:00.000Z,0,0,,,,,,
1763395200,2025-11-17T16:00:00.000Z,0,0,,,,,,
1763397000,2025-11-17T16:30:00.000Z,0,0,,,,,,
1763398800,2025-11-17T17:00:00.000Z,0,0,,,,,,
1763400600,2025-11-17T17:30:00.000Z,0,0,,,,,,
1763402400,2025-11-17T18:00:00.000Z,0,0,,,,,,
1763404200,2025-11-17T18:30:00.000Z,0,0,,,,,,
1763406000,2025-11-17T19:00:00.000Z,0,0,,,,,,
1763407800,2025-11-17T19:30:00.000Z,0,0,,,,,,
1763409600,2025-11-17T20:00:00.000Z,0,0,,,,,,
1763411400,2025-11-17T20:30:00.000Z,0,0,,,,,,
1763413200,2025-11-17T21:00:00.000Z,0,0,,,,,,
1763415000,2025-11-17T21:30:00.000Z,0,0,,,,,,
1763416800,2025-11-17T22:00:00.000Z,0,0,,,,,,
1763418600,2025-11-17T22:30:00.000Z,0,0,,,,,,
1763427600,2025-11-18T01:00:00.000Z,0,0,,,,,,
1763429400,2025-11-18T01:30:00.000Z,0,0,,,,,,
1763431200,2025-11-18T02:00:00.000Z,0,0,,,,,,
1763433000,2025-11-18T02:30:00.000Z,0,0,,,,,,
1763434800,2025-11-18T03:00:00.000Z,0,0,,,,,,
1763436600,2025-11-18T03:30:00.000Z,0,0,,,,,,
1763438400,2025-11-18T04:00:00.000Z,0,0,,,,,,
1763440200,2025-11-18T04:30:00.000Z,0,0,,,,,,
1763442000,2025-11-18T05:00:00.000Z,0,0,,,,,,
1763443800,2025-11-18T05:30:00.000Z,0,0,,,,,,
1763445600,2025-11-18T06:00:00.000Z,0,0,,,,,,
1763447400,2025-11-18T06:30:00.000Z,0,0,,,,,,
1763449200,2025-11-18T07:00:00.000Z,0,0,,,,,,
1763451000,2025-11-18T07:30:00.000Z,0,0,,,,,,
1763452800,2025-11-18T08:00:00.000Z,0,0,,,,,,
1763454600,2025-11-18T08:30:00.000Z,0,0,,,,,,
1763456400,2025-11-18T09:00:00.000Z,0,0,,,,,,
1763458200,2025-11-18T09:30:00.000Z,0,0,,,,,,
1763460000,2025-11-18T10:00:00.000Z,0,0,,,,,,
1763461800,2025-11-18T10:30:00.000Z,0,0,,,,,,
1763463600,2025-11-18T11:00:00.000Z,0,0,,,,,,
1763465400,2025-11-18T11:30:00.000Z,0,0,,,,,,
1763467200,2025-11-18T12:00:00.000Z,0,0,,,,,,
1763469000,2025-11-18T12:30:00.000Z,0,0,,,,,,
1763470800,2025-11-18T13:00:00.000Z,0,0,,,,,,
1763472600,2025-11-18T13:30:00.000Z,0,0,,,,,,
1763474400,2025-11-18T14:00:00.000Z,0,0,,,,,,
1763476200,2025-11-18T14:30:00.000Z,0,0,,,,,,
1763478000,2025-11-18T15:00:00.000Z,0,0,,,,,,
1763479800,2025-11-18T15:30:00.000Z,0,0,,,,,,
1763481600,2025-11-18T16:00:00.000Z,1,0,,,,,,
1763483400,2025-11-18T16:30:00.000Z,0,0,,,,,,
1763485200,2025-11-18T17:00:00.000Z,0,0,,,,,,
1763487000,2025-11-18T17:30:00.000Z,0,0,,,,,,
1763488800,2025-11-18T18:00:00.000Z,0,0,,,,,,
1763490600,2025-11-18T18:30:00.000Z,0,0,,,,,,
1763492400,2025-11-18T19:00:00.000Z,0,0,,,,,,
1763494200,2025-11-18T19:30:00.000Z,0,0,,,,,,
1763496000,2025-11-18T20:00:00.000Z,0,0,,,,,,
1763497800,2025-11-18T20:30:00.000Z,0,0,,,,,,
1763499600,2025-11-18T21:00:00.000Z,0,0,,,,,,
1763501400,2025-11-18T21:30:00.000Z,0,0,,,,,,
1763503200,2025-11-18T22:00:00.000Z,0,0,,,,,,
1763505000,2025-11-18T22:30:00.000Z,0,0,,,,,,
1763514000,2025-11-19T01:00:00.000Z,0,0,,,,,,
1763515800,2025-11-19T01:30:00.000Z,0,0,,,,,,
1763517600,2025-11-19T02:00:00.000Z,0,0,,,,,,
1763519400,2025-11-19T02:30:00.000Z,0,0,,,,,,
1763521200,2025-11-19T03:00:00.000Z,0,0,,,,,,
1763523000,2025-11-19T03:30:00.000Z,0,0,,,,,,
1763524800,2025-11-19T04:00:00.000Z,0,0,,,,,,
1763526600,2025-11-19T04:30:00.000Z,0,0,,,,,,
1763528400,2025-11-19T05:00:00.000Z,0,0,,,,,,
1763530200,2025-11-19T05:30:00.000Z,0,0,,,,,,
1763532000,2025-11-19T06:00:00.000Z,0,0,,,,,,
1763533800,2025-11-19T06:30:00.000Z,0,0,,,,,,
1763535600,2025-11-19T07:00:00.000Z,0,0,,,,,,
1763537400,2025-11-19T07:30:00.000Z,0,0,,,,,,
1763539200,2025-11-19T08:00:00.000Z,0,0,,,,,,
1763541000,2025-11-19T08:30:00.000Z,0,0,,,,,,
1763542800,2025-11-19T09:00:00.000Z,0,0,,,,,,
1763544600,2025-11-19T09:30:00.000Z,0,0,,,,,,
1763546400,2025-11-19T10:00:00.000Z,0,0,,,,,,
1763548200,2025-11-19T10:30:00.000Z,0,0,,,,,,
1763550000,2025-11-19T11:00:00.000Z,0,0,,,,,,
1763551800,2025-11-19T11:30:00.000Z,0,0,,,,,,
1763553600,2025-11-19T12:00:00.000Z,0,0,,,,,,
1763555400,2025-11-19T12:30:00.000Z,0,0,,,,,,
1763557200,2025-11-19T13:00:00.000Z,0,0,,,,,,
1763559000,2025-11-19T13:30:00.000Z,0,0,,,,,,
1763560800,2025-11-19T14:00:00.000Z,0,0,,,,,,
1763562600,2025-11-19T14:30:00.000Z,0,0,,,,,,
1763564400,2025-11-19T15:00:00.000Z,0,0,,,,,,
1763566200,2025-11-19T15:30:00.000Z,0,0,,,,,,
1763568000,2025-11-19T16:00:00.000Z,0,0,,,,,,
1763569800,2025-11-19T16:30:00.000Z,0,0,,,,,,
1763571600,2025-11-19T17:00:00.000Z,0,0,,,,,,
1763573400,2025-11-19T17:30:00.000Z,0,0,,,,,,
1763575200,2025-11-19T18:00:00.000Z,0,0,,,,,,
1763577000,2025-11-19T18:30:00.000Z,0,0,,,,,,
1763578800,2025-11-19T19:00:00.000Z,0,0,,,,,,
1763580600,2025-11-19T19:30:00.000Z,0,0,,,,,,
1763582400,2025-11-19T20:00:00.000Z,0,0,,,,,,
1763584200,2025-11-19T20:30:00.000Z,0,0,,,,,,
1763586000,2025-11-19T21:00:00.000Z,0,0,,,,,,
1763587800,2025-11-19T21:30:00.000Z,0,0,,,,,,
1763589600,2025-11-19T22:00:00.000Z,0,0,,,,,,
1763591400,2025-11-19T22:30:00.000Z,0,0,,,,,,
1763600400,2025-11-20T01:00:00.000Z,0,0,,,,,,
1763602200,2025-11-20T01:30:00.000Z,0,0,,,,,,
1763604000,2025-11-20T02:00:00.000Z,0,0,,,,,,
1763605800,2025-11-20T02:30:00.000Z,0,0,,,,,,
1763607600,2025-11-20T03:00:00.000Z,0,0,,,,,,
1763609400,2025-11-20T03:30:00.000Z,0,0,,,,,,
1763611200,2025-11-20T04:00:00.000Z,0,0,,,,,,
1763613000,2025-11-20T04:30:00.000Z,0,0,,,,,,
1763614800,2025-11-20T05:00:00.000Z,0,0,,,,,,
1763616600,2025-11-20T05:30:00.000Z,0,0,,,,,,
1763618400,2025-11-20T06:00:00.000Z,0,0,,,,,,
1763620200,2025-11-20T06:30:00.000Z,0,0,,,,,,
1763622000,2025-11-20T07:00:00.000Z,0,0,,,,,,
1763623800,2025-11-20T07:30:00.000Z,0,0,,,,,,
1763625600,2025-11-20T08:00:00.000Z,0,0,,,,,,
1763627400,2025-11-20T08:30:00.000Z,0,0,,,,,,
1763629200,2025-11-20T09:00:00.000Z,0,0,,,,,,
1763631000,2025-11-20T09:30:00.000Z,0,0,,,,,,
1763632800,2025-11-20T10:00:00.000Z,0,0,,,,,,
1763634600,2025-11-20T10:30:00.000Z,0,0,,,,,,
1763636400,2025-11-20T11:00:00.000Z,0,0,,,,,,
1763638200,2025-11-20T11:30:00.000Z,0,0,,,,,,
1763640000,2025-11-20T12:00:00.000Z,0,0,,,,,,
1763641800,2025-11-20T12:30:00.000Z,0,0,,,,,,
1763643600,2025-11-20T13:00:00.000Z,0,0,,,,,,
1763645400,2025-11-20T13:30:00.000Z,0,0,,,,,,
1763647200,2025-11-20T14:00:00.000Z,0,0,,,,,,
1763649000,2025-11-20T14:30:00.000Z,0,0,,,,,,
1763650800,2025-11-20T15:00:00.000Z,0,0,,,,,,
1763652600,2025-11-20T15:30:00.000Z,0,0,,,,,,
1763654400,2025-11-20T16:00:00.000Z,0,0,,,,,,
1763656200,2025-11-20T16:30:00.000Z,0,0,,,,,,
1763658000,2025-11-20T17:00:00.000Z,0,0,,,,,,
1763659800,2025-11-20T17:30:00.000Z,0,0,,,,,,
1763661600,2025-11-20T18:00:00.000Z,0,0,,,,,,
1763663400,2025-11-20T18:30:00.000Z,0,0,,,,,,
1763665200,2025-11-20T19:00:00.000Z,0,0,,,,,,
1763667000,2025-11-20T19:30:00.000Z,0,0,,,,,,
1763668800,2025-11-20T20:00:00.000Z,0,0,,,,,,
1763670600,2025-11-20T20:30:00.000Z,0,0,,,,,,
1763672400,2025-11-20T21:00:00.000Z,0,0,,,,,,
1763674200,2025-11-20T21:30:00.000Z,0,0,,,,,,
1763676000,2025-11-20T22:00:00.000Z,0,0,,,,,,
1763677800,2025-11-20T22:30:00.000Z,0,0,,,,,,
1763686800,2025-11-21T01:00:00.000Z,0,0,,,,,,
1763688600,2025-11-21T01:30:00.000Z,0,0,,,,,,
1763690400,2025-11-21T02:00:00.000Z,0,0,,,,,,
1763692200,2025-11-21T02:30:00.000Z,0,0,,,,,,
1763694000,2025-11-21T03:00:00.000Z,0,0,,,,,,
1763695800,2025-11-21T03:30:00.000Z,0,0,,,,,,
1763697600,2025-11-21T04:00:00.000Z,0,0,,,,,,
1763699400,2025-11-21T04:30:00.000Z,0,0,,,,,,
1763701200,2025-11-21T05:00:00.000Z,0,0,,,,,,
1763703000,2025-11-21T05:30:00.000Z,0,0,,,,,,
1763704800,2025-11-21T06:00:00.000Z,0,0,,,,,,
1763706600,2025-11-21T06:30:00.000Z,0,0,,,,,,
1763708400,2025-11-21T07:00:00.000Z,0,0,,,,,,
1763710200,2025-11-21T07:30:00.000Z,0,0,,,,,,
1763712000,2025-11-21T08:00:00.000Z,0,0,,,,,,
1763713800,2025-11-21T08:30:00.000Z,0,0,,,,,,
1763715600,2025-11-21T09:00:00.000Z,0,0,,,,,,
1763717400,2025-11-21T09:30:00.000Z,0,0,,,,,,
1763719200,2025-11-21T10:00:00.000Z,0,0,,,,,,
1763721000,2025-11-21T10:30:00.000Z,0,0,,,,,,
1763722800,2025-11-21T11:00:00.000Z,0,0,,,,,,
1763724600,2025-11-21T11:30:00.000Z,0,0,,,,,,
1763726400,2025-11-21T12:00:00.000Z,0,0,,,,,,
1763728200,2025-11-21T12:30:00.000Z,0,0,,,,,,
1763730000,2025-11-21T13:00:00.000Z,0,0,,,,,,
1763731800,2025-11-21T13:30:00.000Z,0,0,,,,,,
1763733600,2025-11-21T14:00:00.000Z,0,0,,,,,,
1763735400,2025-11-21T14:30:00.000Z,0,0,,,,,,
1763737200,2025-11-21T15:00:00.000Z,0,0,,,,,,
1763739000,2025-11-21T15:30:00.000Z,0,0,,,,,,
1763740800,2025-11-21T16:00:00.000Z,0,0,,,,,,
1763742600,2025-11-21T16:30:00.000Z,0,0,,,,,,
1763744400,2025-11-21T17:00:00.000Z,0,0,,,,,,
1763746200,2025-11-21T17:30:00.000Z,0,0,,,,,,
1763748000,2025-11-21T18:00:00.000Z,0,0,,,,,,
1763749800,2025-11-21T18:30:00.000Z,0,0,,,,,,
1763751600,2025-11-21T19:00:00.000Z,0,0,,,,,,
1763753400,2025-11-21T19:30:00.000Z,0,0,,,,,,
1763755200,2025-11-21T20:00:00.000Z,0,0,,,,,,
1763757000,2025-11-21T20:30:00.000Z,0,0,,,,,,
1763758800,2025-11-21T21:00:00.000Z,0,0,,,,,,
1763760600,2025-11-21T21:30:00.000Z,0,0,,,,,,
1763762400,2025-11-21T22:00:00.000Z,0,0,,,,,,
1763764200,2025-11-21T22:30:00.000Z,0,0,,,,,,
1763938800,2025-11-23T23:00:00.000Z,0,0,,,,,,
1763940600,2025-11-23T23:30:00.000Z,0,0,,,,,,
1763942400,2025-11-24T00:00:00.000Z,0,0,,,,,,
1763944200,2025-11-24T00:30:00.000Z,0,0,,,,,,
1763946000,2025-11-24T01:00:00.000Z,0,0,,,,,,
1763947800,2025-11-24T01:30:00.000Z,0,0,,,,,,
1763949600,2025-11-24T02:00:00.000Z,0,0,,,,,,
1763951400,2025-11-24T02:30:00.000Z,0,0,,,,,,
1763953200,2025-11-24T03:00:00.000Z,0,0,,,,,,
1763955000,2025-11-24T03:30:00.000Z,0,0,,,,,,
1763956800,2025-11-24T04:00:00.000Z,0,0,,,,,,
1763958600,2025-11-24T04:30:00.000Z,0,0,,,,,,
1763960400,2025-11-24T05:00:00.000Z,0,0,,,,,,
1763962200,2025-11-24T05:30:00.000Z,0,0,,,,,,
1763964000,2025-11-24T06:00:00.000Z,0,0,,,,,,
1763965800,2025-11-24T06:30:00.000Z,0,0,,,,,,
1763967600,2025-11-24T07:00:00.000Z,0,0,,,,,,
1763969400,2025-11-24T07:30:00.000Z,0,0,,,,,,
1763971200,2025-11-24T08:00:00.000Z,0,0,,,,,,
1763973000,2025-11-24T08:30:00.000Z,0,0,,,,,,
1763974800,2025-11-24T09:00:00.000Z,0,0,,,,,,
1763976600,2025-11-24T09:30:00.000Z,0,0,,,,,,
1763978400,2025-11-24T10:00:00.000Z,0,0,,,,,,
1763980200,2025-11-24T10:30:00.000Z,0,0,,,,,,
1763982000,2025-11-24T11:00:00.000Z,0,0,,,,,,
1763983800,2025-11-24T11:30:00.000Z,1,0,,,,,,
1763985600,2025-11-24T12:00:00.000Z,0,0,,,,,,
1763987400,2025-11-24T12:30:00.000Z,0,0,,,,,,
1763989200,2025-11-24T13:00:00.000Z,0,0,,,,,,
1763991000,2025-11-24T13:30:00.000Z,0,0,,,,,,
1763992800,2025-11-24T14:00:00.000Z,0,0,,,,,,
1763994600,2025-11-24T14:30:00.000Z,0,0,,,,,,
1763996400,2025-11-24T15:00:00.000Z,0,0,,,,,,
1763998200,2025-11-24T15:30:00.000Z,0,0,,,,,,
1764000000,2025-11-24T16:00:00.000Z,0,0,,,,,,
1764001800,2025-11-24T16:30:00.000Z,0,0,,,,,,
1764003600,2025-11-24T17:00:00.000Z,0,0,,,,,,
1764005400,2025-11-24T17:30:00.000Z,0,0,,,,,,
1764007200,2025-11-24T18:00:00.000Z,0,0,,,,,,
1764009000,2025-11-24T18:30:00.000Z,0,0,,,,,,
1764010800,2025-11-24T19:00:00.000Z,0,0,,,,,,
1764012600,2025-11-24T19:30:00.000Z,0,0,,,,,,
1764014400,2025-11-24T20:00:00.000Z,0,0,,,,,,
1764016200,2025-11-24T20:30:00.000Z,0,0,,,,,,
1764018000,2025-11-24T21:00:00.000Z,0,0,,,,,,
1764019800,2025-11-24T21:30:00.000Z,0,0,,,,,,
1764021600,2025-11-24T22:00:00.000Z,0,0,,,,,,
1764023400,2025-11-24T22:30:00.000Z,0,0,,,,,,
1764032400,2025-11-25T01:00:00.000Z,0,0,,,,,,
1764034200,2025-11-25T01:30:00.000Z,0,0,,,,,,
1764036000,2025-11-25T02:00:00.000Z,0,0,,,,,,
1764037800,2025-11-25T02:30:00.000Z,0,0,,,,,,
1764039600,2025-11-25T03:00:00.000Z,0,0,,,,,,
1764041400,2025-11-25T03:30:00.000Z,0,0,,,,,,
1764043200,2025-11-25T04:00:00.000Z,0,0,,,,,,
1764045000,2025-11-25T04:30:00.000Z,0,0,,,,,,
1764046800,2025-11-25T05:00:00.000Z,0,0,,,,,,
1764048600,2025-11-25T05:30:00.000Z,0,0,,,,,,
1764050400,2025-11-25T06:00:00.000Z,0,0,,,,,,
1764052200,2025-11-25T06:30:00.000Z,0,0,,,,,,
1764054000,2025-11-25T07:00:00.000Z,0,0,,,,,,
1764055800,2025-11-25T07:30:00.000Z,0,0,,,,,,
1764057600,2025-11-25T08:00:00.000Z,0,0,,,,,,
1764059400,2025-11-25T08:30:00.000Z,0,0,,,,,,
1764061200,2025-11-25T09:00:00.000Z,0,0,,,,,,
1764063000,2025-11-25T09:30:00.000Z,0,0,,,,,,
1764064800,2025-11-25T10:00:00.000Z,0,0,,,,,,
1764066600,2025-11-25T10:30:00.000Z,0,0,,,,,,
1764068400,2025-11-25T11:00:00.000Z,0,0,,,,,,
1764070200,2025-11-25T11:30:00.000Z,0,0,,,,,,
1764072000,2025-11-25T12:00:00.000Z,0,0,,,,,,
1764073800,2025-11-25T12:30:00.000Z,0,0,,,,,,
1764075600,2025-11-25T13:00:00.000Z,0,0,,,,,,
1764077400,2025-11-25T13:30:00.000Z,0,0,,,,,,
1764079200,2025-11-25T14:00:00.000Z,0,0,,,,,,
1764081000,2025-11-25T14:30:00.000Z,0,0,,,,,,
1764082800,2025-11-25T15:00:00.000Z,0,0,,,,,,
1764084600,2025-11-25T15:30:00.000Z,0,0,,,,,,
1764086400,2025-11-25T16:00:00.000Z,0,0,,,,,,
1764088200,2025-11-25T16:30:00.000Z,0,0,,,,,,
1764090000,2025-11-25T17:00:00.000Z,0,0,,,,,,
1764091800,2025-11-25T17:30:00.000Z,0,0,,,,,,
1764093600,2025-11-25T18:00:00.000Z,0,0,,,,,,
1764095400,2025-11-25T18:30:00.000Z,0,0,,,,,,
1764097200,2025-11-25T19:00:00.000Z,0,0,,,,,,
1764099000,2025-11-25T19:30:00.000Z,0,0,,,,,,
1764100800,2025-11-25T20:00:00.000Z,0,0,,,,,,
1764102600,2025-11-25T20:30:00.000Z,0,0,,,,,,
1764104400,2025-11-25T21:00:00.000Z,0,0,,,,,,
1764106200,2025-11-25T21:30:00.000Z,0,0,,,,,,
1764108000,2025-11-25T22:00:00.000Z,0,0,,,,,,
1764109800,2025-11-25T22:30:00.000Z,0,0,,,,,,
1764118800,2025-11-26T01:00:00.000Z,0,0,,,,,,
1764120600,2025-11-26T01:30:00.000Z,0,0,,,,,,
1764122400,2025-11-26T02:00:00.000Z,0,0,,,,,,
1764124200,2025-11-26T02:30:00.000Z,0,0,,,,,,
1764126000,2025-11-26T03:00:00.000Z,0,0,,,,,,
1764127800,2025-11-26T03:30:00.000Z,0,0,,,,,,
1764129600,2025-11-26T04:00:00.000Z,0,0,,,,,,
1764131400,2025-11-26T04:30:00.000Z,0,0,,,,,,
1764133200,2025-11-26T05:00:00.000Z,0,0,,,,,,
1764135000,2025-11-26T05:30:00.000Z,0,0,,,,,,
1764136800,2025-11-26T06:00:00.000Z,0,0,,,,,,
1764138600,2025-11-26T06:30:00.000Z,0,0,,,,,,
1764140400,2025-11-26T07:00:00.000Z,0,0,,,,,,
1764142200,2025-11-26T07:30:00.000Z,0,0,,,,,,
1764144000,2025-11-26T08:00:00.000Z,0,0,,,,,,
1764145800,2025-11-26T08:30:00.000Z,0,0,,,,,,
1764147600,2025-11-26T09:00:00.000Z,0,0,,,,,,
1764149400,2025-11-26T09:30:00.000Z,0,0,,,,,,
1764151200,2025-11-26T10:00:00.000Z,0,0,,,,,,
1764153000,2025-11-26T10:30:00.000Z,0,0,,,,,,
1764154800,2025-11-26T11:00:00.000Z,0,0,,,,,,
1764156600,2025-11-26T11:30:00.000Z,0,0,,,,,,
1764158400,2025-11-26T12:00:00.000Z,0,0,,,,,,
1764160200,2025-11-26T12:30:00.000Z,0,0,,,,,,
1764162000,2025-11-26T13:00:00.000Z,0,0,,,,,,
1764163800,2025-11-26T13:30:00.000Z,0,0,,,,,,
1764165600,2025-11-26T14:00:00.000Z,0,0,,,,,,
1764167400,2025-11-26T14:30:00.000Z,0,0,,,,,,
1764169200,2025-11-26T15:00:00.000Z,0,0,,,,,,
1764171000,2025-11-26T15:30:00.000Z,0,0,,,,,,
1764172800,2025-11-26T16:00:00.000Z,0,0,,,,,,
1764174600,2025-11-26T16:30:00.000Z,0,0,,,,,,
1764176400,2025-11-26T17:00:00.000Z,0,0,,,,,,
1764178200,2025-11-26T17:30:00.000Z,0,0,,,,,,
1764180000,2025-11-26T18:00:00.000Z,0,0,,,,,,
1764181800,2025-11-26T18:30:00.000Z,0,0,,,,,,
1764183600,2025-11-26T19:00:00.000Z,0,0,,,,,,
1764185400,2025-11-26T19:30:00.000Z,0,0,,,,,,
1764187200,2025-11-26T20:00:00.000Z,0,0,,,,,,
1764189000,2025-11-26T20:30:00.000Z,0,0,,,,,,
1764190800,2025-11-26T21:00:00.000Z,0,0,,,,,,
1764192600,2025-11-26T21:30:00.000Z,0,0,,,,,,
1764194400,2025-11-26T22:00:00.000Z,0,0,,,,,,
1764196200,2025-11-26T22:30:00.000Z,0,0,,,,,,
1764205200,2025-11-27T01:00:00.000Z,0,0,,,,,,
1764207000,2025-11-27T01:30:00.000Z,0,0,,,,,,
1764208800,2025-11-27T02:00:00.000Z,0,0,,,,,,
1764210600,2025-11-27T02:30:00.000Z,0,0,,,,,,
1764212400,2025-11-27T03:00:00.000Z,0,0,,,,,,
1764214200,2025-11-27T03:30:00.000Z,0,0,,,,,,
1764216000,2025-11-27T04:00:00.000Z,0,0,,,,,,
1764217800,2025-11-27T04:30:00.000Z,0,0,,,,,,
1764219600,2025-11-27T05:00:00.000Z,0,0,,,,,,
1764221400,2025-11-27T05:30:00.000Z,0,0,,,,,,
1764223200,2025-11-27T06:00:00.000Z,0,0,,,,,,
1764225000,2025-11-27T06:30:00.000Z,0,0,,,,,,
1764226800,2025-11-27T07:00:00.000Z,0,0,,,,,,
1764228600,2025-11-27T07:30:00.000Z,0,0,,,,,,
1764230400,2025-11-27T08:00:00.000Z,0,0,,,,,,
1764232200,2025-11-27T08:30:00.000Z,0,0,,,,,,
1764234000,2025-11-27T09:00:00.000Z,0,0,,,,,,
1764235800,2025-11-27T09:30:00.000Z,0,0,,,,,,
1764237600,2025-11-27T10:00:00.000Z,0,0,,,,,,
1764239400,2025-11-27T10:30:00.000Z,0,0,,,,,,
1764241200,2025-11-27T11:00:00.000Z,0,0,,,,,,
1764243000,2025-11-27T11:30:00.000Z,0,0,,,,,,
1764244800,2025-11-27T12:00:00.000Z,0,0,,,,,,
1764246600,2025-11-27T12:30:00.000Z,0,0,,,,,,
1764248400,2025-11-27T13:00:00.000Z,0,0,,,,,,
1764250200,2025-11-27T13:30:00.000Z,0,0,,,,,,
1764252000,2025-11-27T14:00:00.000Z,0,0,,,,,,
1764253800,2025-11-27T14:30:00.000Z,0,0,,,,,,
1764255600,2025-11-27T15:00:00.000Z,0,0,,,,,,
1764257400,2025-11-27T15:30:00.000Z,0,0,,,,,,
1764259200,2025-11-27T16:00:00.000Z,0,0,,,,,,
1764261000,2025-11-27T16:30:00.000Z,0,0,,,,,,
1764262800,2025-11-27T17:00:00.000Z,0,0,,,,,,
1764264600,2025-11-27T17:30:00.000Z,0,0,,,,,,
1764266400,2025-11-27T18:00:00.000Z,0,0,,,,,,
1764291600,2025-11-28T01:00:00.000Z,0,0,,,,,,
1764293400,2025-11-28T01:30:00.000Z,0,0,,,,,,
1764295200,2025-11-28T02:00:00.000Z,0,0,,,,,,
1764297000,2025-11-28T02:30:00.000Z,0,0,,,,,,
1764298800,2025-11-28T03:00:00.000Z,0,0,,,,,,
1764300600,2025-11-28T03:30:00.000Z,0,0,,,,,,
1764302400,2025-11-28T04:00:00.000Z,0,0,,,,,,
1764304200,2025-11-28T04:30:00.000Z,0,0,,,,,,
1764306000,2025-11-28T05:00:00.000Z,0,0,,,,,,
1764307800,2025-11-28T05:30:00.000Z,0,0,,,,,,
1764309600,2025-11-28T06:00:00.000Z,0,0,,,,,,
1764311400,2025-11-28T06:30:00.000Z,0,0,,,,,,
1764313200,2025-11-28T07:00:00.000Z,0,0,,,,,,
1764315000,2025-11-28T07:30:00.000Z,0,0,,,,,,
1764316800,2025-11-28T08:00:00.000Z,0,0,,,,,,
1764318600,2025-11-28T08:30:00.000Z,0,0,,,,,,
1764320400,2025-11-28T09:00:00.000Z,0,0,,,,,,
1764322200,2025-11-28T09:30:00.000Z,0,0,,,,,,
1764324000,2025-11-28T10:00:00.000Z,0,0,,,,,,
1764325800,2025-11-28T10:30:00.000Z,0,0,,,,,,
1764327600,2025-11-28T11:00:00.000Z,0,0,,,,,,
1764329400,2025-11-28T11:30:00.000Z,0,0,,,,,,
1764331200,2025-11-28T12:00:00.000Z,0,0,,,,,,
1764333000,2025-11-28T12:30:00.000Z,0,0,,,,,,
1764334800,2025-11-28T13:00:00.000Z,0,0,,,,,,
1764336600,2025-11-28T13:30:00.000Z,0,0,,,,,,
1764338400,2025-11-28T14:00:00.000Z,0,0,,,,,,
1764340200,2025-11-28T14:30:00.000Z,0,0,,,,,,
1764342000,2025-11-28T15:00:00.000Z,0,0,,,,,,
1764343800,2025-11-28T15:30:00.000Z,0,0,,,,,,
1764345600,2025-11-28T16:00:00.000Z,0,0,,,,,,
1764347400,2025-11-28T16:30:00.000Z,0,0,,,,,,
1764349200,2025-11-28T17:00:00.000Z,0,0,,,,,,
1764351000,2025-11-28T17:30:00.000Z,0,0,,,,,,
1764352800,2025-11-28T18:00:00.000Z,0,0,,,,,,
1764354600,2025-11-28T18:30:00.000Z,0,0,,,,,,
1764356400,2025-11-28T19:00:00.000Z,0,1,,,,,,
1764358200,2025-11-28T19:30:00.000Z,0,0,,,,,,
1764543600,2025-11-30T23:00:00.000Z,0,0,,,,,,
1764545400,2025-11-30T23:30:00.000Z,0,0,,,,,,
1764547200,2025-12-01T00:00:00.000Z,0,0,,,,,,
1764549000,2025-12-01T00:30:00.000Z,0,0,,,,,,
1764550800,2025-12-01T01:00:00.000Z,0,0,,,,,,
1764552600,2025-12-01T01:30:00.000Z,0,0,,,,,,
1764554400,2025-12-01T02:00:00.000Z,0,0,,,,,,
1764556200,2025-12-01T02:30:00.000Z,0,0,,,,,,
1764558000,2025-12-01T03:00:00.000Z,0,0,,,,,,
1764559800,2025-12-01T03:30:00.000Z,0,0,,,,,,
1764561600,2025-12-01T04:00:00.000Z,0,0,,,,,,
1764563400,2025-12-01T04:30:00.000Z,0,0,,,,,,
1764565200,2025-12-01T05:00:00.000Z,0,0,,,,,,
1764567000,2025-12-01T05:30:00.000Z,0,0,,,,,,
1764568800,2025-12-01T06:00:00.000Z,0,0,,,,,,
1764570600,2025-12-01T06:30:00.000Z,0,0,,,,,,
1764572400,2025-12-01T07:00:00.000Z,0,0,,,,,,
1764574200,2025-12-01T07:30:00.000Z,0,0,,,,,,
1764576000,2025-12-01T08:00:00.000Z,0,0,,,,,,
1764577800,2025-12-01T08:30:00.000Z,0,0,,,,,,
1764579600,2025-12-01T09:00:00.000Z,0,0,,,,,,
1764581400,2025-12-01T09:30:00.000Z,0,0,,,,,,
1764583200,2025-12-01T10:00:00.000Z,0,0,,,,,,
1764585000,2025-12-01T10:30:00.000Z,0,0,,,,,,
1764586800,2025-12-01T11:00:00.000Z,0,1,,,,,,
1764588600,2025-12-01T11:30:00.000Z,0,0,,,,,,
1764590400,2025-12-01T12:00:00.000Z,0,0,,,,,,
1764592200,2025-12-01T12:30:00.000Z,0,0,,,,,,
1764594000,2025-12-01T13:00:00.000Z,0,0,,,,,,
1764595800,2025-12-01T13:30:00.000Z,0,0,,,,,,
1764597600,2025-12-01T14:00:00.000Z,0,0,,,,,,
1764599400,2025-12-01T14:30:00.000Z,0,0,,,,,,
1764601200,2025-12-01T15:00:00.000Z,0,0,,,,,,
1764603000,2025-12-01T15:30:00.000Z,0,0,,,,,,
1764604800,2025-12-01T16:00:00.000Z,0,0,,,,,,
1764606600,2025-12-01T16:30:00.000Z,0,0,,,,,,
1764608400,2025-12-01T17:00:00.000Z,0,0,,,,,,
1764610200,2025-12-01T17:30:00.000Z,0,0,,,,,,
1764612000,2025-12-01T18:00:00.000Z,0,0,,,,,,
1764613800,2025-12-01T18:30:00.000Z,0,0,,,,,,
1764615600,2025-12-01T19:00:00.000Z,0,0,,,,,,
1764617400,2025-12-01T19:30:00.000Z,0,0,,,,,,
1764619200,2025-12-01T20:00:00.000Z,0,0,,,,,,
1764621000,2025-12-01T20:30:00.000Z,0,0,,,,,,
1764622800,2025-12-01T21:00:00.000Z,0,0,,,,,,
1764624600,2025-12-01T21:30:00.000Z,0,0,,,,,,
1764626400,2025-12-01T22:00:00.000Z,0,0,,,,,,
1764628200,2025-12-01T22:30:00.000Z,0,0,,,,,,
1764637200,2025-12-02T01:00:00.000Z,0,0,,,,,,
1764639000,2025-12-02T01:30:00.000Z,0,0,,,,,,
1764640800,2025-12-02T02:00:00.000Z,0,0,,,,,,
1764642600,2025-12-02T02:30:00.000Z,0,0,,,,,,
1764644400,2025-12-02T03:00:00.000Z,0,0,,,,,,
1764646200,2025-12-02T03:30:00.000Z,0,0,,,,,,
1764648000,2025-12-02T04:00:00.000Z,0,0,,,,,,
1764649800,2025-12-02T04:30:00.000Z,0,0,,,,,,
1764651600,2025-12-02T05:00:00.000Z,0,0,,,,,,
1764653400,2025-12-02T05:30:00.000Z,0,0,,,,,,
1764655200,2025-12-02T06:00:00.000Z,0,0,,,,,,
1764657000,2025-12-02T06:30:00.000Z,0,0,,,,,,
1764658800,2025-12-02T07:00:00.000Z,0,0,,,,,,
1764660600,2025-12-02T07:30:00.000Z,0,0,,,,,,
1764662400,2025-12-02T08:00:00.000Z,0,0,,,,,,
1764664200,2025-12-02T08:30:00.000Z,0,0,,,,,,
1764666000,2025-12-02T09:00:00.000Z,0,0,,,,,,
1764667800,2025-12-02T09:30:00.000Z,0,0,,,,,,
1764669600,2025-12-02T10:00:00.000Z,0,0,,,,,,
1764671400,2025-12-02T10:30:00.000Z,0,0,,,,,,
1764673200,2025-12-02T11:00:00.000Z,0,0,,,,,,
1764675000,2025-12-02T11:30:00.000Z,0,0,,,,,,
1764676800,2025-12-02T12:00:00.000Z,0,0,,,,,,
1764678600,2025-12-02T12:30:00.000Z,0,0,,,,,,
1764680400,2025-12-02T13:00:00.000Z,0,0,,,,,,
1764682200,2025-12-02T13:30:00.000Z,0,0,,,,,,
1764684000,2025-12-02T14:00:00.000Z,0,0,,,,,,
1764685800,2025-12-02T14:30:00.000Z,0,0,,,,,,
1764687600,2025-12-02T15:00:00.000Z,0,0,,,,,,
1764689400,2025-12-02T15:30:00.000Z,0,0,,,,,,
1764691200,2025-12-02T16:00:00.000Z,0,0,,,,,,
1764693000,2025-12-02T16:30:00.000Z,0,0,,,,,,
1764694800,2025-12-02T17:00:00.000Z,0,0,,,,,,
1764696600,2025-12-02T17:30:00.000Z,0,0,,,,,,
1764698400,2025-12-02T18:00:00.000Z,0,0,,,,,,
1764700200,2025-12-02T18:30:00.000Z,0,0,,,,,,
1764702000,2025-12-02T19:00:00.000Z,0,0,,,,,,
1764703800,2025-12-02T19:30:00.000Z,0,0,,,,,,
1764705600,2025-12-02T20:00:00.000Z,0,0,,,,,,
1764707400,2025-12-02T20:30:00.000Z,0,0,,,,,,
1764709200,2025-12-02T21:00:00.000Z,0,0,,,,,,
1764711000,2025-12-02T21:30:00.000Z,0,0,,,,,,
1764712800,2025-12-02T22:00:00.000Z,0,0,,,,,,
1764714600,2025-12-02T22:30:00.000Z,0,0,,,,,,
1764723600,2025-12-03T01:00:00.000Z,0,0,,,,,,
1764725400,2025-12-03T01:30:00.000Z,0,0,,,,,,
1764727200,2025-12-03T02:00:00.000Z,0,0,,,,,,
1764729000,2025-12-03T02:30:00.000Z,0,0,,,,,,
1764730800,2025-12-03T03:00:00.000Z,0,0,,,,,,
1764732600,2025-12-03T03:30:00.000Z,0,0,,,,,,
1764734400,2025-12-03T04:00:00.000Z,0,0,,,,,,
1764736200,2025-12-03T04:30:00.000Z,0,0,,,,,,
1764738000,2025-12-03T05:00:00.000Z,0,0,,,,,,
1764739800,2025-12-03T05:30:00.000Z,0,0,,,,,,
1764741600,2025-12-03T06:00:00.000Z,0,0,,,,,,
1764743400,2025-12-03T06:30:00.000Z,0,0,,,,,,
1764745200,2025-12-03T07:00:00.000Z,0,0,,,,,,
1764747000,2025-12-03T07:30:00.000Z,0,0,,,,,,
1764748800,2025-12-03T08:00:00.000Z,0,0,,,,,,
1764750600,2025-12-03T08:30:00.000Z,0,0,,,,,,
1764752400,2025-12-03T09:00:00.000Z,0,0,,,,,,
1764754200,2025-12-03T09:30:00.000Z,0,0,,,,,,
1764756000,2025-12-03T10:00:00.000Z,0,0,,,,,,
1764757800,2025-12-03T10:30:00.000Z,0,0,,,,,,
1764759600,2025-12-03T11:00:00.000Z,0,0,,,,,,
1764761400,2025-12-03T11:30:00.000Z,0,0,,,,,,
1764763200,2025-12-03T12:00:00.000Z,0,0,,,,,,
1764765000,2025-12-03T12:30:00.000Z,0,0,,,,,,
1764766800,2025-12-03T13:00:00.000Z,0,0,,,,,,
1764768600,2025-12-03T13:30:00.000Z,0,0,,,,,,
1764770400,2025-12-03T14:00:00.000Z,0,0,,,,,,
1764772200,2025-12-03T14:30:00.000Z,0,0,,,,,,
1764774000,2025-12-03T15:00:00.000Z,0,0,,,,,,
1764775800,2025-12-03T15:30:00.000Z,0,0,,,,,,
1764777600,2025-12-03T16:00:00.000Z,0,0,,,,,,
1764779400,2025-12-03T16:30:00.000Z,0,0,,,,,,
1764781200,2025-12-03T17:00:00.000Z,0,0,,,,,,
1764783000,2025-12-03T17:30:00.000Z,0,0,,,,,,
1764784800,2025-12-03T18:00:00.000Z,0,0,,,,,,
1764786600,2025-12-03T18:30:00.000Z,0,0,,,,,,
1764788400,2025-12-03T19:00:00.000Z,0,0,,,,,,
1764790200,2025-12-03T19:30:00.000Z,0,0,,,,,,
1764792000,2025-12-03T20:00:00.000Z,0,0,,,,,,
1764793800,2025-12-03T20:30:00.000Z,0,0,,,,,,
1764795600,2025-12-03T21:00:00.000Z,0,0,,,,,,
1764797400,2025-12-03T21:30:00.000Z,0,0,,,,,,
1764799200,2025-12-03T22:00:00.000Z,0,0,,,,,,
1764801000,2025-12-03T22:30:00.000Z,0,0,,,,,,
1764810000,2025-12-04T01:00:00.000Z,0,0,,,,,,
1764811800,2025-12-04T01:30:00.000Z,0,0,,,,,,
1764813600,2025-12-04T02:00:00.000Z,0,0,,,,,,
1764815400,2025-12-04T02:30:00.000Z,0,0,,,,,,
1764817200,2025-12-04T03:00:00.000Z,0,0,,,,,,
1764819000,2025-12-04T03:30:00.000Z,0,0,,,,,,
1764820800,2025-12-04T04:00:00.000Z,0,0,,,,,,
1764822600,2025-12-04T04:30:00.000Z,0,0,,,,,,
1764824400,2025-12-04T05:00:00.000Z,0,0,,,,,,
1764826200,2025-12-04T05:30:00.000Z,0,0,,,,,,
1764828000,2025-12-04T06:00:00.000Z,0,0,,,,,,
1764829800,2025-12-04T06:30:00.000Z,0,0,,,,,,
1764831600,2025-12-04T07:00:00.000Z,0,0,,,,,,
1764833400,2025-12-04T07:30:00.000Z,0,0,,,,,,
1764835200,2025-12-04T08:00:00.000Z,0,0,,,,,,
1764837000,2025-12-04T08:30:00.000Z,0,0,,,,,,
1764838800,2025-12-04T09:00:00.000Z,0,0,,,,,,
1764840600,2025-12-04T09:30:00.000Z,0,0,,,,,,
1764842400,2025-12-04T10:00:00.000Z,0,0,,,,,,
1764844200,2025-12-04T10:30:00.000Z,0,0,,,,,,
1764846000,2025-12-04T11:00:00.000Z,0,0,,,,,,
1764847800,2025-12-04T11:30:00.000Z,0,0,,,,,,
1764849600,2025-12-04T12:00:00.000Z,0,0,,,,,,
1764851400,2025-12-04T12:30:00.000Z,0,0,,,,,,
1764853200,2025-12-04T13:00:00.000Z,0,0,,,,,,
1764855000,2025-12-04T13:30:00.000Z,0,0,,,,,,
1764856800,2025-12-04T14:00:00.000Z,0,0,,,,,,
1764858600,2025-12-04T14:30:00.000Z,0,0,,,,,,
1764860400,2025-12-04T15:00:00.000Z,0,0,,,,,,
1764862200,2025-12-04T15:30:00.000Z,0,0,,,,,,
1764864000,2025-12-04T16:00:00.000Z,0,0,,,,,,
1764865800,2025-12-04T16:30:00.000Z,0,0,,,,,,
1764867600,2025-12-04T17:00:00.000Z,0,0,,,,,,
1764869400,2025-12-04T17:30:00.000Z,0,0,,,,,,
1764871200,2025-12-04T18:00:00.000Z,0,0,,,,,,
1764873000,2025-12-04T18:30:00.000Z,0,0,,,,,,
1764874800,2025-12-04T19:00:00.000Z,0,0,,,,,,
1764876600,2025-12-04T19:30:00.000Z,0,0,,,,,,
1764878400,2025-12-04T20:00:00.000Z,0,0,,,,,,
1764880200,2025-12-04T20:30:00.000Z,0,0,,,,,,
1764882000,2025-12-04T21:00:00.000Z,0,0,,,,,,
1764883800,2025-12-04T21:30:00.000Z,0,0,,,,,,
1764885600,2025-12-04T22:00:00.000Z,0,0,,,,,,
1764887400,2025-12-04T22:30:00.000Z,0,0,,,,,,
1764896400,2025-12-05T01:00:00.000Z,0,0,,,,,,
1764898200,2025-12-05T01:30:00.000Z,0,0,,,,,,
1764900000,2025-12-05T02:00:00.000Z,0,1,,,,,,
1764901800,2025-12-05T02:30:00.000Z,0,0,,,,,,
1764903600,2025-12-05T03:00:00.000Z,0,0,,,,,,
1764905400,2025-12-05T03:30:00.000Z,0,0,,,,,,
1764907200,2025-12-05T04:00:00.000Z,0,0,,,,,,
1764909000,2025-12-05T04:30:00.000Z,0,0,,,,,,
1764910800,2025-12-05T05:00:00.000Z,0,0,,,,,,
1764912600,2025-12-05T05:30:00.000Z,0,0,,,,,,
1764914400,2025-12-05T06:00:00.000Z,0,0,,,,,,
1764916200,2025-12-05T06:30:00.000Z,0,0,,,,,,
1764918000,2025-12-05T07:00:00.000Z,0,0,,,,,,
1764919800,2025-12-05T07:30:00.000Z,0,0,,,,,,
1764921600,2025-12-05T08:00:00.000Z,0,0,,,,,,
1764923400,2025-12-05T08:30:00.000Z,0,0,,,,,,
1764925200,2025-12-05T09:00:00.000Z,0,0,,,,,,
1764927000,2025-12-05T09:30:00.000Z,0,0,,,,,,
1764928800,2025-12-05T10:00:00.000Z,0,0,,,,,,
1764930600,2025-12-05T10:30:00.000Z,0,0,,,,,,
1764932400,2025-12-05T11:00:00.000Z,0,0,,,,,,
1764934200,2025-12-05T11:30:00.000Z,0,0,,,,,,
1764936000,2025-12-05T12:00:00.000Z,0,0,,,,,,
1764937800,2025-12-05T12:30:00.000Z,0,0,,,,,,
1764939600,2025-12-05T13:00:00.000Z,0,0,,,,,,
1764941400,2025-12-05T13:30:00.000Z,0,0,,,,,,
1764943200,2025-12-05T14:00:00.000Z,0,0,,,,,,
1764945000,2025-12-05T14:30:00.000Z,0,0,,,,,,
1764946800,2025-12-05T15:00:00.000Z,0,0,,,,,,
1764948600,2025-12-05T15:30:00.000Z,0,0,,,,,,
1764950400,2025-12-05T16:00:00.000Z,0,0,,,,,,
1764952200,2025-12-05T16:30:00.000Z,0,0,,,,,,
1764954000,2025-12-05T17:00:00.000Z,0,0,,,,,,
1764955800,2025-12-05T17:30:00.000Z,0,0,,,,,,
1764957600,2025-12-05T18:00:00.000Z,0,0,,,,,,
1764959400,2025-12-05T18:30:00.000Z,0,0,,,,,,
1764961200,2025-12-05T19:00:00.000Z,0,0,,,,,,
1764963000,2025-12-05T19:30:00.000Z,0,0,,,,,,
1764964800,2025-12-05T20:00:00.000Z,0,0,,,,,,
1764966600,2025-12-05T20:30:00.000Z,0,0,,,,,,
1764968400,2025-12-05T21:00:00.000Z,0,0,,,,,,
1764970200,2025-12-05T21:30:00.000Z,0,0,,,,,,
1764972000,2025-12-05T22:00:00.000Z,0,0,,,,,,
1764973800,2025-12-05T22:30:00.000Z,0,0,,,,,,
1765148400,2025-12-07T23:00:00.000Z,0,0,,,,,,
1765150200,2025-12-07T23:30:00.000Z,0,0,,,,,,
1765152000,2025-12-08T00:00:00.000Z,0,0,,,,,,
1765153800,2025-12-08T00:30:00.000Z,0,0,,,,,,
1765155600,2025-12-08T01:00:00.000Z,0,0,,,,,,
1765157400,2025-12-08T01:30:00.000Z,0,0,,,,,,
1765159200,2025-12-08T02:00:00.000Z,0,0,,,,,,
1765161000,2025-12-08T02:30:00.000Z,0,0,,,,,,
1765162800,2025-12-08T03:00:00.000Z,0,0,,,,,,
1765164600,2025-12-08T03:30:00.000Z,0,0,,,,,,
1765166400,2025-12-08T04:00:00.000Z,0,0,,,,,,
1765168200,2025-12-08T04:30:00.000Z,0,0,,,,,,
1765170000,2025-12-08T05:00:00.000Z,0,0,,,,,,
1765171800,2025-12-08T05:30:00.000Z,0,0,,,,,,
1765173600,2025-12-08T06:00:00.000Z,0,0,,,,,,
1765175400,2025-12-08T06:30:00.000Z,0,0,,,,,,
1765177200,2025-12-08T07:00:00.000Z,0,0,,,,,,
1765179000,2025-12-08T07:30:00.000Z,0,0,,,,,,
1765180800,2025-12-08T08:00:00.000Z,0,0,,,,,,
1765182600,2025-12-08T08:30:00.000Z,0,0,,,,,,
1765184400,2025-12-08T09:00:00.000Z,0,0,,,,,,
1765186200,2025-12-08T09:30:00.000Z,0,0,,,,,,
1765188000,2025-12-08T10:00:00.000Z,0,0,,,,,,
1765189800,2025-12-08T10:30:00.000Z,0,0,,,,,,
1765191600,2025-12-08T11:00:00.000Z,0,0,,,,,,
1765193400,2025-12-08T11:30:00.000Z,0,0,,,,,,
1765195200,2025-12-08T12:00:00.000Z,0,0,,,,,,
1765197000,2025-12-08T12:30:00.000Z,0,0,,,,,,
1765198800,2025-12-08T13:00:00.000Z,0,0,,,,,,
1765200600,2025-12-08T13:30:00.000Z,0,0,,,,,,
1765202400,2025-12-08T14:00:00.000Z,0,0,,,,,,
1765204200,2025-12-08T14:30:00.000Z,0,0,,,,,,
1765206000,2025-12-08T15:00:00.000Z,0,0,,,,,,
1765207800,2025-12-08T15:30:00.000Z,0,0,,,,,,
1765209600,2025-12-08T16:00:00.000Z,0,0,,,,,,
1765211400,2025-12-08T16:30:00.000Z,0,0,,,,,,
1765213200,2025-12-08T17:00:00.000Z,0,0,,,,,,
1765215000,2025-12-08T17:30:00.000Z,0,0,,,,,,
1765216800,2025-12-08T18:00:00.000Z,0,0,,,,,,
1765218600,2025-12-08T18:30:00.000Z,0,0,,,,,,
1765220400,2025-12-08T19:00:00.000Z,0,0,,,,,,
1765222200,2025-12-08T19:30:00.000Z,0,0,,,,,,
1765224000,2025-12-08T20:00:00.000Z,0,0,,,,,,
1765225800,2025-12-08T20:30:00.000Z,0,0,,,,,,
1765227600,2025-12-08T21:00:00.000Z,0,0,,,,,,
1765229400,2025-12-08T21:30:00.000Z,0,0,,,,,,
1765231200,2025-12-08T22:00:00.000Z,0,0,,,,,,
1765233000,2025-12-08T22:30:00.000Z,0,0,,,,,,
1765242000,2025-12-09T01:00:00.000Z,0,0,,,,,,
1765243800,2025-12-09T01:30:00.000Z,0,0,,,,,,
1765245600,2025-12-09T02:00:00.000Z,0,0,,,,,,
1765247400,2025-12-09T02:30:00.000Z,0,0,,,,,,
1765249200,2025-12-09T03:00:00.000Z,0,0,,,,,,
1765251000,2025-12-09T03:30:00.000Z,0,0,,,,,,
1765252800,2025-12-09T04:00:00.000Z,0,0,,,,,,
1765254600,2025-12-09T04:30:00.000Z,0,0,,,,,,
1765256400,2025-12-09T05:00:00.000Z,0,0,,,,,,
1765258200,2025-12-09T05:30:00.000Z,0,0,,,,,,
1765260000,2025-12-09T06:00:00.000Z,0,0,,,,,,
1765261800,2025-12-09T06:30:00.000Z,0,0,,,,,,
1765263600,2025-12-09T07:00:00.000Z,0,0,,,,,,
1765265400,2025-12-09T07:30:00.000Z,0,0,,,,,,
1765267200,2025-12-09T08:00:00.000Z,0,0,,,,,,
1765269000,2025-12-09T08:30:00.000Z,0,0,,,,,,
1765270800,2025-12-09T09:00:00.000Z,0,0,,,,,,
1765272600,2025-12-09T09:30:00.000Z,0,0,,,,,,
1765274400,2025-12-09T10:00:00.000Z,0,0,,,,,,
1765276200,2025-12-09T10:30:00.000Z,0,0,,,,,,
1765278000,2025-12-09T11:00:00.000Z,0,0,,,,,,
1765279800,2025-12-09T11:30:00.000Z,0,0,,,,,,
1765281600,2025-12-09T12:00:00.000Z,0,0,,,,,,
1765283400,2025-12-09T12:30:00.000Z,0,0,,,,,,
1765285200,2025-12-09T13:00:00.000Z,0,0,,,,,,
1765287000,2025-12-09T13:30:00.000Z,0,0,,,,,,
1765288800,2025-12-09T14:00:00.000Z,0,0,,,,,,
1765290600,2025-12-09T14:30:00.000Z,0,0,,,,,,
1765292400,2025-12-09T15:00:00.000Z,0,0,,,,,,
1765294200,2025-12-09T15:30:00.000Z,0,0,,,,,,
1765296000,2025-12-09T16:00:00.000Z,0,0,,,,,,
1765297800,2025-12-09T16:30:00.000Z,0,0,,,,,,
1765299600,2025-12-09T17:00:00.000Z,0,0,,,,,,
1765301400,2025-12-09T17:30:00.000Z,0,0,,,,,,
1765303200,2025-12-09T18:00:00.000Z,0,0,,,,,,
1765305000,2025-12-09T18:30:00.000Z,0,0,,,,,,
1765306800,2025-12-09T19:00:00.000Z,0,0,,,,,,
1765308600,2025-12-09T19:30:00.000Z,0,0,,,,,,
1765310400,2025-12-09T20:00:00.000Z,0,0,,,,,,
1765312200,2025-12-09T20:30:00.000Z,0,0,,,,,,
1765314000,2025-12-09T21:00:00.000Z,0,0,,,,,,
1765315800,2025-12-09T21:30:00.000Z,0,0,,,,,,
1765317600,2025-12-09T22:00:00.000Z,1,0,,,,,,
1765319400,2025-12-09T22:30:00.000Z,0,0,,,,,,
1765328400,2025-12-10T01:00:00.000Z,0,0,,,,,,
1765330200,2025-12-10T01:30:00.000Z,0,0,,,,,,
1765332000,2025-12-10T02:00:00.000Z,0,0,,,,,,
1765333800,2025-12-10T02:30:00.000Z,0,0,,,,,,
1765335600,2025-12-10T03:00:00.000Z,0,0,,,,,,
1765337400,2025-12-10T03:30:00.000Z,0,0,,,,,,
1765339200,2025-12-10T04:00:00.000Z,0,0,,,,,,
1765341000,2025-12-10T04:30:00.000Z,0,0,,,,,,
1765342800,2025-12-10T05:00:00.000Z,0,0,,,,,,
1765344600,2025-12-10T05:30:00.000Z,0,0,,,,,,
1765346400,2025-12-10T06:00:00.000Z,0,0,,,,,,
1765348200,2025-12-10T06:30:00.000Z,0,0,,,,,,
1765350000,2025-12-10T07:00:00.000Z,0,0,,,,,,
1765351800,2025-12-10T07:30:00.000Z,0,0,,,,,,
1765353600,2025-12-10T08:00:00.000Z,0,0,,,,,,
1765355400,2025-12-10T08:30:00.000Z,0,0,,,,,,
1765357200,2025-12-10T09:00:00.000Z,0,0,,,,,,
1765359000,2025-12-10T09:30:00.000Z,0,0,,,,,,
1765360800,2025-12-10T10:00:00.000Z,0,0,,,,,,
1765362600,2025-12-10T10:30:00.000Z,0,0,,,,,,
1765364400,2025-12-10T11:00:00.000Z,0,0,,,,,,
1765366200,2025-12-10T11:30:00.000Z,0,0,,,,,,
1765368000,2025-12-10T12:00:00.000Z,0,0,,,,,,
1765369800,2025-12-10T12:30:00.000Z,0,0,,,,,,
1765371600,2025-12-10T13:00:00.000Z,0,0,,,,,,
1765373400,2025-12-10T13:30:00.000Z,0,0,,,,,,
1765375200,2025-12-10T14:00:00.000Z,0,0,,,,,,
1765377000,2025-12-10T14:30:00.000Z,0,0,,,,,,
1765378800,2025-12-10T15:00:00.000Z,0,0,,,,,,
1765380600,2025-12-10T15:30:00.000Z,0,0,,,,,,
1765382400,2025-12-10T16:00:00.000Z,0,0,,,,,,
1765384200,2025-12-10T16:30:00.000Z,0,0,,,,,,
1765386000,2025-12-10T17:00:00.000Z,1,0,,,,,,
1765387800,2025-12-10T17:30:00.000Z,0,0,,,,,,
1765389600,2025-12-10T18:00:00.000Z,0,0,,,,,,
1765391400,2025-12-10T18:30:00.000Z,0,0,,,,,,
1765393200,2025-12-10T19:00:00.000Z,0,0,,,,,,
1765395000,2025-12-10T19:30:00.000Z,0,0,,,,,,
1765396800,2025-12-10T20:00:00.000Z,0,0,,,,,,
1765398600,2025-12-10T20:30:00.000Z,0,0,,,,,,
1765400400,2025-12-10T21:00:00.000Z,0,0,,,,,,
1765402200,2025-12-10T21:30:00.000Z,0,0,,,,,,
1765404000,2025-12-10T22:00:00.000Z,0,0,,,,,,
1765405800,2025-12-10T22:30:00.000Z,0,0,,,,,,
1765414800,2025-12-11T01:00:00.000Z,0,0,,,,,,
1765416600,2025-12-11T01:30:00.000Z,0,0,,,,,,
1765418400,2025-12-11T02:00:00.000Z,0,0,,,,,,
1765420200,2025-12-11T02:30:00.000Z,0,0,,,,,,
1765422000,2025-12-11T03:00:00.000Z,0,0,,,,,,
1765423800,2025-12-11T03:30:00.000Z,0,0,,,,,,
1765425600,2025-12-11T04:00:00.000Z,0,0,,,,,,
1765427400,2025-12-11T04:30:00.000Z,0,0,,,,,,
1765429200,2025-12-11T05:00:00.000Z,0,0,,,,,,
1765431000,2025-12-11T05:30:00.000Z,0,0,,,,,,
1765432800,2025-12-11T06:00:00.000Z,0,0,,,,,,
1765434600,2025-12-11T06:30:00.000Z,0,0,,,,,,
1765436400,2025-12-11T07:00:00.000Z,0,0,,,,,,
1765438200,2025-12-11T07:30:00.000Z,0,0,,,,,,
1765440000,2025-12-11T08:00:00.000Z,0,0,,,,,,
1765441800,2025-12-11T08:30:00.000Z,0,0,,,,,,
1765443600,2025-12-11T09:00:00.000Z,0,0,,,,,,
1765445400,2025-12-11T09:30:00.000Z,0,0,,,,,,
1765447200,2025-12-11T10:00:00.000Z,0,0,,,,,,
1765449000,2025-12-11T10:30:00.000Z,0,0,,,,,,
1765450800,2025-12-11T11:00:00.000Z,0,0,,,,,,
1765452600,2025-12-11T11:30:00.000Z,0,0,,,,,,
1765454400,2025-12-11T12:00:00.000Z,0,0,,,,,,
1765456200,2025-12-11T12:30:00.000Z,0,0,,,,,,
1765458000,2025-12-11T13:00:00.000Z,0,0,,,,,,
1765459800,2025-12-11T13:30:00.000Z,0,0,,,,,,
1765461600,2025-12-11T14:00:00.000Z,0,0,,,,,,
1765463400,2025-12-11T14:30:00.000Z,0,0,,,,,,
1765465200,2025-12-11T15:00:00.000Z,0,0,,,,,,
1765467000,2025-12-11T15:30:00.000Z,0,0,,,,,,
1765468800,2025-12-11T16:00:00.000Z,0,0,,,,,,
1765470600,2025-12-11T16:30:00.000Z,0,0,,,,,,
1765472400,2025-12-11T17:00:00.000Z,0,0,,,,,,
1765474200,2025-12-11T17:30:00.000Z,0,0,,,,,,
1765476000,2025-12-11T18:00:00.000Z,0,0,,,,,,
1765477800,2025-12-11T18:30:00.000Z,0,0,,,,,,
1765479600,2025-12-11T19:00:00.000Z,0,0,,,,,,
1765481400,2025-12-11T19:30:00.000Z,0,0,,,,,,
1765483200,2025-12-11T20:00:00.000Z,0,0,,,,,,
1765485000,2025-12-11T20:30:00.000Z,0,0,,,,,,
1765486800,2025-12-11T21:00:00.000Z,0,0,,,,,,
1765488600,2025-12-11T21:30:00.000Z,0,0,,,,,,
1765490400,2025-12-11T22:00:00.000Z,0,0,,,,,,
1765492200,2025-12-11T22:30:00.000Z,0,0,,,,,,
1765501200,2025-12-12T01:00:00.000Z,0,0,,,,,,
1765503000,2025-12-12T01:30:00.000Z,0,0,,,,,,
1765504800,2025-12-12T02:00:00.000Z,0,0,,,,,,
1765506600,2025-12-12T02:30:00.000Z,0,0,,,,,,
1765508400,2025-12-12T03:00:00.000Z,0,0,,,,,,
1765510200,2025-12-12T03:30:00.000Z,0,0,,,,,,
1765512000,2025-12-12T04:00:00.000Z,0,0,,,,,,
1765513800,2025-12-12T04:30:00.000Z,0,0,,,,,,
1765515600,2025-12-12T05:00:00.000Z,0,0,,,,,,
1765517400,2025-12-12T05:30:00.000Z,0,0,,,,,,
1765519200,2025-12-12T06:00:00.000Z,0,0,,,,,,
1765521000,2025-12-12T06:30:00.000Z,0,0,,,,,,
1765522800,2025-12-12T07:00:00.000Z,0,0,,,,,,
1765524600,2025-12-12T07:30:00.000Z,0,0,,,,,,
1765526400,2025-12-12T08:00:00.000Z,0,0,,,,,,
1765528200,2025-12-12T08:30:00.000Z,0,0,,,,,,
1765530000,2025-12-12T09:00:00.000Z,0,0,,,,,,
1765531800,2025-12-12T09:30:00.000Z,0,0,,,,,,
1765533600,2025-12-12T10:00:00.000Z,0,0,,,,,,
1765535400,2025-12-12T10:30:00.000Z,0,0,,,,,,
1765537200,2025-12-12T11:00:00.000Z,0,0,,,,,,
1765539000,2025-12-12T11:30:00.000Z,0,0,,,,,,
1765540800,2025-12-12T12:00:00.000Z,0,0,,,,,,
1765542600,2025-12-12T12:30:00.000Z,0,0,,,,,,
1765544400,2025-12-12T13:00:00.000Z,0,0,,,,,,
1765546200,2025-12-12T13:30:00.000Z,0,0,,,,,,
1765548000,2025-12-12T14:00:00.000Z,0,0,,,,,,
1765549800,2025-12-12T14:30:00.000Z,0,0,,,,,,
1765551600,2025-12-12T15:00:00.000Z,0,0,,,,,,
1765553400,2025-12-12T15:30:00.000Z,0,0,,,,,,
1765555200,2025-12-12T16:00:00.000Z,0,0,,,,,,
1765557000,2025-12-12T16:30:00.000Z,0,0,,,,,,
1765558800,2025-12-12T17:00:00.000Z,1,0,,,,,,
1765560600,2025-12-12T17:30:00.000Z,0,0,,,,,,
1765562400,2025-12-12T18:00:00.000Z,0,0,,,,,,
1765564200,2025-12-12T18:30:00.000Z,0,0,,,,,,
1765566000,2025-12-12T19:00:00.000Z,0,0,,,,,,
1765567800,2025-12-12T19:30:00.000Z,0,0,,,,,,
1765569600,2025-12-12T20:00:00.000Z,0,0,,,,,,
1765571400,2025-12-12T20:30:00.000Z,0,0,,,,,,
1765573200,2025-12-12T21:00:00.000Z,0,0,,,,,,
1765575000,2025-12-12T21:30:00.000Z,0,0,,,,,,
1765576800,2025-12-12T22:00:00.000Z,0,0,,,,,,
1765578600,2025-12-12T22:30:00.000Z,0,0,,,,,,
1765753200,2025-12-14T23:00:00.000Z,0,0,,,,,,
1765755000,2025-12-14T23:30:00.000Z,0,0,,,,,,
1765756800,2025-12-15T00:00:00.000Z,0,0,,,,,,
1765758600,2025-12-15T00:30:00.000Z,0,0,,,,,,
1765760400,2025-12-15T01:00:00.000Z,0,0,,,,,,
1765762200,2025-12-15T01:30:00.000Z,0,0,,,,,,
1765764000,2025-12-15T02:00:00.000Z,0,0,,,,,,
1765765800,2025-12-15T02:30:00.000Z,0,0,,,,,,
1765767600,2025-12-15T03:00:00.000Z,0,0,,,,,,
1765769400,2025-12-15T03:30:00.000Z,0,0,,,,,,
1765771200,2025-12-15T04:00:00.000Z,0,0,,,,,,
1765773000,2025-12-15T04:30:00.000Z,0,0,,,,,,
1765774800,2025-12-15T05:00:00.000Z,0,0,,,,,,
1765776600,2025-12-15T05:30:00.000Z,0,0,,,,,,
1765778400,2025-12-15T06:00:00.000Z,0,0,,,,,,
1765780200,2025-12-15T06:30:00.000Z,0,0,,,,,,
1765782000,2025-12-15T07:00:00.000Z,0,0,,,,,,
1765783800,2025-12-15T07:30:00.000Z,0,0,,,,,,
1765785600,2025-12-15T08:00:00.000Z,0,0,,,,,,
1765787400,2025-12-15T08:30:00.000Z,0,0,,,,,,
1765789200,2025-12-15T09:00:00.000Z,0,0,,,,,,
1765791000,2025-12-15T09:30:00.000Z,0,0,,,,,,
1765792800,2025-12-15T10:00:00.000Z,0,0,,,,,,
1765794600,2025-12-15T10:30:00.000Z,0,0,,,,,,
1765796400,2025-12-15T11:00:00.000Z,0,0,,,,,,
1765798200,2025-12-15T11:30:00.000Z,0,0,,,,,,
1765800000,2025-12-15T12:00:00.000Z,0,0,,,,,,
1765801800,2025-12-15T12:30:00.000Z,0,0,,,,,,
1765803600,2025-12-15T13:00:00.000Z,0,0,,,,,,
1765805400,2025-12-15T13:30:00.000Z,0,0,,,,,,
1765807200,2025-12-15T14:00:00.000Z,0,0,,,,,,
1765809000,2025-12-15T14:30:00.000Z,0,0,,,,,,
1765810800,2025-12-15T15:00:00.000Z,0,0,,,,,,
1765812600,2025-12-15T15:30:00.000Z,0,0,,,,,,
1765814400,2025-12-15T16:00:00.000Z,0,0,,,,,,
1765816200,2025-12-15T16:30:00.000Z,0,0,,,,,,
1765818000,2025-12-15T17:00:00.000Z,0,0,,,,,,
1765819800,2025-12-15T17:30:00.000Z,0,0,,,,,,
1765821600,2025-12-15T18:00:00.000Z,0,0,,,,,,
1765823400,2025-12-15T18:30:00.000Z,0,0,,,,,,
1765825200,2025-12-15T19:00:00.000Z,0,0,,,,,,
1765827000,2025-12-15T19:30:00.000Z,0,0,,,,,,
1765828800,2025-12-15T20:00:00.000Z,0,0,,,,,,
1765830600,2025-12-15T20:30:00.000Z,0,0,,,,,,
1765832400,2025-12-15T21:00:00.000Z,0,0,,,,,,
1765834200,2025-12-15T21:30:00.000Z,0,0,,,,,,
1765836000,2025-12-15T22:00:00.000Z,0,0,,,,,,
1765837800,2025-12-15T22:30:00.000Z,0,0,,,,,,
1765846800,2025-12-16T01:00:00.000Z,0,0,,,,,,
1765848600,2025-12-16T01:30:00.000Z,0,0,,,,,,
1765850400,2025-12-16T02:00:00.000Z,0,0,,,,,,
1765852200,2025-12-16T02:30:00.000Z,0,0,,,,,,
1765854000,2025-12-16T03:00:00.000Z,0,0,,,,,,
1765855800,2025-12-16T03:30:00.000Z,0,0,,,,,,
1765857600,2025-12-16T04:00:00.000Z,0,0,,,,,,
1765859400,2025-12-16T04:30:00.000Z,0,0,,,,,,
1765861200,2025-12-16T05:00:00.000Z,0,0,,,,,,
1765863000,2025-12-16T05:30:00.000Z,0,0,,,,,,
1765864800,2025-12-16T06:00:00.000Z,0,0,,,,,,
1765866600,2025-12-16T06:30:00.000Z,0,0,,,,,,
1765868400,2025-12-16T07:00:00.000Z,0,0,,,,,,
1765870200,2025-12-16T07:30:00.000Z,0,0,,,,,,
1765872000,2025-12-16T08:00:00.000Z,0,0,,,,,,
1765873800,2025-12-16T08:30:00.000Z,0,0,,,,,,
1765875600,2025-12-16T09:00:00.000Z,0,0,,,,,,
1765877400,2025-12-16T09:30:00.000Z,0,0,,,,,,
1765879200,2025-12-16T10:00:00.000Z,0,0,,,,,,
1765881000,2025-12-16T10:30:00.000Z,0,0,,,,,,
1765882800,2025-12-16T11:00:00.000Z,0,0,,,,,,
1765884600,2025-12-16T11:30:00.000Z,0,0,,,,,,
1765886400,2025-12-16T12:00:00.000Z,0,0,,,,,,
1765888200,2025-12-16T12:30:00.000Z,0,0,,,,,,
1765890000,2025-12-16T13:00:00.000Z,0,0,,,,,,
1765891800,2025-12-16T13:30:00.000Z,0,0,,,,,,
1765893600,2025-12-16T14:00:00.000Z,0,0,,,,,,
1765895400,2025-12-16T14:30:00.000Z,0,0,,,,,,
1765897200,2025-12-16T15:00:00.000Z,0,0,,,,,,
1765899000,2025-12-16T15:30:00.000Z,0,0,,,,,,
1765900800,2025-12-16T16:00:00.000Z,0,0,,,,,,
1765902600,2025-12-16T16:30:00.000Z,0,0,,,,,,
1765904400,2025-12-16T17:00:00.000Z,0,0,,,,,,
1765906200,2025-12-16T17:30:00.000Z,0,0,,,,,,
1765908000,2025-12-16T18:00:00.000Z,0,0,,,,,,
1765909800,2025-12-16T18:30:00.000Z,0,0,,,,,,
1765911600,2025-12-16T19:00:00.000Z,0,0,,,,,,
1765913400,2025-12-16T19:30:00.000Z,0,0,,,,,,
1765915200,2025-12-16T20:00:00.000Z,0,0,,,,,,
1765917000,2025-12-16T20:30:00.000Z,0,0,,,,,,
1765918800,2025-12-16T21:00:00.000Z,0,0,,,,,,
1765920600,2025-12-16T21:30:00.000Z,0,0,,,,,,
1765922400,2025-12-16T22:00:00.000Z,0,0,,,,,,
1765924200,2025-12-16T22:30:00.000Z,0,0,,,,,,
1765933200,2025-12-17T01:00:00.000Z,0,0,,,,,,
1765935000,2025-12-17T01:30:00.000Z,0,0,,,,,,
1765936800,2025-12-17T02:00:00.000Z,0,0,,,,,,
1765938600,2025-12-17T02:30:00.000Z,0,0,,,,,,
1765940400,2025-12-17T03:00:00.000Z,0,0,,,,,,
1765942200,2025-12-17T03:30:00.000Z,0,0,,,,,,
1765944000,2025-12-17T04:00:00.000Z,0,0,,,,,,
1765945800,2025-12-17T04:30:00.000Z,0,0,,,,,,
1765947600,2025-12-17T05:00:00.000Z,0,0,,,,,,
1765949400,2025-12-17T05:30:00.000Z,0,0,,,,,,
1765951200,2025-12-17T06:00:00.000Z,0,0,,,,,,
1765953000,2025-12-17T06:30:00.000Z,0,0,,,,,,
1765954800,2025-12-17T07:00:00.000Z,0,0,,,,,,
1765956600,2025-12-17T07:30:00.000Z,0,0,,,,,,
1765958400,2025-12-17T08:00:00.000Z,0,0,,,,,,
1765960200,2025-12-17T08:30:00.000Z,0,0,,,,,,
1765962000,2025-12-17T09:00:00.000Z,0,0,,,,,,
1765963800,2025-12-17T09:30:00.000Z,0,0,,,,,,
1765965600,2025-12-17T10:00:00.000Z,0,0,,,,,,
1765967400,2025-12-17T10:30:00.000Z,0,0,,,,,,
1765969200,2025-12-17T11:00:00.000Z,0,0,,,,,,
1765971000,2025-12-17T11:30:00.000Z,0,0,,,,,,
1765972800,2025-12-17T12:00:00.000Z,0,0,,,,,,
1765974600,2025-12-17T12:30:00.000Z,0,0,,,,,,
1765976400,2025-12-17T13:00:00.000Z,0,0,,,,,,
1765978200,2025-12-17T13:30:00.000Z,0,0,,,,,,
1765980000,2025-12-17T14:00:00.000Z,0,0,,,,,,
1765981800,2025-12-17T14:30:00.000Z,0,0,,,,,,
1765983600,2025-12-17T15:00:00.000Z,0,0,,,,,,
1765985400,2025-12-17T15:30:00.000Z,0,0,,,,,,
1765987200,2025-12-17T16:00:00.000Z,0,0,,,,,,
1765989000,2025-12-17T16:30:00.000Z,0,0,,,,,,
1765990800,2025-12-17T17:00:00.000Z,0,0,,,,,,
1765992600,2025-12-17T17:30:00.000Z,0,0,,,,,,
1765994400,2025-12-17T18:00:00.000Z,0,0,,,,,,
1765996200,2025-12-17T18:30:00.000Z,0,0,,,,,,
1765998000,2025-12-17T19:00:00.000Z,0,0,,,,,,
1765999800,2025-12-17T19:30:00.000Z,0,0,,,,,,
1766001600,2025-12-17T20:00:00.000Z,0,0,,,,,,
1766003400,2025-12-17T20:30:00.000Z,0,0,,,,,,
1766005200,2025-12-17T21:00:00.000Z,0,0,,,,,,
1766007000,2025-12-17T21:30:00.000Z,0,0,,,,,,
1766008800,2025-12-17T22:00:00.000Z,0,0,,,,,,
1766010600,2025-12-17T22:30:00.000Z,0,0,,,,,,
1766019600,2025-12-18T01:00:00.000Z,0,0,,,,,,
1766021400,2025-12-18T01:30:00.000Z,0,0,,,,,,
1766023200,2025-12-18T02:00:00.000Z,0,0,,,,,,
1766025000,2025-12-18T02:30:00.000Z,0,0,,,,,,
1766026800,2025-12-18T03:00:00.000Z,0,0,,,,,,
1766028600,2025-12-18T03:30:00.000Z,0,0,,,,,,
1766030400,2025-12-18T04:00:00.000Z,0,0,,,,,,
1766032200,2025-12-18T04:30:00.000Z,0,0,,,,,,
1766034000,2025-12-18T05:00:00.000Z,0,0,,,,,,
1766035800,2025-12-18T05:30:00.000Z,0,0,,,,,,
1766037600,2025-12-18T06:00:00.000Z,0,0,,,,,,
1766039400,2025-12-18T06:30:00.000Z,0,0,,,,,,
1766041200,2025-12-18T07:00:00.000Z,0,0,,,,,,
1766043000,2025-12-18T07:30:00.000Z,0,0,,,,,,
1766044800,2025-12-18T08:00:00.000Z,0,0,,,,,,
1766046600,2025-12-18T08:30:00.000Z,0,0,,,,,,
1766048400,2025-12-18T09:00:00.000Z,0,0,,,,,,
1766050200,2025-12-18T09:30:00.000Z,0,0,,,,,,
1766052000,2025-12-18T10:00:00.000Z,0,0,,,,,,
1766053800,2025-12-18T10:30:00.000Z,0,0,,,,,,
1766055600,2025-12-18T11:00:00.000Z,0,0,,,,,,
1766057400,2025-12-18T11:30:00.000Z,0,0,,,,,,
1766059200,2025-12-18T12:00:00.000Z,0,0,,,,,,
1766061000,2025-12-18T12:30:00.000Z,0,0,,,,,,
1766062800,2025-12-18T13:00:00.000Z,0,0,,,,,,
1766064600,2025-12-18T13:30:00.000Z,0,0,,,,,,
1766066400,2025-12-18T14:00:00.000Z,0,0,,,,,,
1766068200,2025-12-18T14:30:00.000Z,0,0,,,,,,
1766070000,2025-12-18T15:00:00.000Z,0,0,,,,,,
1766071800,2025-12-18T15:30:00.000Z,0,0,,,,,,
1766073600,2025-12-18T16:00:00.000Z,0,0,,,,,,
1766075400,2025-12-18T16:30:00.000Z,0,0,,,,,,
1766077200,2025-12-18T17:00:00.000Z,0,0,,,,,,
1766079000,2025-12-18T17:30:00.000Z,0,0,,,,,,
1766080800,2025-12-18T18:00:00.000Z,0,0,,,,,,
1766082600,2025-12-18T18:30:00.000Z,0,0,,,,,,
1766084400,2025-12-18T19:00:00.000Z,0,0,,,,,,
1766086200,2025-12-18T19:30:00.000Z,0,0,,,,,,
1766088000,2025-12-18T20:00:00.000Z,0,0,,,,,,
1766089800,2025-12-18T20:30:00.000Z,0,0,,,,,,
1766091600,2025-12-18T21:00:00.000Z,0,0,,,,,,
1766093400,2025-12-18T21:30:00.000Z,0,0,,,,,,
1766095200,2025-12-18T22:00:00.000Z,0,0,,,,,,
1766097000,2025-12-18T22:30:00.000Z,0,0,,,,,,
1766106000,2025-12-19T01:00:00.000Z,0,0,,,,,,
1766107800,2025-12-19T01:30:00.000Z,0,0,,,,,,
1766109600,2025-12-19T02:00:00.000Z,0,0,,,,,,
1766111400,2025-12-19T02:30:00.000Z,0,0,,,,,,
1766113200,2025-12-19T03:00:00.000Z,0,0,,,,,,
1766115000,2025-12-19T03:30:00.000Z,0,0,,,,,,
1766116800,2025-12-19T04:00:00.000Z,0,0,,,,,,
1766118600,2025-12-19T04:30:00.000Z,0,0,,,,,,
1766120400,2025-12-19T05:00:00.000Z,0,0,,,,,,
1766122200,2025-12-19T05:30:00.000Z,0,0,,,,,,
1766124000,2025-12-19T06:00:00.000Z,0,0,,,,,,
1766125800,2025-12-19T06:30:00.000Z,0,0,,,,,,
1766127600,2025-12-19T07:00:00.000Z,0,0,,,,,,
1766129400,2025-12-19T07:30:00.000Z,0,0,,,,,,
1766131200,2025-12-19T08:00:00.000Z,0,0,,,,,,
1766133000,2025-12-19T08:30:00.000Z,0,0,,,,,,
1766134800,2025-12-19T09:00:00.000Z,0,0,,,,,,
1766136600,2025-12-19T09:30:00.000Z,0,0,,,,,,
1766138400,2025-12-19T10:00:00.000Z,0,0,,,,,,
1766140200,2025-12-19T10:30:00.000Z,0,0,,,,,,
1766142000,2025-12-19T11:00:00.000Z,0,0,,,,,,
1766143800,2025-12-19T11:30:00.000Z,0,0,,,,,,
1766145600,2025-12-19T12:00:00.000Z,0,0,,,,,,
1766147400,2025-12-19T12:30:00.000Z,0,0,,,,,,
1766149200,2025-12-19T13:00:00.000Z,0,0,,,,,,
1766151000,2025-12-19T13:30:00.000Z,0,0,,,,,,
1766152800,2025-12-19T14:00:00.000Z,0,0,,,,,,
1766154600,2025-12-19T14:30:00.000Z,0,0,,,,,,
1766156400,2025-12-19T15:00:00.000Z,0,0,,,,,,
1766158200,2025-12-19T15:30:00.000Z,0,0,,,,,,
1766160000,2025-12-19T16:00:00.000Z,0,0,,,,,,
1766161800,2025-12-19T16:30:00.000Z,0,0,,,,,,
1766163600,2025-12-19T17:00:00.000Z,0,0,,,,,,
1766165400,2025-12-19T17:30:00.000Z,0,0,,,,,,
1766167200,2025-12-19T18:00:00.000Z,0,0,,,,,,
1766169000,2025-12-19T18:30:00.000Z,0,0,,,,,,
1766170800,2025-12-19T19:00:00.000Z,0,0,,,,,,
1766172600,2025-12-19T19:30:00.000Z,0,0,,,,,,
1766174400,2025-12-19T20:00:00.000Z,0,0,,,,,,
1766176200,2025-12-19T20:30:00.000Z,0,0,,,,,,
1766178000,2025-12-19T21:00:00.000Z,0,0,,,,,,
1766179800,2025-12-19T21:30:00.000Z,0,0,,,,,,
1766181600,2025-12-19T22:00:00.000Z,0,0,,,,,,
1766183400,2025-12-19T22:30:00.000Z,0,0,,,,,,
1766358000,2025-12-21T23:00:00.000Z,0,0,,,,,,
1766359800,2025-12-21T23:30:00.000Z,0,0,,,,,,
1766361600,2025-12-22T00:00:00.000Z,0,0,,,,,,
1766363400,2025-12-22T00:30:00.000Z,0,0,,,,,,
1766365200,2025-12-22T01:00:00.000Z,0,0,,,,,,
1766367000,2025-12-22T01:30:00.000Z,0,0,,,,,,
1766368800,2025-12-22T02:00:00.000Z,0,0,,,,,,
1766370600,2025-12-22T02:30:00.000Z,0,0,,,,,,
1766372400,2025-12-22T03:00:00.000Z,0,0,,,,,,
1766374200,2025-12-22T03:30:00.000Z,0,0,,,,,,
1766376000,2025-12-22T04:00:00.000Z,0,0,,,,,,
1766377800,2025-12-22T04:30:00.000Z,0,0,,,,,,
1766379600,2025-12-22T05:00:00.000Z,0,0,,,,,,
1766381400,2025-12-22T05:30:00.000Z,0,0,,,,,,
1766383200,2025-12-22T06:00:00.000Z,0,0,,,,,,
1766385000,2025-12-22T06:30:00.000Z,0,0,,,,,,
1766386800,2025-12-22T07:00:00.000Z,0,0,,,,,,
1766388600,2025-12-22T07:30:00.000Z,0,0,,,,,,
1766390400,2025-12-22T08:00:00.000Z,0,0,,,,,,
1766392200,2025-12-22T08:30:00.000Z,0,0,,,,,,
1766394000,2025-12-22T09:00:00.000Z,0,0,,,,,,
1766395800,2025-12-22T09:30:00.000Z,0,0,,,,,,
1766397600,2025-12-22T10:00:00.000Z,0,0,,,,,,
1766399400,2025-12-22T10:30:00.000Z,0,0,,,,,,
1766401200,2025-12-22T11:00:00.000Z,0,0,,,,,,
1766403000,2025-12-22T11:30:00.000Z,0,0,,,,,,
1766404800,2025-12-22T12:00:00.000Z,0,0,,,,,,
1766406600,2025-12-22T12:30:00.000Z,0,0,,,,,,
1766408400,2025-12-22T13:00:00.000Z,0,0,,,,,,
1766410200,2025-12-22T13:30:00.000Z,0,0,,,,,,
1766412000,2025-12-22T14:00:00.000Z,0,0,,,,,,
1766413800,2025-12-22T14:30:00.000Z,0,0,,,,,,
1766415600,2025-12-22T15:00:00.000Z,0,0,,,,,,
1766417400,2025-12-22T15:30:00.000Z,0,0,,,,,,
1766419200,2025-12-22T16:00:00.000Z,0,0,,,,,,
1766421000,2025-12-22T16:30:00.000Z,0,0,,,,,,
1766422800,2025-12-22T17:00:00.000Z,0,0,,,,,,
1766424600,2025-12-22T17:30:00.000Z,0,0,,,,,,
1766426400,2025-12-22T18:00:00.000Z,0,0,,,,,,
1766428200,2025-12-22T18:30:00.000Z,0,0,,,,,,
1766430000,2025-12-22T19:00:00.000Z,0,0,,,,,,
1766431800,2025-12-22T19:30:00.000Z,0,0,,,,,,
1766433600,2025-12-22T20:00:00.000Z,0,0,,,,,,
1766435400,2025-12-22T20:30:00.000Z,0,0,,,,,,
1766437200,2025-12-22T21:00:00.000Z,0,0,,,,,,
1766439000,2025-12-22T21:30:00.000Z,0,0,,,,,,
1766440800,2025-12-22T22:00:00.000Z,0,0,,,,,,
1766442600,2025-12-22T22:30:00.000Z,0,0,,,,,,
1766451600,2025-12-23T01:00:00.000Z,0,0,,,,,,
1766453400,2025-12-23T01:30:00.000Z,0,0,,,,,,
1766455200,2025-12-23T02:00:00.000Z,0,0,,,,,,
1766457000,2025-12-23T02:30:00.000Z,0,0,,,,,,
1766458800,2025-12-23T03:00:00.000Z,0,0,,,,,,
1766460600,2025-12-23T03:30:00.000Z,0,0,,,,,,
1766462400,2025-12-23T04:00:00.000Z,0,0,,,,,,
1766464200,2025-12-23T04:30:00.000Z,0,0,,,,,,
1766466000,2025-12-23T05:00:00.000Z,0,0,,,,,,
1766467800,2025-12-23T05:30:00.000Z,0,0,,,,,,
1766469600,2025-12-23T06:00:00.000Z,0,0,,,,,,
1766471400,2025-12-23T06:30:00.000Z,0,0,,,,,,
1766473200,2025-12-23T07:00:00.000Z,0,0,,,,,,
1766475000,2025-12-23T07:30:00.000Z,0,0,,,,,,
1766476800,2025-12-23T08:00:00.000Z,0,0,,,,,,
1766478600,2025-12-23T08:30:00.000Z,0,0,,,,,,
1766480400,2025-12-23T09:00:00.000Z,0,0,,,,,,
1766482200,2025-12-23T09:30:00.000Z,0,0,,,,,,
1766484000,2025-12-23T10:00:00.000Z,0,0,,,,,,
1766485800,2025-12-23T10:30:00.000Z,0,0,,,,,,
1766487600,2025-12-23T11:00:00.000Z,0,0,,,,,,
1766489400,2025-12-23T11:30:00.000Z,0,0,,,,,,
1766491200,2025-12-23T12:00:00.000Z,0,0,,,,,,
1766493000,2025-12-23T12:30:00.000Z,0,0,,,,,,
1766494800,2025-12-23T13:00:00.000Z,0,0,,,,,,
1766496600,2025-12-23T13:30:00.000Z,0,0,,,,,,
1766498400,2025-12-23T14:00:00.000Z,0,0,,,,,,
1766500200,2025-12-23T14:30:00.000Z,0,0,,,,,,
1766502000,2025-12-23T15:00:00.000Z,0,0,,,,,,
1766503800,2025-12-23T15:30:00.000Z,0,0,,,,,,
1766505600,2025-12-23T16:00:00.000Z,0,0,,,,,,
1766507400,2025-12-23T16:30:00.000Z,0,0,,,,,,
1766509200,2025-12-23T17:00:00.000Z,0,0,,,,,,
1766511000,2025-12-23T17:30:00.000Z,0,0,,,,,,
1766512800,2025-12-23T18:00:00.000Z,0,0,,,,,,
1766514600,2025-12-23T18:30:00.000Z,0,0,,,,,,
1766516400,2025-12-23T19:00:00.000Z,0,0,,,,,,
1766518200,2025-12-23T19:30:00.000Z,0,0,,,,,,
1766520000,2025-12-23T20:00:00.000Z,0,0,,,,,,
1766521800,2025-12-23T20:30:00.000Z,0,0,,,,,,
1766523600,2025-12-23T21:00:00.000Z,0,0,,,,,,
1766525400,2025-12-23T21:30:00.000Z,0,0,,,,,,
1766527200,2025-12-23T22:00:00.000Z,0,0,,,,,,
1766529000,2025-12-23T22:30:00.000Z,0,0,,,,,,
1766538000,2025-12-24T01:00:00.000Z,0,0,,,,,,
1766539800,2025-12-24T01:30:00.000Z,0,0,,,,,,
1766541600,2025-12-24T02:00:00.000Z,0,0,,,,,,
1766543400,2025-12-24T02:30:00.000Z,0,0,,,,,,
1766545200,2025-12-24T03:00:00.000Z,0,0,,,,,,
1766547000,2025-12-24T03:30:00.000Z,0,0,,,,,,
1766548800,2025-12-24T04:00:00.000Z,0,0,,,,,,
1766550600,2025-12-24T04:30:00.000Z,0,0,,,,,,
1766552400,2025-12-24T05:00:00.000Z,0,0,,,,,,
1766554200,2025-12-24T05:30:00.000Z,0,0,,,,,,
1766556000,2025-12-24T06:00:00.000Z,0,0,,,,,,
1766557800,2025-12-24T06:30:00.000Z,0,0,,,,,,
1766559600,2025-12-24T07:00:00.000Z,0,0,,,,,,
1766561400,2025-12-24T07:30:00.000Z,0,0,,,,,,
1766563200,2025-12-24T08:00:00.000Z,0,0,,,,,,
1766565000,2025-12-24T08:30:00.000Z,0,0,,,,,,
1766566800,2025-12-24T09:00:00.000Z,0,0,,,,,,
1766568600,2025-12-24T09:30:00.000Z,0,0,,,,,,
1766570400,2025-12-24T10:00:00.000Z,0,0,,,,,,
1766572200,2025-12-24T10:30:00.000Z,0,0,,,,,,
1766574000,2025-12-24T11:00:00.000Z,0,0,,,,,,
1766575800,2025-12-24T11:30:00.000Z,0,0,,,,,,
1766577600,2025-12-24T12:00:00.000Z,0,0,,,,,,
1766579400,2025-12-24T12:30:00.000Z,0,0,,,,,,
1766581200,2025-12-24T13:00:00.000Z,0,1,,,,,,
1766583000,2025-12-24T13:30:00.000Z,0,0,,,,,,
1766584800,2025-12-24T14:00:00.000Z,0,0,,,,,,
1766586600,2025-12-24T14:30:00.000Z,0,0,,,,,,
1766588400,2025-12-24T15:00:00.000Z,0,0,,,,,,
1766590200,2025-12-24T15:30:00.000Z,0,0,,,,,,
1766592000,2025-12-24T16:00:00.000Z,0,0,,,,,,
1766593800,2025-12-24T16:30:00.000Z,0,0,,,,,,
1766595600,2025-12-24T17:00:00.000Z,0,0,,,,,,
1766597400,2025-12-24T17:30:00.000Z,0,0,,,,,,
1766599200,2025-12-24T18:00:00.000Z,0,0,,,,,,
1766601000,2025-12-24T18:30:00.000Z,0,0,,,,,,
1766710800,2025-12-26T01:00:00.000Z,0,0,,,,,,
1766712600,2025-12-26T01:30:00.000Z,0,0,,,,,,
1766714400,2025-12-26T02:00:00.000Z,0,0,,,,,,
1766716200,2025-12-26T02:30:00.000Z,0,0,,,,,,
1766718000,2025-12-26T03:00:00.000Z,0,0,,,,,,
1766719800,2025-12-26T03:30:00.000Z,0,0,,,,,,
1766721600,2025-12-26T04:00:00.000Z,0,0,,,,,,
1766723400,2025-12-26T04:30:00.000Z,0,0,,,,,,
1766725200,2025-12-26T05:00:00.000Z,0,0,,,,,,
1766727000,2025-12-26T05:30:00.000Z,0,0,,,,,,
1766728800,2025-12-26T06:00:00.000Z,0,0,,,,,,
1766730600,2025-12-26T06:30:00.000Z,0,0,,,,,,
1766732400,2025-12-26T07:00:00.000Z,0,0,,,,,,
1766734200,2025-12-26T07:30:00.000Z,0,0,,,,,,
1766736000,2025-12-26T08:00:00.000Z,0,0,,,,,,
1766737800,2025-12-26T08:30:00.000Z,0,0,,,,,,
1766739600,2025-12-26T09:00:00.000Z,0,0,,,,,,
1766741400,2025-12-26T09:30:00.000Z,0,0,,,,,,
1766743200,2025-12-26T10:00:00.000Z,0,0,,,,,,
1766745000,2025-12-26T10:30:00.000Z,0,0,,,,,,
1766746800,2025-12-26T11:00:00.000Z,0,0,,,,,,
1766748600,2025-12-26T11:30:00.000Z,0,1,,,,,,
1766750400,2025-12-26T12:00:00.000Z,0,0,,,,,,
1766752200,2025-12-26T12:30:00.000Z,0,0,,,,,,
1766754000,2025-12-26T13:00:00.000Z,0,0,,,,,,
1766755800,2025-12-26T13:30:00.000Z,0,0,,,,,,
1766757600,2025-12-26T14:00:00.000Z,0,0,,,,,,
1766759400,2025-12-26T14:30:00.000Z,0,0,,,,,,
1766761200,2025-12-26T15:00:00.000Z,0,0,,,,,,
1766763000,2025-12-26T15:30:00.000Z,0,0,,,,,,
1766764800,2025-12-26T16:00:00.000Z,0,0,,,,,,
1766766600,2025-12-26T16:30:00.000Z,0,0,,,,,,
1766768400,2025-12-26T17:00:00.000Z,0,0,,,,,,
1766770200,2025-12-26T17:30:00.000Z,0,0,,,,,,
1766772000,2025-12-26T18:00:00.000Z,0,0,,,,,,
1766773800,2025-12-26T18:30:00.000Z,0,0,,,,,,
1766775600,2025-12-26T19:00:00.000Z,0,0,,,,,,
1766777400,2025-12-26T19:30:00.000Z,0,0,,,,,,
1766779200,2025-12-26T20:00:00.000Z,0,0,,,,,,
1766781000,2025-12-26T20:30:00.000Z,0,0,,,,,,
1766782800,2025-12-26T21:00:00.000Z,0,0,,,,,,
1766784600,2025-12-26T21:30:00.000Z,0,0,,,,,,
1766786400,2025-12-26T22:00:00.000Z,0,0,,,,,,
1766788200,2025-12-26T22:30:00.000Z,0,0,,,,,,
1766962800,2025-12-28T23:00:00.000Z,0,0,,,,,,
1766964600,2025-12-28T23:30:00.000Z,0,0,,,,,,
1766966400,2025-12-29T00:00:00.000Z,0,0,,,,,,
1766968200,2025-12-29T00:30:00.000Z,0,0,,,,,,
1766970000,2025-12-29T01:00:00.000Z,0,0,,,,,,
1766971800,2025-12-29T01:30:00.000Z,0,0,,,,,,
1766973600,2025-12-29T02:00:00.000Z,0,0,,,,,,
1766975400,2025-12-29T02:30:00.000Z,0,0,,,,,,
1766977200,2025-12-29T03:00:00.000Z,0,0,,,,,,
1766979000,2025-12-29T03:30:00.000Z,0,0,,,,,,
1766980800,2025-12-29T04:00:00.000Z,0,0,,,,,,
1766982600,2025-12-29T04:30:00.000Z,0,0,,,,,,
1766984400,2025-12-29T05:00:00.000Z,0,0,,,,,,
1766986200,2025-12-29T05:30:00.000Z,0,0,,,,,,
1766988000,2025-12-29T06:00:00.000Z,0,0,,,,,,
1766989800,2025-12-29T06:30:00.000Z,0,0,,,,,,
1766991600,2025-12-29T07:00:00.000Z,0,0,,,,,,
1766993400,2025-12-29T07:30:00.000Z,0,0,,,,,,
1766995200,2025-12-29T08:00:00.000Z,0,0,,,,,,
1766997000,2025-12-29T08:30:00.000Z,0,0,,,,,,
1766998800,2025-12-29T09:00:00.000Z,0,0,,,,,,
1767000600,2025-12-29T09:30:00.000Z,0,0,,,,,,
1767002400,2025-12-29T10:00:00.000Z,0,0,,,,,,
1767004200,2025-12-29T10:30:00.000Z,0,0,,,,,,
1767006000,2025-12-29T11:00:00.000Z,0,0,,,,,,
1767007800,2025-12-29T11:30:00.000Z,0,0,,,,,,
1767009600,2025-12-29T12:00:00.000Z,0,0,,,,,,
1767011400,2025-12-29T12:30:00.000Z,0,0,,,,,,
1767013200,2025-12-29T13:00:00.000Z,0,0,,,,,,
1767015000,2025-12-29T13:30:00.000Z,0,0,,,,,,
1767016800,2025-12-29T14:00:00.000Z,0,0,,,,,,
1767018600,2025-12-29T14:30:00.000Z,0,0,,,,,,
1767020400,2025-12-29T15:00:00.000Z,0,0,,,,,,
1767022200,2025-12-29T15:30:00.000Z,0,0,,,,,,
1767024000,2025-12-29T16:00:00.000Z,0,0,,,,,,
1767025800,2025-12-29T16:30:00.000Z,0,0,,,,,,
1767027600,2025-12-29T17:00:00.000Z,0,0,,,,,,
1767029400,2025-12-29T17:30:00.000Z,0,0,,,,,,
1767031200,2025-12-29T18:00:00.000Z,0,0,,,,,,
1767033000,2025-12-29T18:30:00.000Z,0,0,,,,,,
1767034800,2025-12-29T19:00:00.000Z,0,0,,,,,,
1767036600,2025-12-29T19:30:00.000Z,0,0,,,,,,
1767038400,2025-12-29T20:00:00.000Z,0,0,,,,,,
1767040200,2025-12-29T20:30:00.000Z,0,0,,,,,,
1767042000,2025-12-29T21:00:00.000Z,0,0,,,,,,
1767043800,2025-12-29T21:30:00.000Z,0,0,,,,,,
1767045600,2025-12-29T22:00:00.000Z,0,0,,,,,,
1767047400,2025-12-29T22:30:00.000Z,0,0,,,,,,
1767056400,2025-12-30T01:00:00.000Z,0,0,,,,,,
1767058200,2025-12-30T01:30:00.000Z,0,0,,,,,,
1767060000,2025-12-30T02:00:00.000Z,0,0,,,,,,
1767061800,2025-12-30T02:30:00.000Z,0,0,,,,,,
1767063600,2025-12-30T03:00:00.000Z,0,0,,,,,,
1767065400,2025-12-30T03:30:00.000Z,0,0,,,,,,
1767067200,2025-12-30T04:00:00.000Z,0,0,,,,,,
1767069000,2025-12-30T04:30:00.000Z,0,0,,,,,,
1767070800,2025-12-30T05:00:00.000Z,0,0,,,,,,
1767072600,2025-12-30T05:30:00.000Z,0,0,,,,,,
1767074400,2025-12-30T06:00:00.000Z,0,0,,,,,,
1767076200,2025-12-30T06:30:00.000Z,0,0,,,,,,
1767078000,2025-12-30T07:00:00.000Z,0,0,,,,,,
1767079800,2025-12-30T07:30:00.000Z,0,0,,,,,,
1767081600,2025-12-30T08:00:00.000Z,0,0,,,,,,
1767083400,2025-12-30T08:30:00.000Z,0,0,,,,,,
1767085200,2025-12-30T09:00:00.000Z,0,0,,,,,,
1767087000,2025-12-30T09:30:00.000Z,0,0,,,,,,
1767088800,2025-12-30T10:00:00.000Z,0,0,,,,,,
1767090600,2025-12-30T10:30:00.000Z,0,0,,,,,,
1767092400,2025-12-30T11:00:00.000Z,0,0,,,,,,
1767094200,2025-12-30T11:30:00.000Z,0,0,,,,,,
1767096000,2025-12-30T12:00:00.000Z,0,0,,,,,,
1767097800,2025-12-30T12:30:00.000Z,0,0,,,,,,
1767099600,2025-12-30T13:00:00.000Z,0,0,,,,,,
1767101400,2025-12-30T13:30:00.000Z,0,0,,,,,,
1767103200,2025-12-30T14:00:00.000Z,0,0,,,,,,
1767105000,2025-12-30T14:30:00.000Z,0,0,,,,,,
1767106800,2025-12-30T15:00:00.000Z,0,0,,,,,,
1767108600,2025-12-30T15:30:00.000Z,0,0,,,,,,
1767110400,2025-12-30T16:00:00.000Z,0,1,,,,,,
1767112200,2025-12-30T16:30:00.000Z,0,0,,,,,,
1767114000,2025-12-30T17:00:00.000Z,0,0,,,,,,
1767115800,2025-12-30T17:30:00.000Z,0,0,,,,,,
1767117600,2025-12-30T18:00:00.000Z,0,0,,,,,,
1767119400,2025-12-30T18:30:00.000Z,0,0,,,,,,
1767121200,2025-12-30T19:00:00.000Z,0,0,,,,,,
1767123000,2025-12-30T19:30:00.000Z,0,0,,,,,,
1767124800,2025-12-30T20:00:00.000Z,0,0,,,,,,
1767126600,2025-12-30T20:30:00.000Z,0,0,,,,,,
1767128400,2025-12-30T21:00:00.000Z,0,0,,,,,,
1767130200,2025-12-30T21:30:00.000Z,0,0,,,,,,
1767132000,2025-12-30T22:00:00.000Z,0,0,,,,,,
1767133800,2025-12-30T22:30:00.000Z,0,0,,,,,,
1767142800,2025-12-31T01:00:00.000Z,0,0,,,,,,
1767144600,2025-12-31T01:30:00.000Z,0,0,,,,,,
1767146400,2025-12-31T02:00:00.000Z,0,0,,,,,,
1767148200,2025-12-31T02:30:00.000Z,0,0,,,,,,
1767150000,2025-12-31T03:00:00.000Z,0,0,,,,,,
1767151800,2025-12-31T03:30:00.000Z,0,0,,,,,,
1767153600,2025-12-31T04:00:00.000Z,0,0,,,,,,
1767155400,2025-12-31T04:30:00.000Z,0,0,,,,,,
1767157200,2025-12-31T05:00:00.000Z,0,0,,,,,,
1767159000,2025-12-31T05:30:00.000Z,0,0,,,,,,
1767160800,2025-12-31T06:00:00.000Z,0,0,,,,,,
1767162600,2025-12-31T06:30:00.000Z,0,0,,,,,,
1767164400,2025-12-31T07:00:00.000Z,0,0,,,,,,
1767166200,2025-12-31T07:30:00.000Z,0,0,,,,,,
1767168000,2025-12-31T08:00:00.000Z,0,0,,,,,,
1767169800,2025-12-31T08:30:00.000Z,0,0,,,,,,
1767171600,2025-12-31T09:00:00.000Z,0,0,,,,,,
1767173400,2025-12-31T09:30:00.000Z,0,0,,,,,,
1767175200,2025-12-31T10:00:00.000Z,0,0,,,,,,
1767177000,2025-12-31T10:30:00.000Z,0,0,,,,,,
1767178800,2025-12-31T11:00:00.000Z,0,0,,,,,,
1767180600,2025-12-31T11:30:00.000Z,0,0,,,,,,
1767182400,2025-12-31T12:00:00.000Z,0,0,,,,,,
1767184200,2025-12-31T12:30:00.000Z,0,0,,,,,,
1767186000,2025-12-31T13:00:00.000Z,0,0,,,,,,
1767187800,2025-12-31T13:30:00.000Z,0,0,,,,,,
1767189600,2025-12-31T14:00:00.000Z,0,0,,,,,,
1767191400,2025-12-31T14:30:00.000Z,0,0,,,,,,
1767193200,2025-12-31T15:00:00.000Z,0,0,,,,,,
1767195000,2025-12-31T15:30:00.000Z,0,1,,,,,,
1767196800,2025-12-31T16:00:00.000Z,0,0,,,,,,
1767198600,2025-12-31T16:30:00.000Z,0,0,,,,,,
1767200400,2025-12-31T17:00:00.000Z,0,0,,,,,,
1767202200,2025-12-31T17:30:00.000Z,0,0,,,,,,
1767204000,2025-12-31T18:00:00.000Z,0,0,,,,,,
1767205800,2025-12-31T18:30:00.000Z,0,0,,,,,,
1767207600,2025-12-31T19:00:00.000Z,0,0,,,,,,
1767209400,2025-12-31T19:30:00.000Z,0,0,,,,,,
1767315600,2026-01-02T01:00:00.000Z,0,0,,,,,,
1767317400,2026-01-02T01:30:00.000Z,0,0,,,,,,
1767319200,2026-01-02T02:00:00.000Z,0,0,,,,,,
1767321000,2026-01-02T02:30:00.000Z,0,0,,,,,,
1767322800,2026-01-02T03:00:00.000Z,0,0,,,,,,
1767324600,2026-01-02T03:30:00.000Z,0,0,,,,,,
1767326400,2026-01-02T04:00:00.000Z,0,0,,,,,,
1767328200,2026-01-02T04:30:00.000Z,0,0,,,,,,
1767330000,2026-01-02T05:00:00.000Z,0,0,,,,,,
1767331800,2026-01-02T05:30:00.000Z,0,0,,,,,,
1767333600,2026-01-02T06:00:00.000Z,0,0,,,,,,
1767335400,2026-01-02T06:30:00.000Z,0,0,,,,,,
1767337200,2026-01-02T07:00:00.000Z,0,0,,,,,,
1767339000,2026-01-02T07:30:00.000Z,0,0,,,,,,
1767340800,2026-01-02T08:00:00.000Z,0,0,,,,,,
1767342600,2026-01-02T08:30:00.000Z,0,0,,,,,,
1767344400,2026-01-02T09:00:00.000Z,0,0,,,,,,
1767346200,2026-01-02T09:30:00.000Z,0,0,,,,,,
1767348000,2026-01-02T10:00:00.000Z,0,0,,,,,,
1767349800,2026-01-02T10:30:00.000Z,0,0,,,,,,
1767351600,2026-01-02T11:00:00.000Z,0,0,,,,,,
1767353400,2026-01-02T11:30:00.000Z,0,0,,,,,,
1767355200,2026-01-02T12:00:00.000Z,0,0,,,,,,
1767357000,2026-01-02T12:30:00.000Z,0,0,,,,,,
1767358800,2026-01-02T13:00:00.000Z,0,0,,,,,,
1767360600,2026-01-02T13:30:00.000Z,0,0,,,,,,
1767362400,2026-01-02T14:00:00.000Z,0,0,,,,,,
1767364200,2026-01-02T14:30:00.000Z,0,0,,,,,,
1767366000,2026-01-02T15:00:00.000Z,0,0,,,,,,
1767367800,2026-01-02T15:30:00.000Z,0,0,,,,,,
1767369600,2026-01-02T16:00:00.000Z,0,0,,,,,,
1767371400,2026-01-02T16:30:00.000Z,0,0,,,,,,
1767373200,2026-01-02T17:00:00.000Z,0,0,,,,,,
1767375000,2026-01-02T17:30:00.000Z,0,0,,,,,,
1767376800,2026-01-02T18:00:00.000Z,0,0,,,,,,
1767378600,2026-01-02T18:30:00.000Z,0,0,,,,,,
1767380400,2026-01-02T19:00:00.000Z,0,0,,,,,,
1767382200,2026-01-02T19:30:00.000Z,0,0,,,,,,
1767384000,2026-01-02T20:00:00.000Z,0,0,,,,,,
1767385800,2026-01-02T20:30:00.000Z,0,0,,,,,,
1767387600,2026-01-02T21:00:00.000Z,0,0,,,,,,
1767389400,2026-01-02T21:30:00.000Z,0,0,,,,,,
1767391200,2026-01-02T22:00:00.000Z,0,0,,,,,,
1767567600,2026-01-04T23:00:00.000Z,0,0,,,,,,
1767569400,2026-01-04T23:30:00.000Z,0,0,,,,,,
1767571200,2026-01-05T00:00:00.000Z,0,0,,,,,,
1767573000,2026-01-05T00:30:00.000Z,0,0,,,,,,
1767574800,2026-01-05T01:00:00.000Z,0,0,,,,,,
1767576600,2026-01-05T01:30:00.000Z,0,0,,,,,,
1767578400,2026-01-05T02:00:00.000Z,0,0,,,,,,
1767580200,2026-01-05T02:30:00.000Z,0,0,,,,,,
1767582000,2026-01-05T03:00:00.000Z,0,0,,,,,,
1767583800,2026-01-05T03:30:00.000Z,0,0,,,,,,
1767585600,2026-01-05T04:00:00.000Z,0,0,,,,,,
1767587400,2026-01-05T04:30:00.000Z,0,0,,,,,,
1767589200,2026-01-05T05:00:00.000Z,0,0,,,,,,
1767591000,2026-01-05T05:30:00.000Z,0,0,,,,,,
1767592800,2026-01-05T06:00:00.000Z,0,0,,,,,,
1767594600,2026-01-05T06:30:00.000Z,0,0,,,,,,
1767596400,2026-01-05T07:00:00.000Z,0,0,,,,,,
1767598200,2026-01-05T07:30:00.000Z,0,0,,,,,,
1767600000,2026-01-05T08:00:00.000Z,0,0,,,,,,
1767601800,2026-01-05T08:30:00.000Z,0,0,,,,,,
1767603600,2026-01-05T09:00:00.000Z,0,0,,,,,,
1767605400,2026-01-05T09:30:00.000Z,1,0,,,,,,
1767607200,2026-01-05T10:00:00.000Z,0,0,,,,,,
1767609000,2026-01-05T10:30:00.000Z,0,0,,,,,,
1767610800,2026-01-05T11:00:00.000Z,0,0,,,,,,
1767612600,2026-01-05T11:30:00.000Z,0,0,,,,,,
1767614400,2026-01-05T12:00:00.000Z,0,0,,,,,,
1767616200,2026-01-05T12:30:00.000Z,0,0,,,,,,
1767618000,2026-01-05T13:00:00.000Z,0,0,,,,,,
1767619800,2026-01-05T13:30:00.000Z,0,0,,,,,,
1767621600,2026-01-05T14:00:00.000Z,0,0,,,,,,
1767623400,2026-01-05T14:30:00.000Z,0,0,,,,,,
1767625200,2026-01-05T15:00:00.000Z,0,0,,,,,,
1767627000,2026-01-05T15:30:00.000Z,0,0,,,,,,
1767628800,2026-01-05T16:00:00.000Z,0,0,,,,,,
1767630600,2026-01-05T16:30:00.000Z,0,0,,,,,,
1767632400,2026-01-05T17:00:00.000Z,0,0,,,,,,
1767634200,2026-01-05T17:30:00.000Z,0,0,,,,,,
1767636000,2026-01-05T18:00:00.000Z,0,0,,,,,,
1767637800,2026-01-05T18:30:00.000Z,0,0,,,,,,
1767639600,2026-01-05T19:00:00.000Z,0,0,,,,,,
1767641400,2026-01-05T19:30:00.000Z,0,0,,,,,,
1767643200,2026-01-05T20:00:00.000Z,0,0,,,,,,
1767645000,2026-01-05T20:30:00.000Z,0,0,,,,,,
1767646800,2026-01-05T21:00:00.000Z,0,0,,,,,,
1767648600,2026-01-05T21:30:00.000Z,0,0,,,,,,
1767650400,2026-01-05T22:00:00.000Z,0,0,,,,,,
1767652200,2026-01-05T22:30:00.000Z,0,0,,,,,,
1767661200,2026-01-06T01:00:00.000Z,0,0,,,,,,
1767663000,2026-01-06T01:30:00.000Z,0,0,,,,,,
1767664800,2026-01-06T02:00:00.000Z,0,0,,,,,,
1767666600,2026-01-06T02:30:00.000Z,0,0,,,,,,
1767668400,2026-01-06T03:00:00.000Z,0,0,,,,,,
1767670200,2026-01-06T03:30:00.000Z,0,0,,,,,,
1767672000,2026-01-06T04:00:00.000Z,0,0,,,,,,
1767673800,2026-01-06T04:30:00.000Z,0,0,,,,,,
1767675600,2026-01-06T05:00:00.000Z,0,0,,,,,,
1767677400,2026-01-06T05:30:00.000Z,0,0,,,,,,
1767679200,2026-01-06T06:00:00.000Z,0,0,,,,,,
1767681000,2026-01-06T06:30:00.000Z,0,0,,,,,,
1767682800,2026-01-06T07:00:00.000Z,0,0,,,,,,
1767684600,2026-01-06T07:30:00.000Z,0,0,,,,,,
1767686400,2026-01-06T08:00:00.000Z,0,0,,,,,,
1767688200,2026-01-06T08:30:00.000Z,0,0,,,,,,
1767690000,2026-01-06T09:00:00.000Z,0,0,,,,,,
1767691800,2026-01-06T09:30:00.000Z,0,0,,,,,,
1767693600,2026-01-06T10:00:00.000Z,0,0,,,,,,
1767695400,2026-01-06T10:30:00.000Z,0,0,,,,,,
1767697200,2026-01-06T11:00:00.000Z,0,0,,,,,,
1767699000,2026-01-06T11:30:00.000Z,0,0,,,,,,
1767700800,2026-01-06T12:00:00.000Z,0,0,,,,,,
1767702600,2026-01-06T12:30:00.000Z,0,0,,,,,,
1767704400,2026-01-06T13:00:00.000Z,0,0,,,,,,
1767706200,2026-01-06T13:30:00.000Z,0,0,,,,,,
1767708000,2026-01-06T14:00:00.000Z,0,0,,,,,,
1767709800,2026-01-06T14:30:00.000Z,0,0,,,,,,
1767711600,2026-01-06T15:00:00.000Z,0,1,,,,,,
1767713400,2026-01-06T15:30:00.000Z,0,0,,,,,,
1767715200,2026-01-06T16:00:00.000Z,0,0,,,,,,
1767717000,2026-01-06T16:30:00.000Z,0,0,,,,,,
1767718800,2026-01-06T17:00:00.000Z,0,0,,,,,,
1767720600,2026-01-06T17:30:00.000Z,0,0,,,,,,
1767722400,2026-01-06T18:00:00.000Z,0,0,,,,,,
1767724200,2026-01-06T18:30:00.000Z,0,0,,,,,,
1767726000,2026-01-06T19:00:00.000Z,0,0,,,,,,
1767727800,2026-01-06T19:30:00.000Z,0,0,,,,,,
1767729600,2026-01-06T20:00:00.000Z,0,0,,,,,,
1767731400,2026-01-06T20:30:00.000Z,0,0,,,,,,
1767733200,2026-01-06T21:00:00.000Z,0,0,,,,,,
1767735000,2026-01-06T21:30:00.000Z,0,0,,,,,,
1767736800,2026-01-06T22:00:00.000Z,0,0,,,,,,
1767738600,2026-01-06T22:30:00.000Z,0,0,,,,,,
1767747600,2026-01-07T01:00:00.000Z,0,0,,,,,,
1767749400,2026-01-07T01:30:00.000Z,0,0,,,,,,
1767751200,2026-01-07T02:00:00.000Z,0,0,,,,,,
1767753000,2026-01-07T02:30:00.000Z,0,0,,,,,,
1767754800,2026-01-07T03:00:00.000Z,0,0,,,,,,
1767756600,2026-01-07T03:30:00.000Z,0,0,,,,,,
1767758400,2026-01-07T04:00:00.000Z,0,0,,,,,,
1767760200,2026-01-07T04:30:00.000Z,0,0,,,,,,
1767762000,2026-01-07T05:00:00.000Z,0,0,,,,,,
1767763800,2026-01-07T05:30:00.000Z,0,0,,,,,,
1767765600,2026-01-07T06:00:00.000Z,0,0,,,,,,
1767767400,2026-01-07T06:30:00.000Z,0,0,,,,,,
1767769200,2026-01-07T07:00:00.000Z,0,0,,,,,,
1767771000,2026-01-07T07:30:00.000Z,0,0,,,,,,
1767772800,2026-01-07T08:00:00.000Z,0,0,,,,,,
1767774600,2026-01-07T08:30:00.000Z,0,0,,,,,,
1767776400,2026-01-07T09:00:00.000Z,0,0,,,,,,
1767778200,2026-01-07T09:30:00.000Z,0,0,,,,,,
1767780000,2026-01-07T10:00:00.000Z,0,0,,,,,,
1767781800,2026-01-07T10:30:00.000Z,0,0,,,,,,
1767783600,2026-01-07T11:00:00.000Z,0,0,,,,,,
1767785400,2026-01-07T11:30:00.000Z,0,0,,,,,,
1767787200,2026-01-07T12:00:00.000Z,0,0,,,,,,
1767789000,2026-01-07T12:30:00.000Z,0,0,,,,,,
1767790800,2026-01-07T13:00:00.000Z,0,0,,,,,,
1767792600,2026-01-07T13:30:00.000Z,0,0,,,,,,
1767794400,2026-01-07T14:00:00.000Z,0,0,,,,,,
1767796200,2026-01-07T14:30:00.000Z,0,0,,,,,,
1767798000,2026-01-07T15:00:00.000Z,0,0,,,,,,
1767799800,2026-01-07T15:30:00.000Z,0,0,,,,,,
1767801600,2026-01-07T16:00:00.000Z,0,0,,,,,,
1767803400,2026-01-07T16:30:00.000Z,0,0,,,,,,
1767805200,2026-01-07T17:00:00.000Z,0,0,,,,,,
1767807000,2026-01-07T17:30:00.000Z,0,0,,,,,,
1767808800,2026-01-07T18:00:00.000Z,0,0,,,,,,
1767810600,2026-01-07T18:30:00.000Z,0,0,,,,,,
1767812400,2026-01-07T19:00:00.000Z,0,0,,,,,,
1767814200,2026-01-07T19:30:00.000Z,0,0,,,,,,
1767816000,2026-01-07T20:00:00.000Z,0,0,,,,,,
1767817800,2026-01-07T20:30:00.000Z,0,0,,,,,,
1767819600,2026-01-07T21:00:00.000Z,1,0,,,,,,
1767821400,2026-01-07T21:30:00.000Z,0,0,,,,,,
1767823200,2026-01-07T22:00:00.000Z,0,0,,,,,,
1767825000,2026-01-07T22:30:00.000Z,0,0,,,,,,
1767834000,2026-01-08T01:00:00.000Z,0,0,,,,,,
1767835800,2026-01-08T01:30:00.000Z,0,0,,,,,,
1767837600,2026-01-08T02:00:00.000Z,0,0,,,,,,
1767839400,2026-01-08T02:30:00.000Z,0,0,,,,,,
1767841200,2026-01-08T03:00:00.000Z,0,0,,,,,,
1767843000,2026-01-08T03:30:00.000Z,0,0,,,,,,
1767844800,2026-01-08T04:00:00.000Z,0,0,,,,,,
1767846600,2026-01-08T04:30:00.000Z,0,0,,,,,,
1767848400,2026-01-08T05:00:00.000Z,0,0,,,,,,
1767850200,2026-01-08T05:30:00.000Z,0,0,,,,,,
1767852000,2026-01-08T06:00:00.000Z,0,0,,,,,,
1767853800,2026-01-08T06:30:00.000Z,0,0,,,,,,
1767855600,2026-01-08T07:00:00.000Z,0,0,,,,,,
1767857400,2026-01-08T07:30:00.000Z,0,0,,,,,,
1767859200,2026-01-08T08:00:00.000Z,0,0,,,,,,
1767861000,2026-01-08T08:30:00.000Z,0,0,,,,,,
1767862800,2026-01-08T09:00:00.000Z,0,0,,,,,,
1767864600,2026-01-08T09:30:00.000Z,0,0,,,,,,
1767866400,2026-01-08T10:00:00.000Z,0,0,,,,,,
1767868200,2026-01-08T10:30:00.000Z,0,0,,,,,,
1767870000,2026-01-08T11:00:00.000Z,0,0,,,,,,
1767871800,2026-01-08T11:30:00.000Z,0,0,,,,,,
1767873600,2026-01-08T12:00:00.000Z,0,0,,,,,,
1767875400,2026-01-08T12:30:00.000Z,0,0,,,,,,
1767877200,2026-01-08T13:00:00.000Z,0,0,,,,,,
1767879000,2026-01-08T13:30:00.000Z,0,0,,,,,,
1767880800,2026-01-08T14:00:00.000Z,0,0,,,,,,
1767882600,2026-01-08T14:30:00.000Z,0,0,,,,,,
1767884400,2026-01-08T15:00:00.000Z,0,0,,,,,,
1767886200,2026-01-08T15:30:00.000Z,0,0,,,,,,
1767888000,2026-01-08T16:00:00.000Z,0,0,,,,,,
1767889800,2026-01-08T16:30:00.000Z,0,0,,,,,,
1767891600,2026-01-08T17:00:00.000Z,0,0,,,,,,
1767893400,2026-01-08T17:30:00.000Z,0,0,,,,,,
1767895200,2026-01-08T18:00:00.000Z,0,0,,,,,,
1767897000,2026-01-08T18:30:00.000Z,0,0,,,,,,
1767898800,2026-01-08T19:00:00.000Z,0,0,,,,,,
1767900600,2026-01-08T19:30:00.000Z,0,0,,,,,,
1767902400,2026-01-08T20:00:00.000Z,0,0,,,,,,
1767904200,2026-01-08T20:30:00.000Z,0,0,,,,,,
1767906000,2026-01-08T21:00:00.000Z,0,0,,,,,,
1767907800,2026-01-08T21:30:00.000Z,0,0,,,,,,
1767909600,2026-01-08T22:00:00.000Z,0,0,,,,,,
1767911400,2026-01-08T22:30:00.000Z,0,0,,,,,,
1767920400,2026-01-09T01:00:00.000Z,0,0,,,,,,
1767922200,2026-01-09T01:30:00.000Z,0,0,,,,,,
1767924000,2026-01-09T02:00:00.000Z,0,0,,,,,,
1767925800,2026-01-09T02:30:00.000Z,0,0,,,,,,
1767927600,2026-01-09T03:00:00.000Z,0,0,,,,,,
1767929400,2026-01-09T03:30:00.000Z,0,0,,,,,,
1767931200,2026-01-09T04:00:00.000Z,0,0,,,,,,
1767933000,2026-01-09T04:30:00.000Z,0,0,,,,,,
1767934800,2026-01-09T05:00:00.000Z,0,0,,,,,,
1767936600,2026-01-09T05:30:00.000Z,0,0,,,,,,
1767938400,2026-01-09T06:00:00.000Z,0,0,,,,,,
1767940200,2026-01-09T06:30:00.000Z,0,0,,,,,,
1767942000,2026-01-09T07:00:00.000Z,0,0,,,,,,
1767943800,2026-01-09T07:30:00.000Z,0,0,,,,,,
1767945600,2026-01-09T08:00:00.000Z,0,0,,,,,,
1767947400,2026-01-09T08:30:00.000Z,0,0,,,,,,
1767949200,2026-01-09T09:00:00.000Z,0,0,,,,,,
1767951000,2026-01-09T09:30:00.000Z,0,0,,,,,,
1767952800,2026-01-09T10:00:00.000Z,0,0,,,,,,
1767954600,2026-01-09T10:30:00.000Z,0,0,,,,,,
1767956400,2026-01-09T11:00:00.000Z,0,0,,,,,,
1767958200,2026-01-09T11:30:00.000Z,0,0,,,,,,
1767960000,2026-01-09T12:00:00.000Z,0,0,,,,,,
1767961800,2026-01-09T12:30:00.000Z,0,0,,,,,,
1767963600,2026-01-09T13:00:00.000Z,0,0,,,,,,
1767965400,2026-01-09T13:30:00.000Z,0,0,,,,,,
1767967200,2026-01-09T14:00:00.000Z,0,0,,,,,,
1767969000,2026-01-09T14:30:00.000Z,0,0,,,,,,
1767970800,2026-01-09T15:00:00.000Z,0,0,,,,,,
1767972600,2026-01-09T15:30:00.000Z,0,0,,,,,,
1767974400,2026-01-09T16:00:00.000Z,0,0,,,,,,
1767976200,2026-01-09T16:30:00.000Z,0,0,,,,,,
1767978000,2026-01-09T17:00:00.000Z,0,0,,,,,,
1767979800,2026-01-09T17:30:00.000Z,0,0,,,,,,
1767981600,2026-01-09T18:00:00.000Z,0,0,,,,,,
1767983400,2026-01-09T18:30:00.000Z,0,0,,,,,,
1767985200,2026-01-09T19:00:00.000Z,0,0,,,,,,
1767987000,2026-01-09T19:30:00.000Z,0,1,,,,,,
1767988800,2026-01-09T20:00:00.000Z,0,0,,,,,,
1767990600,2026-01-09T20:30:00.000Z,0,0,,,,,,
1767992400,2026-01-09T21:00:00.000Z,0,0,,,,,,
1767994200,2026-01-09T21:30:00.000Z,0,0,,,,,,
1767996000,2026-01-09T22:00:00.000Z,0,0,,,,,,
1767997800,2026-01-09T22:30:00.000Z,0,0,,,,,,
1768172400,2026-01-11T23:00:00.000Z,0,0,,,,,,
1768174200,2026-01-11T23:30:00.000Z,0,0,,,,,,
1768176000,2026-01-12T00:00:00.000Z,0,0,,,,,,
1768177800,2026-01-12T00:30:00.000Z,0,0,,,,,,
1768179600,2026-01-12T01:00:00.000Z,0,0,,,,,,
1768181400,2026-01-12T01:30:00.000Z,0,0,,,,,,
1768183200,2026-01-12T02:00:00.000Z,0,0,,,,,,
1768185000,2026-01-12T02:30:00.000Z,0,0,,,,,,
1768186800,2026-01-12T03:00:00.000Z,0,0,,,,,,
1768188600,2026-01-12T03:30:00.000Z,0,0,,,,,,
1768190400,2026-01-12T04:00:00.000Z,0,0,,,,,,
1768192200,2026-01-12T04:30:00.000Z,0,0,,,,,,
1768194000,2026-01-12T05:00:00.000Z,0,0,,,,,,
1768195800,2026-01-12T05:30:00.000Z,0,0,,,,,,
1768197600,2026-01-12T06:00:00.000Z,0,0,,,,,,
1768199400,2026-01-12T06:30:00.000Z,0,0,,,,,,
1768201200,2026-01-12T07:00:00.000Z,0,0,,,,,,
1768203000,2026-01-12T07:30:00.000Z,0,0,,,,,,
1768204800,2026-01-12T08:00:00.000Z,0,0,,,,,,
1768206600,2026-01-12T08:30:00.000Z,0,0,,,,,,
1768208400,2026-01-12T09:00:00.000Z,0,0,,,,,,
1768210200,2026-01-12T09:30:00.000Z,0,0,,,,,,
1768212000,2026-01-12T10:00:00.000Z,0,0,,,,,,
1768213800,2026-01-12T10:30:00.000Z,0,0,,,,,,
1768215600,2026-01-12T11:00:00.000Z,0,0,,,,,,
1768217400,2026-01-12T11:30:00.000Z,0,0,,,,,,
1768219200,2026-01-12T12:00:00.000Z,0,0,,,,,,
1768221000,2026-01-12T12:30:00.000Z,0,0,,,,,,
1768222800,2026-01-12T13:00:00.000Z,0,0,,,,,,
1768224600,2026-01-12T13:30:00.000Z,0,0,,,,,,
1768226400,2026-01-12T14:00:00.000Z,0,0,,,,,,
1768228200,2026-01-12T14:30:00.000Z,0,0,,,,,,
1768230000,2026-01-12T15:00:00.000Z,0,0,,,,,,
1768231800,2026-01-12T15:30:00.000Z,0,0,,,,,,
1768233600,2026-01-12T16:00:00.000Z,0,0,,,,,,
1768235400,2026-01-12T16:30:00.000Z,0,0,,,,,,
1768237200,2026-01-12T17:00:00.000Z,0,0,,,,,,
1768239000,2026-01-12T17:30:00.000Z,0,0,,,,,,
1768240800,2026-01-12T18:00:00.000Z,0,0,,,,,,
1768242600,2026-01-12T18:30:00.000Z,0,0,,,,,,
1768244400,2026-01-12T19:00:00.000Z,0,0,,,,,,
1768246200,2026-01-12T19:30:00.000Z,0,0,,,,,,
1768248000,2026-01-12T20:00:00.000Z,0,0,,,,,,
1768249800,2026-01-12T20:30:00.000Z,0,0,,,,,,
1768251600,2026-01-12T21:00:00.000Z,0,0,,,,,,
1768253400,2026-01-12T21:30:00.000Z,0,0,,,,,,
1768255200,2026-01-12T22:00:00.000Z,0,0,,,,,,
1768257000,2026-01-12T22:30:00.000Z,0,0,,,,,,
1768266000,2026-01-13T01:00:00.000Z,0,0,,,,,,
1768267800,2026-01-13T01:30:00.000Z,0,0,,,,,,
1768269600,2026-01-13T02:00:00.000Z,0,0,,,,,,
1768271400,2026-01-13T02:30:00.000Z,0,0,,,,,,
1768273200,2026-01-13T03:00:00.000Z,0,0,,,,,,
1768275000,2026-01-13T03:30:00.000Z,0,0,,,,,,
1768276800,2026-01-13T04:00:00.000Z,0,0,,,,,,
1768278600,2026-01-13T04:30:00.000Z,0,0,,,,,,
1768280400,2026-01-13T05:00:00.000Z,0,0,,,,,,
1768282200,2026-01-13T05:30:00.000Z,0,0,,,,,,
1768284000,2026-01-13T06:00:00.000Z,0,0,,,,,,
1768285800,2026-01-13T06:30:00.000Z,0,0,,,,,,
1768287600,2026-01-13T07:00:00.000Z,0,0,,,,,,
1768289400,2026-01-13T07:30:00.000Z,0,0,,,,,,
1768291200,2026-01-13T08:00:00.000Z,0,0,,,,,,
1768293000,2026-01-13T08:30:00.000Z,0,0,,,,,,
1768294800,2026-01-13T09:00:00.000Z,0,0,,,,,,
1768296600,2026-01-13T09:30:00.000Z,0,0,,,,,,
1768298400,2026-01-13T10:00:00.000Z,0,0,,,,,,
1768300200,2026-01-13T10:30:00.000Z,0,0,,,,,,
1768302000,2026-01-13T11:00:00.000Z,0,0,,,,,,
1768303800,2026-01-13T11:30:00.000Z,0,0,,,,,,
1768305600,2026-01-13T12:00:00.000Z,0,0,,,,,,
1768307400,2026-01-13T12:30:00.000Z,0,0,,,,,,
1768309200,2026-01-13T13:00:00.000Z,0,0,,,,,,
1768311000,2026-01-13T13:30:00.000Z,0,0,,,,,,
1768312800,2026-01-13T14:00:00.000Z,0,0,,,,,,
1768314600,2026-01-13T14:30:00.000Z,0,0,,,,,,
1768316400,2026-01-13T15:00:00.000Z,0,0,,,,,,
1768318200,2026-01-13T15:30:00.000Z,0,0,,,,,,
1768320000,2026-01-13T16:00:00.000Z,0,0,,,,,,
1768321800,2026-01-13T16:30:00.000Z,0,0,,,,,,
1768323600,2026-01-13T17:00:00.000Z,0,0,,,,,,
1768325400,2026-01-13T17:30:00.000Z,0,1,,,,,,
1768327200,2026-01-13T18:00:00.000Z,0,0,,,,,,
1768329000,2026-01-13T18:30:00.000Z,0,0,,,,,,
1768330800,2026-01-13T19:00:00.000Z,0,0,,,,,,
1768332600,2026-01-13T19:30:00.000Z,0,0,,,,,,
1768334400,2026-01-13T20:00:00.000Z,0,0,,,,,,
1768336200,2026-01-13T20:30:00.000Z,0,0,,,,,,
1768338000,2026-01-13T21:00:00.000Z,0,0,,,,,,
1768339800,2026-01-13T21:30:00.000Z,0,0,,,,,,
1768341600,2026-01-13T22:00:00.000Z,0,0,,,,,,
1768343400,2026-01-13T22:30:00.000Z,0,0,,,,,,
1768352400,2026-01-14T01:00:00.000Z,0,0,,,,,,
1768354200,2026-01-14T01:30:00.000Z,0,0,,,,,,
1768356000,2026-01-14T02:00:00.000Z,0,0,,,,,,
1768357800,2026-01-14T02:30:00.000Z,0,0,,,,,,
1768359600,2026-01-14T03:00:00.000Z,0,0,,,,,,
1768361400,2026-01-14T03:30:00.000Z,0,0,,,,,,
1768363200,2026-01-14T04:00:00.000Z,0,0,,,,,,
1768365000,2026-01-14T04:30:00.000Z,0,0,,,,,,
1768366800,2026-01-14T05:00:00.000Z,0,0,,,,,,
1768368600,2026-01-14T05:30:00.000Z,0,0,,,,,,
1768370400,2026-01-14T06:00:00.000Z,0,0,,,,,,
1768372200,2026-01-14T06:30:00.000Z,0,0,,,,,,
1768374000,2026-01-14T07:00:00.000Z,0,0,,,,,,
1768375800,2026-01-14T07:30:00.000Z,0,0,,,,,,
1768377600,2026-01-14T08:00:00.000Z,0,0,,,,,,
1768379400,2026-01-14T08:30:00.000Z,0,0,,,,,,
1768381200,2026-01-14T09:00:00.000Z,0,0,,,,,,
1768383000,2026-01-14T09:30:00.000Z,0,0,,,,,,
1768384800,2026-01-14T10:00:00.000Z,0,0,,,,,,
1768386600,2026-01-14T10:30:00.000Z,0,0,,,,,,
1768388400,2026-01-14T11:00:00.000Z,0,0,,,,,,
1768390200,2026-01-14T11:30:00.000Z,0,0,,,,,,
1768392000,2026-01-14T12:00:00.000Z,0,0,,,,,,
1768393800,2026-01-14T12:30:00.000Z,0,0,,,,,,
1768395600,2026-01-14T13:00:00.000Z,0,0,,,,,,
1768397400,2026-01-14T13:30:00.000Z,0,0,,,,,,
1768399200,2026-01-14T14:00:00.000Z,0,0,,,,,,
1768401000,2026-01-14T14:30:00.000Z,0,0,,,,,,
1768402800,2026-01-14T15:00:00.000Z,0,0,,,,,,
1768404600,2026-01-14T15:30:00.000Z,0,0,,,,,,
1768406400,2026-01-14T16:00:00.000Z,0,0,,,,,,
1768408200,2026-01-14T16:30:00.000Z,0,0,,,,,,
1768410000,2026-01-14T17:00:00.000Z,0,0,,,,,,
1768411800,2026-01-14T17:30:00.000Z,0,0,,,,,,
1768413600,2026-01-14T18:00:00.000Z,0,0,,,,,,
1768415400,2026-01-14T18:30:00.000Z,0,0,,,,,,
1768417200,2026-01-14T19:00:00.000Z,0,0,,,,,,
1768419000,2026-01-14T19:30:00.000Z,0,0,,,,,,
1768420800,2026-01-14T20:00:00.000Z,0,1,,,,,,
1768422600,2026-01-14T20:30:00.000Z,0,0,,,,,,
1768424400,2026-01-14T21:00:00.000Z,0,0,,,,,,
1768426200,2026-01-14T21:30:00.000Z,0,0,,,,,,
1768428000,2026-01-14T22:00:00.000Z,0,0,,,,,,
1768429800,2026-01-14T22:30:00.000Z,0,0,,,,,,
1768438800,2026-01-15T01:00:00.000Z,0,0,,,,,,
1768440600,2026-01-15T01:30:00.000Z,0,0,,,,,,
1768442400,2026-01-15T02:00:00.000Z,0,0,,,,,,
1768444200,2026-01-15T02:30:00.000Z,0,0,,,,,,
1768446000,2026-01-15T03:00:00.000Z,0,0,,,,,,
1768447800,2026-01-15T03:30:00.000Z,0,0,,,,,,
1768449600,2026-01-15T04:00:00.000Z,0,0,,,,,,
1768451400,2026-01-15T04:30:00.000Z,0,0,,,,,,
1768453200,2026-01-15T05:00:00.000Z,0,0,,,,,,
1768455000,2026-01-15T05:30:00.000Z,0,0,,,,,,
1768456800,2026-01-15T06:00:00.000Z,0,0,,,,,,
1768458600,2026-01-15T06:30:00.000Z,0,0,,,,,,
1768460400,2026-01-15T07:00:00.000Z,0,0,,,,,,
1768462200,2026-01-15T07:30:00.000Z,0,0,,,,,,
1768464000,2026-01-15T08:00:00.000Z,0,0,,,,,,
1768465800,2026-01-15T08:30:00.000Z,0,0,,,,,,
1768467600,2026-01-15T09:00:00.000Z,0,0,,,,,,
1768469400,2026-01-15T09:30:00.000Z,0,0,,,,,,
1768471200,2026-01-15T10:00:00.000Z,0,0,,,,,,
1768473000,2026-01-15T10:30:00.000Z,0,0,,,,,,
1768474800,2026-01-15T11:00:00.000Z,0,0,,,,,,
1768476600,2026-01-15T11:30:00.000Z,0,0,,,,,,
1768478400,2026-01-15T12:00:00.000Z,0,0,,,,,,
1768480200,2026-01-15T12:30:00.000Z,0,0,,,,,,
1768482000,2026-01-15T13:00:00.000Z,0,0,,,,,,
1768483800,2026-01-15T13:30:00.000Z,0,0,,,,,,
1768485600,2026-01-15T14:00:00.000Z,0,0,,,,,,
1768487400,2026-01-15T14:30:00.000Z,0,0,,,,,,
1768489200,2026-01-15T15:00:00.000Z,0,0,,,,,,
1768491000,2026-01-15T15:30:00.000Z,0,0,,,,,,
1768492800,2026-01-15T16:00:00.000Z,0,0,,,,,,
1768494600,2026-01-15T16:30:00.000Z,0,0,,,,,,
1768496400,2026-01-15T17:00:00.000Z,0,0,,,,,,
1768498200,2026-01-15T17:30:00.000Z,0,0,,,,,,
1768500000,2026-01-15T18:00:00.000Z,0,0,,,,,,
1768501800,2026-01-15T18:30:00.000Z,0,0,,,,,,
1768503600,2026-01-15T19:00:00.000Z,0,0,,,,,,
1768505400,2026-01-15T19:30:00.000Z,0,0,,,,,,
1768507200,2026-01-15T20:00:00.000Z,0,0,,,,,,
1768509000,2026-01-15T20:30:00.000Z,0,0,,,,,,
1768510800,2026-01-15T21:00:00.000Z,0,0,,,,,,
1768512600,2026-01-15T21:30:00.000Z,0,0,,,,,,
1768514400,2026-01-15T22:00:00.000Z,0,0,,,,,,
1768516200,2026-01-15T22:30:00.000Z,0,0,,,,,,
1768525200,2026-01-16T01:00:00.000Z,0,0,,,,,,
1768527000,2026-01-16T01:30:00.000Z,0,0,,,,,,
1768528800,2026-01-16T02:00:00.000Z,0,0,,,,,,
1768530600,2026-01-16T02:30:00.000Z,0,0,,,,,,
1768532400,2026-01-16T03:00:00.000Z,0,0,,,,,,
1768534200,2026-01-16T03:30:00.000Z,0,0,,,,,,
1768536000,2026-01-16T04:00:00.000Z,0,0,,,,,,
1768537800,2026-01-16T04:30:00.000Z,0,0,,,,,,
1768539600,2026-01-16T05:00:00.000Z,0,0,,,,,,
1768541400,2026-01-16T05:30:00.000Z,0,0,,,,,,
1768543200,2026-01-16T06:00:00.000Z,0,0,,,,,,
1768545000,2026-01-16T06:30:00.000Z,0,0,,,,,,
1768546800,2026-01-16T07:00:00.000Z,0,0,,,,,,
1768548600,2026-01-16T07:30:00.000Z,0,0,,,,,,
1768550400,2026-01-16T08:00:00.000Z,0,0,,,,,,
1768552200,2026-01-16T08:30:00.000Z,0,0,,,,,,
1768554000,2026-01-16T09:00:00.000Z,0,0,,,,,,
1768555800,2026-01-16T09:30:00.000Z,0,0,,,,,,
1768557600,2026-01-16T10:00:00.000Z,0,0,,,,,,
1768559400,2026-01-16T10:30:00.000Z,0,0,,,,,,
1768561200,2026-01-16T11:00:00.000Z,0,0,,,,,,
1768563000,2026-01-16T11:30:00.000Z,0,0,,,,,,
1768564800,2026-01-16T12:00:00.000Z,0,0,,,,,,
1768566600,2026-01-16T12:30:00.000Z,0,0,,,,,,
1768568400,2026-01-16T13:00:00.000Z,0,0,,,,,,
1768570200,2026-01-16T13:30:00.000Z,0,0,,,,,,
1768572000,2026-01-16T14:00:00.000Z,0,0,,,,,,
1768573800,2026-01-16T14:30:00.000Z,0,0,,,,,,
1768575600,2026-01-16T15:00:00.000Z,0,0,,,,,,
1768577400,2026-01-16T15:30:00.000Z,0,0,,,,,,
1768579200,2026-01-16T16:00:00.000Z,0,0,,,,,,
1768581000,2026-01-16T16:30:00.000Z,0,0,,,,,,
1768582800,2026-01-16T17:00:00.000Z,0,0,,,,,,
1768584600,2026-01-16T17:30:00.000Z,0,0,,,,,,
1768586400,2026-01-16T18:00:00.000Z,0,0,,,,,,
1768588200,2026-01-16T18:30:00.000Z,0,0,,,,,,
1768590000,2026-01-16T19:00:00.000Z,0,0,,,,,,
1768591800,2026-01-16T19:30:00.000Z,0,0,,,,,,
1768593600,2026-01-16T20:00:00.000Z,0,0,,,,,,
1768595400,2026-01-16T20:30:00.000Z,0,0,,,,,,
1768597200,2026-01-16T21:00:00.000Z,0,0,,,,,,
1768599000,2026-01-16T21:30:00.000Z,0,0,,,,,,
1768600800,2026-01-16T22:00:00.000Z,0,0,,,,,,
1768602600,2026-01-16T22:30:00.000Z,0,0,,,,,,
1768777200,2026-01-18T23:00:00.000Z,0,0,,,,,,
1768779000,2026-01-18T23:30:00.000Z,0,0,,,,,,
1768780800,2026-01-19T00:00:00.000Z,0,0,,,,,,
1768782600,2026-01-19T00:30:00.000Z,0,0,,,,,,
1768784400,2026-01-19T01:00:00.000Z,0,0,,,,,,
1768786200,2026-01-19T01:30:00.000Z,0,0,,,,,,
1768788000,2026-01-19T02:00:00.000Z,0,0,,,,,,
1768789800,2026-01-19T02:30:00.000Z,0,0,,,,,,
1768791600,2026-01-19T03:00:00.000Z,0,0,,,,,,
1768793400,2026-01-19T03:30:00.000Z,0,0,,,,,,
1768795200,2026-01-19T04:00:00.000Z,0,0,,,,,,
1768797000,2026-01-19T04:30:00.000Z,0,0,,,,,,
1768798800,2026-01-19T05:00:00.000Z,0,0,,,,,,
1768800600,2026-01-19T05:30:00.000Z,0,0,,,,,,
1768802400,2026-01-19T06:00:00.000Z,0,0,,,,,,
1768804200,2026-01-19T06:30:00.000Z,0,0,,,,,,
1768806000,2026-01-19T07:00:00.000Z,0,0,,,,,,
1768807800,2026-01-19T07:30:00.000Z,0,0,,,,,,
1768809600,2026-01-19T08:00:00.000Z,0,0,,,,,,
1768811400,2026-01-19T08:30:00.000Z,0,0,,,,,,
1768813200,2026-01-19T09:00:00.000Z,0,0,,,,,,
1768815000,2026-01-19T09:30:00.000Z,0,0,,,,,,
1768816800,2026-01-19T10:00:00.000Z,0,0,,,,,,
1768818600,2026-01-19T10:30:00.000Z,0,0,,,,,,
1768820400,2026-01-19T11:00:00.000Z,0,0,,,,,,
1768822200,2026-01-19T11:30:00.000Z,0,0,,,,,,
1768824000,2026-01-19T12:00:00.000Z,0,0,,,,,,
1768825800,2026-01-19T12:30:00.000Z,0,0,,,,,,
1768827600,2026-01-19T13:00:00.000Z,0,0,,,,,,
1768829400,2026-01-19T13:30:00.000Z,0,0,,,,,,
1768831200,2026-01-19T14:00:00.000Z,0,0,,,,,,
1768833000,2026-01-19T14:30:00.000Z,0,0,,,,,,
1768834800,2026-01-19T15:00:00.000Z,0,0,,,,,,
1768836600,2026-01-19T15:30:00.000Z,0,0,,,,,,
1768838400,2026-01-19T16:00:00.000Z,0,0,,,,,,
1768840200,2026-01-19T16:30:00.000Z,0,0,,,,,,
1768842000,2026-01-19T17:00:00.000Z,0,0,,,,,,
1768843800,2026-01-19T17:30:00.000Z,0,0,,,,,,
1768845600,2026-01-19T18:00:00.000Z,0,0,,,,,,
1768847400,2026-01-19T18:30:00.000Z,0,0,,,,,,
1768849200,2026-01-19T19:00:00.000Z,0,0,,,,,,
1768851000,2026-01-19T19:30:00.000Z,0,0,,,,,,
1768852800,2026-01-19T20:00:00.000Z,0,0,,,,,,
1768854600,2026-01-19T20:30:00.000Z,0,0,,,,,,
1768856400,2026-01-19T21:00:00.000Z,0,0,,,,,,
1768858200,2026-01-19T21:30:00.000Z,0,0,,,,,,
1768860000,2026-01-19T22:00:00.000Z,0,0,,,,,,
1768861800,2026-01-19T22:30:00.000Z,0,0,,,,,,
1768870800,2026-01-20T01:00:00.000Z,0,0,,,,,,
1768872600,2026-01-20T01:30:00.000Z,0,0,,,,,,
1768874400,2026-01-20T02:00:00.000Z,0,0,,,,,,
1768876200,2026-01-20T02:30:00.000Z,0,0,,,,,,
1768878000,2026-01-20T03:00:00.000Z,0,0,,,,,,
1768879800,2026-01-20T03:30:00.000Z,0,0,,,,,,
1768881600,2026-01-20T04:00:00.000Z,0,0,,,,,,
1768883400,2026-01-20T04:30:00.000Z,0,0,,,,,,
1768885200,2026-01-20T05:00:00.000Z,0,0,,,,,,
1768887000,2026-01-20T05:30:00.000Z,0,0,,,,,,
1768888800,2026-01-20T06:00:00.000Z,0,0,,,,,,
1768890600,2026-01-20T06:30:00.000Z,0,0,,,,,,
1768892400,2026-01-20T07:00:00.000Z,0,0,,,,,,
1768894200,2026-01-20T07:30:00.000Z,0,0,,,,,,
1768896000,2026-01-20T08:00:00.000Z,0,0,,,,,,
1768897800,2026-01-20T08:30:00.000Z,0,0,,,,,,
1768899600,2026-01-20T09:00:00.000Z,0,0,,,,,,
1768901400,2026-01-20T09:30:00.000Z,0,0,,,,,,
1768903200,2026-01-20T10:00:00.000Z,0,0,,,,,,
1768905000,2026-01-20T10:30:00.000Z,0,0,,,,,,
1768906800,2026-01-20T11:00:00.000Z,0,0,,,,,,
1768908600,2026-01-20T11:30:00.000Z,0,0,,,,,,
1768910400,2026-01-20T12:00:00.000Z,0,0,,,,,,
1768912200,2026-01-20T12:30:00.000Z,0,0,,,,,,
1768914000,2026-01-20T13:00:00.000Z,0,0,,,,,,
1768915800,2026-01-20T13:30:00.000Z,0,0,,,,,,
1768917600,2026-01-20T14:00:00.000Z,0,0,,,,,,
1768919400,2026-01-20T14:30:00.000Z,0,0,,,,,,
1768921200,2026-01-20T15:00:00.000Z,0,0,,,,,,
1768923000,2026-01-20T15:30:00.000Z,0,0,,,,,,
1768924800,2026-01-20T16:00:00.000Z,0,0,,,,,,
1768926600,2026-01-20T16:30:00.000Z,0,0,,,,,,
1768928400,2026-01-20T17:00:00.000Z,0,0,,,,,,
1768930200,2026-01-20T17:30:00.000Z,0,0,,,,,,
1768932000,2026-01-20T18:00:00.000Z,0,0,,,,,,
1768933800,2026-01-20T18:30:00.000Z,0,0,,,,,,
1768935600,2026-01-20T19:00:00.000Z,0,0,,,,,,
1768937400,2026-01-20T19:30:00.000Z,0,0,,,,,,
1768939200,2026-01-20T20:00:00.000Z,0,0,,,,,,
1768941000,2026-01-20T20:30:00.000Z,0,0,,,,,,
1768942800,2026-01-20T21:00:00.000Z,0,0,,,,,,
1768944600,2026-01-20T21:30:00.000Z,0,0,,,,,,
1768946400,2026-01-20T22:00:00.000Z,0,0,,,,,,
1768948200,2026-01-20T22:30:00.000Z,0,0,,,,,,
1768957200,2026-01-21T01:00:00.000Z,0,0,,,,,,
1768959000,2026-01-21T01:30:00.000Z,0,0,,,,,,
1768960800,2026-01-21T02:00:00.000Z,0,0,,,,,,
1768962600,2026-01-21T02:30:00.000Z,0,0,,,,,,
1768964400,2026-01-21T03:00:00.000Z,0,0,,,,,,
1768966200,2026-01-21T03:30:00.000Z,0,0,,,,,,
1768968000,2026-01-21T04:00:00.000Z,0,0,,,,,,
1768969800,2026-01-21T04:30:00.000Z,0,0,,,,,,
1768971600,2026-01-21T05:00:00.000Z,0,0,,,,,,
1768973400,2026-01-21T05:30:00.000Z,0,0,,,,,,
1768975200,2026-01-21T06:00:00.000Z,0,0,,,,,,
1768977000,2026-01-21T06:30:00.000Z,0,0,,,,,,
1768978800,2026-01-21T07:00:00.000Z,0,0,,,,,,
1768980600,2026-01-21T07:30:00.000Z,0,0,,,,,,
1768982400,2026-01-21T08:00:00.000Z,0,0,,,,,,
1768984200,2026-01-21T08:30:00.000Z,0,0,,,,,,
1768986000,2026-01-21T09:00:00.000Z,0,0,,,,,,
1768987800,2026-01-21T09:30:00.000Z,0,0,,,,,,
1768989600,2026-01-21T10:00:00.000Z,0,0,,,,,,
1768991400,2026-01-21T10:30:00.000Z,0,0,,,,,,
1768993200,2026-01-21T11:00:00.000Z,0,0,,,,,,
1768995000,2026-01-21T11:30:00.000Z,0,0,,,,,,
1768996800,2026-01-21T12:00:00.000Z,0,0,,,,,,
1768998600,2026-01-21T12:30:00.000Z,0,0,,,,,,
1769000400,2026-01-21T13:00:00.000Z,0,0,,,,,,
1769002200,2026-01-21T13:30:00.000Z,0,0,,,,,,
1769004000,2026-01-21T14:00:00.000Z,0,0,,,,,,
1769005800,2026-01-21T14:30:00.000Z,0,0,,,,,,
1769007600,2026-01-21T15:00:00.000Z,0,0,,,,,,
1769009400,2026-01-21T15:30:00.000Z,0,0,,,,,,
1769011200,2026-01-21T16:00:00.000Z,0,0,,,,,,
1769013000,2026-01-21T16:30:00.000Z,0,0,,,,,,
1769014800,2026-01-21T17:00:00.000Z,0,0,,,,,,
1769016600,2026-01-21T17:30:00.000Z,0,0,,,,,,
1769018400,2026-01-21T18:00:00.000Z,0,0,,,,,,
1769020200,2026-01-21T18:30:00.000Z,0,0,,,,,,
1769022000,2026-01-21T19:00:00.000Z,0,0,,,,,,
1769023800,2026-01-21T19:30:00.000Z,0,0,,,,,,
1769025600,2026-01-21T20:00:00.000Z,0,0,,,,,,
1769027400,2026-01-21T20:30:00.000Z,0,0,,,,,,
1769029200,2026-01-21T21:00:00.000Z,0,0,,,,,,
1769031000,2026-01-21T21:30:00.000Z,0,0,,,,,,
1769032800,2026-01-21T22:00:00.000Z,0,0,,,,,,
1769034600,2026-01-21T22:30:00.000Z,0,0,,,,,,
1769043600,2026-01-22T01:00:00.000Z,0,0,,,,,,
1769045400,2026-01-22T01:30:00.000Z,0,0,,,,,,
1769047200,2026-01-22T02:00:00.000Z,0,0,,,,,,
1769049000,2026-01-22T02:30:00.000Z,0,0,,,,,,
1769050800,2026-01-22T03:00:00.000Z,0,0,,,,,,
1769052600,2026-01-22T03:30:00.000Z,0,0,,,,,,
1769054400,2026-01-22T04:00:00.000Z,0,0,,,,,,
1769056200,2026-01-22T04:30:00.000Z,0,0,,,,,,
1769058000,2026-01-22T05:00:00.000Z,0,0,,,,,,
1769059800,2026-01-22T05:30:00.000Z,0,0,,,,,,
1769061600,2026-01-22T06:00:00.000Z,0,1,,,,,,
1769063400,2026-01-22T06:30:00.000Z,0,0,,,,,,
1769065200,2026-01-22T07:00:00.000Z,0,0,,,,,,
1769067000,2026-01-22T07:30:00.000Z,0,0,,,,,,
1769068800,2026-01-22T08:00:00.000Z,0,0,,,,,,
1769070600,2026-01-22T08:30:00.000Z,0,0,,,,,,
1769072400,2026-01-22T09:00:00.000Z,0,0,,,,,,
1769074200,2026-01-22T09:30:00.000Z,0,0,,,,,,
1769076000,2026-01-22T10:00:00.000Z,0,0,,,,,,
1769077800,2026-01-22T10:30:00.000Z,0,0,,,,,,
1769079600,2026-01-22T11:00:00.000Z,0,0,,,,,,
1769081400,2026-01-22T11:30:00.000Z,0,0,,,,,,
1769083200,2026-01-22T12:00:00.000Z,0,0,,,,,,
1769085000,2026-01-22T12:30:00.000Z,0,0,,,,,,
1769086800,2026-01-22T13:00:00.000Z,0,0,,,,,,
1769088600,2026-01-22T13:30:00.000Z,0,0,,,,,,
1769090400,2026-01-22T14:00:00.000Z,0,0,,,,,,
1769092200,2026-01-22T14:30:00.000Z,0,0,,,,,,
1769094000,2026-01-22T15:00:00.000Z,0,0,,,,,,
1769095800,2026-01-22T15:30:00.000Z,0,0,,,,,,
1769097600,2026-01-22T16:00:00.000Z,0,0,,,,,,
1769099400,2026-01-22T16:30:00.000Z,0,0,,,,,,
1769101200,2026-01-22T17:00:00.000Z,0,0,,,,,,
1769103000,2026-01-22T17:30:00.000Z,0,0,,,,,,
1769104800,2026-01-22T18:00:00.000Z,0,0,,,,,,
1769106600,2026-01-22T18:30:00.000Z,0,0,,,,,,
1769108400,2026-01-22T19:00:00.000Z,0,0,,,,,,
1769110200,2026-01-22T19:30:00.000Z,0,0,,,,,,
1769112000,2026-01-22T20:00:00.000Z,0,0,,,,,,
1769113800,2026-01-22T20:30:00.000Z,0,0,,,,,,
1769115600,2026-01-22T21:00:00.000Z,0,0,,,,,,
1769117400,2026-01-22T21:30:00.000Z,0,0,,,,,,
1769119200,2026-01-22T22:00:00.000Z,0,0,,,,,,
1769121000,2026-01-22T22:30:00.000Z,0,0,,,,,,
1769130000,2026-01-23T01:00:00.000Z,0,0,,,,,,
1769131800,2026-01-23T01:30:00.000Z,0,0,,,,,,
1769133600,2026-01-23T02:00:00.000Z,0,0,,,,,,
1769135400,2026-01-23T02:30:00.000Z,0,0,,,,,,
1769137200,2026-01-23T03:00:00.000Z,0,0,,,,,,
1769139000,2026-01-23T03:30:00.000Z,0,0,,,,,,
1769140800,2026-01-23T04:00:00.000Z,0,0,,,,,,
1769142600,2026-01-23T04:30:00.000Z,0,0,,,,,,
1769144400,2026-01-23T05:00:00.000Z,0,0,,,,,,
1769146200,2026-01-23T05:30:00.000Z,0,0,,,,,,
1769148000,2026-01-23T06:00:00.000Z,0,0,,,,,,
1769149800,2026-01-23T06:30:00.000Z,0,0,,,,,,
1769151600,2026-01-23T07:00:00.000Z,0,0,,,,,,
1769153400,2026-01-23T07:30:00.000Z,0,0,,,,,,
1769155200,2026-01-23T08:00:00.000Z,0,0,,,,,,
1769157000,2026-01-23T08:30:00.000Z,0,0,,,,,,
1769158800,2026-01-23T09:00:00.000Z,0,0,,,,,,
1769160600,2026-01-23T09:30:00.000Z,0,0,,,,,,
1769162400,2026-01-23T10:00:00.000Z,0,0,,,,,,
1769164200,2026-01-23T10:30:00.000Z,0,0,,,,,,
1769166000,2026-01-23T11:00:00.000Z,0,0,,,,,,
1769167800,2026-01-23T11:30:00.000Z,0,0,,,,,,
1769169600,2026-01-23T12:00:00.000Z,0,0,,,,,,
1769171400,2026-01-23T12:30:00.000Z,0,0,,,,,,
1769173200,2026-01-23T13:00:00.000Z,0,0,,,,,,
1769175000,2026-01-23T13:30:00.000Z,0,0,,,,,,
1769176800,2026-01-23T14:00:00.000Z,0,0,,,,,,
1769178600,2026-01-23T14:30:00.000Z,0,0,,,,,,
1769180400,2026-01-23T15:00:00.000Z,0,0,,,,,,
1769182200,2026-01-23T15:30:00.000Z,0,0,,,,,,
1769184000,2026-01-23T16:00:00.000Z,0,0,,,,,,
1769185800,2026-01-23T16:30:00.000Z,0,0,,,,,,
1769187600,2026-01-23T17:00:00.000Z,0,0,,,,,,
1769189400,2026-01-23T17:30:00.000Z,0,0,,,,,,
1769191200,2026-01-23T18:00:00.000Z,0,0,,,,,,
1769193000,2026-01-23T18:30:00.000Z,0,0,,,,,,
1769194800,2026-01-23T19:00:00.000Z,0,0,,,,,,
1769196600,2026-01-23T19:30:00.000Z,0,0,,,,,,
1769198400,2026-01-23T20:00:00.000Z,0,0,,,,,,
1769200200,2026-01-23T20:30:00.000Z,0,0,,,,,,
1769202000,2026-01-23T21:00:00.000Z,0,0,,,,,,
1769203800,2026-01-23T21:30:00.000Z,0,0,,,,,,
1769205600,2026-01-23T22:00:00.000Z,0,0,,,,,,
1769207400,2026-01-23T22:30:00.000Z,0,0,,,,,,
1769382000,2026-01-25T23:00:00.000Z,0,0,,,,,,
1769383800,2026-01-25T23:30:00.000Z,0,0,,,,,,
1769385600,2026-01-26T00:00:00.000Z,0,0,,,,,,
1769387400,2026-01-26T00:30:00.000Z,0,0,,,,,,
1769389200,2026-01-26T01:00:00.000Z,0,0,,,,,,
1769391000,2026-01-26T01:30:00.000Z,0,0,,,,,,
1769392800,2026-01-26T02:00:00.000Z,0,0,,,,,,
1769394600,2026-01-26T02:30:00.000Z,0,0,,,,,,
1769396400,2026-01-26T03:00:00.000Z,0,0,,,,,,
1769398200,2026-01-26T03:30:00.000Z,0,0,,,,,,
1769400000,2026-01-26T04:00:00.000Z,0,0,,,,,,
1769401800,2026-01-26T04:30:00.000Z,0,0,,,,,,
1769403600,2026-01-26T05:00:00.000Z,0,0,,,,,,
1769405400,2026-01-26T05:30:00.000Z,0,0,,,,,,
1769407200,2026-01-26T06:00:00.000Z,0,0,,,,,,
1769409000,2026-01-26T06:30:00.000Z,0,0,,,,,,
1769410800,2026-01-26T07:00:00.000Z,0,0,,,,,,
1769412600,2026-01-26T07:30:00.000Z,0,0,,,,,,
1769414400,2026-01-26T08:00:00.000Z,0,0,,,,,,
1769416200,2026-01-26T08:30:00.000Z,0,0,,,,,,
1769418000,2026-01-26T09:00:00.000Z,0,0,,,,,,
1769419800,2026-01-26T09:30:00.000Z,0,0,,,,,,
1769421600,2026-01-26T10:00:00.000Z,0,0,,,,,,
1769423400,2026-01-26T10:30:00.000Z,0,0,,,,,,
1769425200,2026-01-26T11:00:00.000Z,0,0,,,,,,
1769427000,2026-01-26T11:30:00.000Z,0,0,,,,,,
1769428800,2026-01-26T12:00:00.000Z,0,0,,,,,,
1769430600,2026-01-26T12:30:00.000Z,0,0,,,,,,
1769432400,2026-01-26T13:00:00.000Z,0,0,,,,,,
1769434200,2026-01-26T13:30:00.000Z,0,0,,,,,,
1769436000,2026-01-26T14:00:00.000Z,0,0,,,,,,
1769437800,2026-01-26T14:30:00.000Z,0,0,,,,,,
1769439600,2026-01-26T15:00:00.000Z,0,0,,,,,,
1769441400,2026-01-26T15:30:00.000Z,0,0,,,,,,
1769443200,2026-01-26T16:00:00.000Z,0,0,,,,,,
1769445000,2026-01-26T16:30:00.000Z,0,0,,,,,,
1769446800,2026-01-26T17:00:00.000Z,0,0,,,,,,
1769448600,2026-01-26T17:30:00.000Z,0,0,,,,,,
1769450400,2026-01-26T18:00:00.000Z,0,0,,,,,,
1769452200,2026-01-26T18:30:00.000Z,0,0,,,,,,
1769454000,2026-01-26T19:00:00.000Z,0,0,,,,,,
1769455800,2026-01-26T19:30:00.000Z,0,0,,,,,,
1769457600,2026-01-26T20:00:00.000Z,0,0,,,,,,
1769459400,2026-01-26T20:30:00.000Z,0,0,,,,,,
1769461200,2026-01-26T21:00:00.000Z,0,0,,,,,,
1769463000,2026-01-26T21:30:00.000Z,0,0,,,,,,
1769464800,2026-01-26T22:00:00.000Z,0,0,,,,,,
1769466600,2026-01-26T22:30:00.000Z,0,0,,,,,,
1769475600,2026-01-27T01:00:00.000Z,0,0,,,,,,
1769477400,2026-01-27T01:30:00.000Z,0,0,,,,,,
1769479200,2026-01-27T02:00:00.000Z,0,0,,,,,,
1769481000,2026-01-27T02:30:00.000Z,0,0,,,,,,
1769482800,2026-01-27T03:00:00.000Z,0,0,,,,,,
1769484600,2026-01-27T03:30:00.000Z,0,0,,,,,,
1769486400,2026-01-27T04:00:00.000Z,0,0,,,,,,
1769488200,2026-01-27T04:30:00.000Z,0,0,,,,,,
1769490000,2026-01-27T05:00:00.000Z,0,0,,,,,,
1769491800,2026-01-27T05:30:00.000Z,0,0,,,,,,
1769493600,2026-01-27T06:00:00.000Z,0,0,,,,,,
1769495400,2026-01-27T06:30:00.000Z,0,0,,,,,,
1769497200,2026-01-27T07:00:00.000Z,0,0,,,,,,
1769499000,2026-01-27T07:30:00.000Z,0,0,,,,,,
1769500800,2026-01-27T08:00:00.000Z,0,0,,,,,,
1769502600,2026-01-27T08:30:00.000Z,0,0,,,,,,
1769504400,2026-01-27T09:00:00.000Z,0,0,,,,,,
1769506200,2026-01-27T09:30:00.000Z,0,0,,,,,,
1769508000,2026-01-27T10:00:00.000Z,0,0,,,,,,
1769509800,2026-01-27T10:30:00.000Z,0,0,,,,,,
1769511600,2026-01-27T11:00:00.000Z,0,0,,,,,,
1769513400,2026-01-27T11:30:00.000Z,0,0,,,,,,
1769515200,2026-01-27T12:00:00.000Z,0,0,,,,,,
1769517000,2026-01-27T12:30:00.000Z,0,0,,,,,,
1769518800,2026-01-27T13:00:00.000Z,0,0,,,,,,
1769520600,2026-01-27T13:30:00.000Z,0,0,,,,,,
1769522400,2026-01-27T14:00:00.000Z,0,0,,,,,,
1769524200,2026-01-27T14:30:00.000Z,0,0,,,,,,
1769526000,2026-01-27T15:00:00.000Z,0,0,,,,,,
1769527800,2026-01-27T15:30:00.000Z,0,0,,,,,,
1769529600,2026-01-27T16:00:00.000Z,0,0,,,,,,
1769531400,2026-01-27T16:30:00.000Z,0,0,,,,,,
1769533200,2026-01-27T17:00:00.000Z,0,0,,,,,,
1769535000,2026-01-27T17:30:00.000Z,0,0,,,,,,
1769536800,2026-01-27T18:00:00.000Z,0,0,,,,,,
1769538600,2026-01-27T18:30:00.000Z,0,0,,,,,,
1769540400,2026-01-27T19:00:00.000Z,0,0,,,,,,
1769542200,2026-01-27T19:30:00.000Z,0,0,,,,,,
1769544000,2026-01-27T20:00:00.000Z,0,0,,,,,,
1769545800,2026-01-27T20:30:00.000Z,0,0,,,,,,
1769547600,2026-01-27T21:00:00.000Z,0,0,,,,,,
1769549400,2026-01-27T21:30:00.000Z,0,0,,,,,,
1769551200,2026-01-27T22:00:00.000Z,0,0,,,,,,
1769553000,2026-01-27T22:30:00.000Z,0,0,,,,,,
1769562000,2026-01-28T01:00:00.000Z,0,0,,,,,,
1769563800,2026-01-28T01:30:00.000Z,0,0,,,,,,
1769565600,2026-01-28T02:00:00.000Z,0,0,,,,,,
1769567400,2026-01-28T02:30:00.000Z,0,0,,,,,,
1769569200,2026-01-28T03:00:00.000Z,0,0,,,,,,
1769571000,2026-01-28T03:30:00.000Z,0,0,,,,,,
1769572800,2026-01-28T04:00:00.000Z,0,0,,,,,,
1769574600,2026-01-28T04:30:00.000Z,0,0,,,,,,
1769576400,2026-01-28T05:00:00.000Z,0,0,,,,,,
1769578200,2026-01-28T05:30:00.000Z,0,0,,,,,,
1769580000,2026-01-28T06:00:00.000Z,0,0,,,,,,
1769581800,2026-01-28T06:30:00.000Z,0,0,,,,,,
1769583600,2026-01-28T07:00:00.000Z,0,0,,,,,,
1769585400,2026-01-28T07:30:00.000Z,0,0,,,,,,
1769587200,2026-01-28T08:00:00.000Z,0,0,,,,,,
1769589000,2026-01-28T08:30:00.000Z,0,0,,,,,,
1769590800,2026-01-28T09:00:00.000Z,0,0,,,,,,
1769592600,2026-01-28T09:30:00.000Z,0,0,,,,,,
1769594400,2026-01-28T10:00:00.000Z,0,0,,,,,,
1769596200,2026-01-28T10:30:00.000Z,0,0,,,,,,
1769598000,2026-01-28T11:00:00.000Z,0,0,,,,,,
1769599800,2026-01-28T11:30:00.000Z,0,0,,,,,,
1769601600,2026-01-28T12:00:00.000Z,0,0,,,,,,
1769603400,2026-01-28T12:30:00.000Z,0,0,,,,,,
1769605200,2026-01-28T13:00:00.000Z,0,0,,,,,,
1769607000,2026-01-28T13:30:00.000Z,0,0,,,,,,
1769608800,2026-01-28T14:00:00.000Z,0,0,,,,,,
1769610600,2026-01-28T14:30:00.000Z,0,0,,,,,,
1769612400,2026-01-28T15:00:00.000Z,0,0,,,,,,
1769614200,2026-01-28T15:30:00.000Z,0,0,,,,,,
1769616000,2026-01-28T16:00:00.000Z,0,0,,,,,,
1769617800,2026-01-28T16:30:00.000Z,0,0,,,,,,
1769619600,2026-01-28T17:00:00.000Z,0,0,,,,,,
1769621400,2026-01-28T17:30:00.000Z,0,0,,,,,,
1769623200,2026-01-28T18:00:00.000Z,0,0,,,,,,
1769625000,2026-01-28T18:30:00.000Z,0,0,,,,,,
1769626800,2026-01-28T19:00:00.000Z,0,0,,,,,,
1769628600,2026-01-28T19:30:00.000Z,0,0,,,,,,
1769630400,2026-01-28T20:00:00.000Z,0,0,,,,,,
1769632200,2026-01-28T20:30:00.000Z,0,0,,,,,,
1769634000,2026-01-28T21:00:00.000Z,0,0,,,,,,
1769635800,2026-01-28T21:30:00.000Z,0,0,,,,,,
1769637600,2026-01-28T22:00:00.000Z,0,0,,,,,,
1769639400,2026-01-28T22:30:00.000Z,0,0,,,,,,
1769648400,2026-01-29T01:00:00.000Z,0,0,,,,,,
1769650200,2026-01-29T01:30:00.000Z,0,0,,,,,,
1769652000,2026-01-29T02:00:00.000Z,0,0,,,,,,
1769653800,2026-01-29T02:30:00.000Z,0,0,,,,,,
1769655600,2026-01-29T03:00:00.000Z,0,0,,,,,,
1769657400,2026-01-29T03:30:00.000Z,0,0,,,,,,
1769659200,2026-01-29T04:00:00.000Z,0,0,,,,,,
1769661000,2026-01-29T04:30:00.000Z,0,0,,,,,,
1769662800,2026-01-29T05:00:00.000Z,0,0,,,,,,
1769664600,2026-01-29T05:30:00.000Z,0,0,,,,,,
1769666400,2026-01-29T06:00:00.000Z,0,0,,,,,,
1769668200,2026-01-29T06:30:00.000Z,0,0,,,,,,
1769670000,2026-01-29T07:00:00.000Z,0,0,,,,,,
1769671800,2026-01-29T07:30:00.000Z,0,0,,,,,,
1769673600,2026-01-29T08:00:00.000Z,0,0,,,,,,
1769675400,2026-01-29T08:30:00.000Z,0,0,,,,,,
1769677200,2026-01-29T09:00:00.000Z,0,0,,,,,,
1769679000,2026-01-29T09:30:00.000Z,0,0,,,,,,
1769680800,2026-01-29T10:00:00.000Z,0,0,,,,,,
1769682600,2026-01-29T10:30:00.000Z,0,0,,,,,,
1769684400,2026-01-29T11:00:00.000Z,0,0,,,,,,
1769686200,2026-01-29T11:30:00.000Z,0,0,,,,,,
1769688000,2026-01-29T12:00:00.000Z,0,0,,,,,,
1769689800,2026-01-29T12:30:00.000Z,0,0,,,,,,
1769691600,2026-01-29T13:00:00.000Z,0,0,,,,,,
1769693400,2026-01-29T13:30:00.000Z,0,0,,,,,,
1769695200,2026-01-29T14:00:00.000Z,0,0,,,,,,
1769697000,2026-01-29T14:30:00.000Z,0,0,,,,,,
1769698800,2026-01-29T15:00:00.000Z,0,0,,,,,,
1769700600,2026-01-29T15:30:00.000Z,0,0,,,,,,
1769702400,2026-01-29T16:00:00.000Z,0,0,,,,,,
1769704200,2026-01-29T16:30:00.000Z,0,0,,,,,,
1769706000,2026-01-29T17:00:00.000Z,0,0,,,,,,
1769707800,2026-01-29T17:30:00.000Z,0,0,,,,,,
1769709600,2026-01-29T18:00:00.000Z,0,0,,,,,,
1769711400,2026-01-29T18:30:00.000Z,0,0,,,,,,
1769713200,2026-01-29T19:00:00.000Z,0,0,,,,,,
1769715000,2026-01-29T19:30:00.000Z,0,0,,,,,,
1769716800,2026-01-29T20:00:00.000Z,0,0,,,,,,
1769718600,2026-01-29T20:30:00.000Z,0,0,,,,,,
1769720400,2026-01-29T21:00:00.000Z,0,0,,,,,,
1769722200,2026-01-29T21:30:00.000Z,0,0,,,,,,
1769724000,2026-01-29T22:00:00.000Z,0,0,,,,,,
1769725800,2026-01-29T22:30:00.000Z,0,0,,,,,,
1769734800,2026-01-30T01:00:00.000Z,0,0,,,,,,
1769736600,2026-01-30T01:30:00.000Z,0,0,,,,,,
1769738400,2026-01-30T02:00:00.000Z,0,0,,,,,,
1769740200,2026-01-30T02:30:00.000Z,0,0,,,,,,
1769742000,2026-01-30T03:00:00.000Z,0,0,,,,,,
1769743800,2026-01-30T03:30:00.000Z,0,0,,,,,,
1769745600,2026-01-30T04:00:00.000Z,0,0,,,,,,
1769747400,2026-01-30T04:30:00.000Z,0,0,,,,,,
1769749200,2026-01-30T05:00:00.000Z,0,0,,,,,,
1769751000,2026-01-30T05:30:00.000Z,0,0,,,,,,
1769752800,2026-01-30T06:00:00.000Z,0,0,,,,,,
1769754600,2026-01-30T06:30:00.000Z,0,0,,,,,,
1769756400,2026-01-30T07:00:00.000Z,0,0,,,,,,
1769758200,2026-01-30T07:30:00.000Z,0,0,,,,,,
1769760000,2026-01-30T08:00:00.000Z,0,0,,,,,,
1769761800,2026-01-30T08:30:00.000Z,0,0,,,,,,
1769763600,2026-01-30T09:00:00.000Z,0,0,,,,,,
1769765400,2026-01-30T09:30:00.000Z,0,0,,,,,,
1769767200,2026-01-30T10:00:00.000Z,0,0,,,,,,
1769769000,2026-01-30T10:30:00.000Z,0,0,,,,,,
1769770800,2026-01-30T11:00:00.000Z,0,0,,,,,,
1769772600,2026-01-30T11:30:00.000Z,0,0,,,,,,
1769774400,2026-01-30T12:00:00.000Z,0,0,,,,,,
1769776200,2026-01-30T12:30:00.000Z,0,0,,,,,,
1769778000,2026-01-30T13:00:00.000Z,0,0,,,,,,
1769779800,2026-01-30T13:30:00.000Z,0,0,,,,,,
1769781600,2026-01-30T14:00:00.000Z,0,0,,,,,,
1769783400,2026-01-30T14:30:00.000Z,0,0,,,,,,
1769785200,2026-01-30T15:00:00.000Z,0,0,,,,,,
1769787000,2026-01-30T15:30:00.000Z,0,0,,,,,,
1769788800,2026-01-30T16:00:00.000Z,0,0,,,,,,
1769790600,2026-01-30T16:30:00.000Z,0,0,,,,,,
1769792400,2026-01-30T17:00:00.000Z,0,0,,,,,,
1769794200,2026-01-30T17:30:00.000Z,0,0,,,,,,
1769796000,2026-01-30T18:00:00.000Z,0,0,,,,,,
1769797800,2026-01-30T18:30:00.000Z,0,0,,,,,,
1769799600,2026-01-30T19:00:00.000Z,0,0,,,,,,
1769801400,2026-01-30T19:30:00.000Z,0,0,,,,,,
1769803200,2026-01-30T20:00:00.000Z,0,0,,,,,,
1769805000,2026-01-30T20:30:00.000Z,0,0,,,,,,
1769806800,2026-01-30T21:00:00.000Z,0,0,,,,,,
1769808600,2026-01-30T21:30:00.000Z,0,0,,,,,,
1769810400,2026-01-30T22:00:00.000Z,0,0,,,,,,
1769812200,2026-01-30T22:30:00.000Z,0,0,,,,,,
1769986800,2026-02-01T23:00:00.000Z,0,0,,,,,,
1769988600,2026-02-01T23:30:00.000Z,0,0,,,,,,
1769990400,2026-02-02T00:00:00.000Z,0,0,,,,,,
1769992200,2026-02-02T00:30:00.000Z,0,0,,,,,,
1769994000,2026-02-02T01:00:00.000Z,0,0,,,,,,
1769995800,2026-02-02T01:30:00.000Z,0,0,,,,,,
1769997600,2026-02-02T02:00:00.000Z,0,0,,,,,,
1769999400,2026-02-02T02:30:00.000Z,0,0,,,,,,
1770001200,2026-02-02T03:00:00.000Z,0,0,,,,,,
1770003000,2026-02-02T03:30:00.000Z,0,0,,,,,,
1770004800,2026-02-02T04:00:00.000Z,0,0,,,,,,
1770006600,2026-02-02T04:30:00.000Z,0,0,,,,,,
1770008400,2026-02-02T05:00:00.000Z,0,0,,,,,,
1770010200,2026-02-02T05:30:00.000Z,0,0,,,,,,
1770012000,2026-02-02T06:00:00.000Z,0,0,,,,,,
1770013800,2026-02-02T06:30:00.000Z,0,0,,,,,,
1770015600,2026-02-02T07:00:00.000Z,0,0,,,,,,
1770017400,2026-02-02T07:30:00.000Z,0,0,,,,,,
1770019200,2026-02-02T08:00:00.000Z,0,0,,,,,,
1770021000,2026-02-02T08:30:00.000Z,0,0,,,,,,
1770022800,2026-02-02T09:00:00.000Z,0,0,,,,,,
1770024600,2026-02-02T09:30:00.000Z,0,0,,,,,,
1770026400,2026-02-02T10:00:00.000Z,0,0,,,,,,
1770028200,2026-02-02T10:30:00.000Z,0,0,,,,,,
1770030000,2026-02-02T11:00:00.000Z,0,0,,,,,,
1770031800,2026-02-02T11:30:00.000Z,0,0,,,,,,
1770033600,2026-02-02T12:00:00.000Z,0,0,,,,,,
1770035400,2026-02-02T12:30:00.000Z,0,0,,,,,,
1770037200,2026-02-02T13:00:00.000Z,0,0,,,,,,
1770039000,2026-02-02T13:30:00.000Z,0,0,,,,,,
1770040800,2026-02-02T14:00:00.000Z,0,0,,,,,,
1770042600,2026-02-02T14:30:00.000Z,0,0,,,,,,
1770044400,2026-02-02T15:00:00.000Z,0,0,,,,,,
1770046200,2026-02-02T15:30:00.000Z,0,0,,,,,,
1770048000,2026-02-02T16:00:00.000Z,0,0,,,,,,
1770049800,2026-02-02T16:30:00.000Z,0,0,,,,,,
1770051600,2026-02-02T17:00:00.000Z,0,0,,,,,,
1770053400,2026-02-02T17:30:00.000Z,0,0,,,,,,
1770055200,2026-02-02T18:00:00.000Z,0,0,,,,,,
1770057000,2026-02-02T18:30:00.000Z,0,0,,,,,,
1770058800,2026-02-02T19:00:00.000Z,0,0,,,,,,
1770060600,2026-02-02T19:30:00.000Z,0,0,,,,,,
1770062400,2026-02-02T20:00:00.000Z,0,0,,,,,,
1770064200,2026-02-02T20:30:00.000Z,0,0,,,,,,
1770066000,2026-02-02T21:00:00.000Z,0,0,,,,,,
1770067800,2026-02-02T21:30:00.000Z,0,0,,,,,,
1770069600,2026-02-02T22:00:00.000Z,0,0,,,,,,
1770071400,2026-02-02T22:30:00.000Z,0,0,,,,,,
1770080400,2026-02-03T01:00:00.000Z,0,0,,,,,,
1770082200,2026-02-03T01:30:00.000Z,0,0,,,,,,
1770084000,2026-02-03T02:00:00.000Z,0,0,,,,,,
1770085800,2026-02-03T02:30:00.000Z,0,0,,,,,,
1770087600,2026-02-03T03:00:00.000Z,0,0,,,,,,
1770089400,2026-02-03T03:30:00.000Z,0,0,,,,,,
1770091200,2026-02-03T04:00:00.000Z,0,0,,,,,,
1770093000,2026-02-03T04:30:00.000Z,0,0,,,,,,
1770094800,2026-02-03T05:00:00.000Z,0,0,,,,,,
1770096600,2026-02-03T05:30:00.000Z,0,0,,,,,,
1770098400,2026-02-03T06:00:00.000Z,0,0,,,,,,
1770100200,2026-02-03T06:30:00.000Z,0,0,,,,,,
1770102000,2026-02-03T07:00:00.000Z,0,0,,,,,,
1770103800,2026-02-03T07:30:00.000Z,0,0,,,,,,
1770105600,2026-02-03T08:00:00.000Z,0,0,,,,,,
1770107400,2026-02-03T08:30:00.000Z,0,0,,,,,,
1770109200,2026-02-03T09:00:00.000Z,0,0,,,,,,
1770111000,2026-02-03T09:30:00.000Z,0,0,,,,,,
1770112800,2026-02-03T10:00:00.000Z,1,0,,,,,,
1770114600,2026-02-03T10:30:00.000Z,0,0,,,,,,
1770116400,2026-02-03T11:00:00.000Z,0,0,,,,,,
1770118200,2026-02-03T11:30:00.000Z,0,0,,,,,,
1770120000,2026-02-03T12:00:00.000Z,0,0,,,,,,
1770121800,2026-02-03T12:30:00.000Z,0,0,,,,,,
1770123600,2026-02-03T13:00:00.000Z,0,0,,,,,,
1770125400,2026-02-03T13:30:00.000Z,0,0,,,,,,
1770127200,2026-02-03T14:00:00.000Z,0,0,,,,,,
1770129000,2026-02-03T14:30:00.000Z,0,0,,,,,,
1770130800,2026-02-03T15:00:00.000Z,0,0,,,,,,
1770132600,2026-02-03T15:30:00.000Z,0,0,,,,,,
1770134400,2026-02-03T16:00:00.000Z,0,0,,,,,,
1770136200,2026-02-03T16:30:00.000Z,0,0,,,,,,
1770138000,2026-02-03T17:00:00.000Z,0,0,,,,,,
1770139800,2026-02-03T17:30:00.000Z,0,0,,,,,,
1770141600,2026-02-03T18:00:00.000Z,0,0,,,,,,
1770143400,2026-02-03T18:30:00.000Z,0,0,,,,,,
1770145200,2026-02-03T19:00:00.000Z,0,0,,,,,,
1770147000,2026-02-03T19:30:00.000Z,0,0,,,,,,
1770148800,2026-02-03T20:00:00.000Z,0,0,,,,,,
1770150600,2026-02-03T20:30:00.000Z,0,0,,,,,,
1770152400,2026-02-03T21:00:00.000Z,0,0,,,,,,
1770154200,2026-02-03T21:30:00.000Z,0,0,,,,,,
1770156000,2026-02-03T22:00:00.000Z,0,0,,,,,,
1770157800,2026-02-03T22:30:00.000Z,0,0,,,,,,
1770166800,2026-02-04T01:00:00.000Z,0,0,,,,,,
1770168600,2026-02-04T01:30:00.000Z,0,0,,,,,,
1770170400,2026-02-04T02:00:00.000Z,0,0,,,,,,
1770172200,2026-02-04T02:30:00.000Z,0,0,,,,,,
1770174000,2026-02-04T03:00:00.000Z,0,0,,,,,,
1770175800,2026-02-04T03:30:00.000Z,0,0,,,,,,
1770177600,2026-02-04T04:00:00.000Z,0,0,,,,,,
1770179400,2026-02-04T04:30:00.000Z,0,0,,,,,,
1770181200,2026-02-04T05:00:00.000Z,0,0,,,,,,
1770183000,2026-02-04T05:30:00.000Z,0,0,,,,,,
1770184800,2026-02-04T06:00:00.000Z,0,0,,,,,,
1770186600,2026-02-04T06:30:00.000Z,0,0,,,,,,
1770188400,2026-02-04T07:00:00.000Z,0,0,,,,,,
1770190200,2026-02-04T07:30:00.000Z,0,0,,,,,,
1770192000,2026-02-04T08:00:00.000Z,0,0,,,,,,
1770193800,2026-02-04T08:30:00.000Z,0,0,,,,,,
1770195600,2026-02-04T09:00:00.000Z,0,0,,,,,,
1770197400,2026-02-04T09:30:00.000Z,0,0,,,,,,
1770199200,2026-02-04T10:00:00.000Z,0,0,,,,,,
1770201000,2026-02-04T10:30:00.000Z,0,0,,,,,,
1770202800,2026-02-04T11:00:00.000Z,0,0,,,,,,
1770204600,2026-02-04T11:30:00.000Z,0,0,,,,,,
1770206400,2026-02-04T12:00:00.000Z,0,0,,,,,,
1770208200,2026-02-04T12:30:00.000Z,0,0,,,,,,
1770210000,2026-02-04T13:00:00.000Z,0,0,,,,,,
1770211800,2026-02-04T13:30:00.000Z,0,0,,,,,,
1770213600,2026-02-04T14:00:00.000Z,0,0,,,,,,
1770215400,2026-02-04T14:30:00.000Z,0,0,,,,,,
1770217200,2026-02-04T15:00:00.000Z,0,0,,,,,,
1770219000,2026-02-04T15:30:00.000Z,0,0,,,,,,
1770220800,2026-02-04T16:00:00.000Z,0,0,,,,,,
1770222600,2026-02-04T16:30:00.000Z,0,0,,,,,,
1770224400,2026-02-04T17:00:00.000Z,0,0,,,,,,
1770226200,2026-02-04T17:30:00.000Z,0,0,,,,,,
1770228000,2026-02-04T18:00:00.000Z,0,0,,,,,,
1770229800,2026-02-04T18:30:00.000Z,0,0,,,,,,
1770231600,2026-02-04T19:00:00.000Z,0,0,,,,,,
1770233400,2026-02-04T19:30:00.000Z,0,0,,,,,,
1770235200,2026-02-04T20:00:00.000Z,0,1,,,,,,
1770237000,2026-02-04T20:30:00.000Z,0,0,,,,,,
1770238800,2026-02-04T21:00:00.000Z,0,0,,,,,,
1770240600,2026-02-04T21:30:00.000Z,0,0,,,,,,
1770242400,2026-02-04T22:00:00.000Z,0,0,,,,,,
1770244200,2026-02-04T22:30:00.000Z,0,0,,,,,,
1770253200,2026-02-05T01:00:00.000Z,0,0,,,,,,
1770255000,2026-02-05T01:30:00.000Z,0,0,,,,,,
1770256800,2026-02-05T02:00:00.000Z,0,0,,,,,,
1770258600,2026-02-05T02:30:00.000Z,0,0,,,,,,
1770260400,2026-02-05T03:00:00.000Z,0,0,,,,,,
1770262200,2026-02-05T03:30:00.000Z,0,0,,,,,,
1770264000,2026-02-05T04:00:00.000Z,0,0,,,,,,
1770265800,2026-02-05T04:30:00.000Z,0,0,,,,,,
1770267600,2026-02-05T05:00:00.000Z,0,0,,,,,,
1770269400,2026-02-05T05:30:00.000Z,0,0,,,,,,
1770271200,2026-02-05T06:00:00.000Z,0,0,,,,,,
1770273000,2026-02-05T06:30:00.000Z,0,0,,,,,,
1770274800,2026-02-05T07:00:00.000Z,0,0,,,,,,
1770276600,2026-02-05T07:30:00.000Z,0,0,,,,,,
1770278400,2026-02-05T08:00:00.000Z,0,0,,,,,,
1770280200,2026-02-05T08:30:00.000Z,0,0,,,,,,
1770282000,2026-02-05T09:00:00.000Z,0,0,,,,,,
1770283800,2026-02-05T09:30:00.000Z,0,0,,,,,,
1770285600,2026-02-05T10:00:00.000Z,0,0,,,,,,
1770287400,2026-02-05T10:30:00.000Z,0,0,,,,,,
1770289200,2026-02-05T11:00:00.000Z,0,0,,,,,,
1770291000,2026-02-05T11:30:00.000Z,0,0,,,,,,
1770292800,2026-02-05T12:00:00.000Z,0,0,,,,,,
1770294600,2026-02-05T12:30:00.000Z,0,0,,,,,,
1770296400,2026-02-05T13:00:00.000Z,0,0,,,,,,
1770298200,2026-02-05T13:30:00.000Z,0,0,,,,,,
1770300000,2026-02-05T14:00:00.000Z,0,0,,,,,,
1770301800,2026-02-05T14:30:00.000Z,0,0,,,,,,
1770303600,2026-02-05T15:00:00.000Z,0,0,,,,,,
1770305400,2026-02-05T15:30:00.000Z,0,0,,,,,,
1770307200,2026-02-05T16:00:00.000Z,0,0,,,,,,
1770309000,2026-02-05T16:30:00.000Z,0,0,,,,,,
1770310800,2026-02-05T17:00:00.000Z,0,0,,,,,,
1770312600,2026-02-05T17:30:00.000Z,0,0,,,,,,
1770314400,2026-02-05T18:00:00.000Z,0,0,,,,,,
1770316200,2026-02-05T18:30:00.000Z,0,0,,,,,,
1770318000,2026-02-05T19:00:00.000Z,0,0,,,,,,
1770319800,2026-02-05T19:30:00.000Z,0,0,,,,,,
1770321600,2026-02-05T20:00:00.000Z,0,0,,,,,,
1770323400,2026-02-05T20:30:00.000Z,0,0,,,,,,
1770325200,2026-02-05T21:00:00.000Z,0,0,,,,,,
1770327000,2026-02-05T21:30:00.000Z,0,0,,,,,,
1770328800,2026-02-05T22:00:00.000Z,0,0,,,,,,
1770330600,2026-02-05T22:30:00.000Z,0,0,,,,,,
1770339600,2026-02-06T01:00:00.000Z,0,0,,,,,,
1770341400,2026-02-06T01:30:00.000Z,0,0,,,,,,
1770343200,2026-02-06T02:00:00.000Z,0,0,,,,,,
1770345000,2026-02-06T02:30:00.000Z,0,0,,,,,,
1770346800,2026-02-06T03:00:00.000Z,0,0,,,,,,
1770348600,2026-02-06T03:30:00.000Z,0,0,,,,,,
1770350400,2026-02-06T04:00:00.000Z,0,0,,,,,,
1770352200,2026-02-06T04:30:00.000Z,0,0,,,,,,
1770354000,2026-02-06T05:00:00.000Z,0,0,,,,,,
1770355800,2026-02-06T05:30:00.000Z,0,0,,,,,,
1770357600,2026-02-06T06:00:00.000Z,0,0,,,,,,
1770359400,2026-02-06T06:30:00.000Z,0,0,,,,,,
1770361200,2026-02-06T07:00:00.000Z,0,0,,,,,,
1770363000,2026-02-06T07:30:00.000Z,0,0,,,,,,
1770364800,2026-02-06T08:00:00.000Z,0,0,,,,,,
1770366600,2026-02-06T08:30:00.000Z,0,0,,,,,,
1770368400,2026-02-06T09:00:00.000Z,0,0,,,,,,
1770370200,2026-02-06T09:30:00.000Z,0,0,,,,,,
1770372000,2026-02-06T10:00:00.000Z,0,0,,,,,,
1770373800,2026-02-06T10:30:00.000Z,0,0,,,,,,
1770375600,2026-02-06T11:00:00.000Z,0,0,,,,,,
1770377400,2026-02-06T11:30:00.000Z,0,0,,,,,,
1770379200,2026-02-06T12:00:00.000Z,0,0,,,,,,
1770381000,2026-02-06T12:30:00.000Z,0,0,,,,,,
1770382800,2026-02-06T13:00:00.000Z,0,0,,,,,,
1770384600,2026-02-06T13:30:00.000Z,0,0,,,,,,
1770386400,2026-02-06T14:00:00.000Z,0,0,,,,,,
1770388200,2026-02-06T14:30:00.000Z,0,0,,,,,,
1770390000,2026-02-06T15:00:00.000Z,1,0,,,,,,
1770391800,2026-02-06T15:30:00.000Z,0,0,,,,,,
1770393600,2026-02-06T16:00:00.000Z,0,0,,,,,,
1770395400,2026-02-06T16:30:00.000Z,0,0,,,,,,
1770397200,2026-02-06T17:00:00.000Z,0,0,,,,,,
1770399000,2026-02-06T17:30:00.000Z,0,0,,,,,,
1770400800,2026-02-06T18:00:00.000Z,0,0,,,,,,
1770402600,2026-02-06T18:30:00.000Z,0,0,,,,,,
1770404400,2026-02-06T19:00:00.000Z,0,0,,,,,,
1770406200,2026-02-06T19:30:00.000Z,0,0,,,,,,
1770408000,2026-02-06T20:00:00.000Z,0,0,,,,,,
1770409800,2026-02-06T20:30:00.000Z,0,0,,,,,,
1770411600,2026-02-06T21:00:00.000Z,0,0,,,,,,
1770413400,2026-02-06T21:30:00.000Z,0,0,,,,,,
1770415200,2026-02-06T22:00:00.000Z,0,0,,,,,,
1770417000,2026-02-06T22:30:00.000Z,0,0,,,,,,
1770591600,2026-02-08T23:00:00.000Z,0,0,,,,,,
1770593400,2026-02-08T23:30:00.000Z,0,0,,,,,,
1770595200,2026-02-09T00:00:00.000Z,0,0,,,,,,
1770597000,2026-02-09T00:30:00.000Z,0,0,,,,,,
1770598800,2026-02-09T01:00:00.000Z,0,0,,,,,,
1770600600,2026-02-09T01:30:00.000Z,0,0,,,,,,
1770602400,2026-02-09T02:00:00.000Z,0,0,,,,,,
1770604200,2026-02-09T02:30:00.000Z,0,0,,,,,,
1770606000,2026-02-09T03:00:00.000Z,0,0,,,,,,
1770607800,2026-02-09T03:30:00.000Z,0,0,,,,,,
1770609600,2026-02-09T04:00:00.000Z,0,0,,,,,,
1770611400,2026-02-09T04:30:00.000Z,0,0,,,,,,
1770613200,2026-02-09T05:00:00.000Z,0,0,,,,,,
1770615000,2026-02-09T05:30:00.000Z,0,0,,,,,,
1770616800,2026-02-09T06:00:00.000Z,0,0,,,,,,
1770618600,2026-02-09T06:30:00.000Z,0,0,,,,,,
1770620400,2026-02-09T07:00:00.000Z,0,0,,,,,,
1770622200,2026-02-09T07:30:00.000Z,0,0,,,,,,
1770624000,2026-02-09T08:00:00.000Z,0,0,,,,,,
1770625800,2026-02-09T08:30:00.000Z,0,0,,,,,,
1770627600,2026-02-09T09:00:00.000Z,0,0,,,,,,
1770629400,2026-02-09T09:30:00.000Z,0,0,,,,,,
1770631200,2026-02-09T10:00:00.000Z,0,0,,,,,,
1770633000,2026-02-09T10:30:00.000Z,0,0,,,,,,
1770634800,2026-02-09T11:00:00.000Z,0,0,,,,,,
1770636600,2026-02-09T11:30:00.000Z,0,0,,,,,,
1770638400,2026-02-09T12:00:00.000Z,0,0,,,,,,
1770640200,2026-02-09T12:30:00.000Z,0,0,,,,,,
1770642000,2026-02-09T13:00:00.000Z,0,0,,,,,,
1770643800,2026-02-09T13:30:00.000Z,0,0,,,,,,
1770645600,2026-02-09T14:00:00.000Z,0,0,,,,,,
1770647400,2026-02-09T14:30:00.000Z,0,0,,,,,,
1770649200,2026-02-09T15:00:00.000Z,0,0,,,,,,
1770651000,2026-02-09T15:30:00.000Z,0,0,,,,,,
1770652800,2026-02-09T16:00:00.000Z,0,0,,,,,,
1770654600,2026-02-09T16:30:00.000Z,0,0,,,,,,
1770656400,2026-02-09T17:00:00.000Z,0,0,,,,,,
1770658200,2026-02-09T17:30:00.000Z,0,0,,,,,,
1770660000,2026-02-09T18:00:00.000Z,0,0,,,,,,
1770661800,2026-02-09T18:30:00.000Z,0,0,,,,,,
1770663600,2026-02-09T19:00:00.000Z,0,0,,,,,,
1770665400,2026-02-09T19:30:00.000Z,0,0,,,,,,
1770667200,2026-02-09T20:00:00.000Z,0,0,,,,,,
1770669000,2026-02-09T20:30:00.000Z,0,0,,,,,,
1770670800,2026-02-09T21:00:00.000Z,0,0,,,,,,
1770672600,2026-02-09T21:30:00.000Z,0,0,,,,,,
1770674400,2026-02-09T22:00:00.000Z,0,0,,,,,,
1770676200,2026-02-09T22:30:00.000Z,0,0,,,,,,
1770685200,2026-02-10T01:00:00.000Z,0,0,,,,,,
1770687000,2026-02-10T01:30:00.000Z,0,0,,,,,,
1770688800,2026-02-10T02:00:00.000Z,0,0,,,,,,
1770690600,2026-02-10T02:30:00.000Z,0,0,,,,,,
1770692400,2026-02-10T03:00:00.000Z,0,0,,,,,,
1770694200,2026-02-10T03:30:00.000Z,0,0,,,,,,
1770696000,2026-02-10T04:00:00.000Z,0,0,,,,,,
1770697800,2026-02-10T04:30:00.000Z,0,0,,,,,,
1770699600,2026-02-10T05:00:00.000Z,0,0,,,,,,
1770701400,2026-02-10T05:30:00.000Z,0,0,,,,,,
1770703200,2026-02-10T06:00:00.000Z,0,0,,,,,,
1770705000,2026-02-10T06:30:00.000Z,0,0,,,,,,
1770706800,2026-02-10T07:00:00.000Z,0,0,,,,,,
1770708600,2026-02-10T07:30:00.000Z,0,0,,,,,,
1770710400,2026-02-10T08:00:00.000Z,0,0,,,,,,
1770712200,2026-02-10T08:30:00.000Z,0,0,,,,,,
1770714000,2026-02-10T09:00:00.000Z,0,0,,,,,,
1770715800,2026-02-10T09:30:00.000Z,0,0,,,,,,
1770717600,2026-02-10T10:00:00.000Z,0,0,,,,,,
1770719400,2026-02-10T10:30:00.000Z,0,0,,,,,,
1770721200,2026-02-10T11:00:00.000Z,0,0,,,,,,
1770723000,2026-02-10T11:30:00.000Z,0,0,,,,,,
1770724800,2026-02-10T12:00:00.000Z,0,0,,,,,,
1770726600,2026-02-10T12:30:00.000Z,0,0,,,,,,
1770728400,2026-02-10T13:00:00.000Z,0,0,,,,,,
1770730200,2026-02-10T13:30:00.000Z,0,0,,,,,,
1770732000,2026-02-10T14:00:00.000Z,0,0,,,,,,
1770733800,2026-02-10T14:30:00.000Z,0,0,,,,,,
1770735600,2026-02-10T15:00:00.000Z,0,0,,,,,,
1770737400,2026-02-10T15:30:00.000Z,0,0,,,,,,
1770739200,2026-02-10T16:00:00.000Z,0,0,,,,,,
1770741000,2026-02-10T16:30:00.000Z,0,0,,,,,,
1770742800,2026-02-10T17:00:00.000Z,0,0,,,,,,
1770744600,2026-02-10T17:30:00.000Z,0,0,,,,,,
1770746400,2026-02-10T18:00:00.000Z,0,0,,,,,,
1770748200,2026-02-10T18:30:00.000Z,0,0,,,,,,
1770750000,2026-02-10T19:00:00.000Z,0,0,,,,,,
1770751800,2026-02-10T19:30:00.000Z,0,0,,,,,,
1770753600,2026-02-10T20:00:00.000Z,0,0,,,,,,
1770755400,2026-02-10T20:30:00.000Z,0,0,,,,,,
1770757200,2026-02-10T21:00:00.000Z,0,0,,,,,,
1770759000,2026-02-10T21:30:00.000Z,0,0,,,,,,
1770760800,2026-02-10T22:00:00.000Z,0,0,,,,,,
1770762600,2026-02-10T22:30:00.000Z,0,0,,,,,,
1770771600,2026-02-11T01:00:00.000Z,0,0,,,,,,
1770773400,2026-02-11T01:30:00.000Z,0,0,,,,,,
1770775200,2026-02-11T02:00:00.000Z,0,0,,,,,,
1770777000,2026-02-11T02:30:00.000Z,0,0,,,,,,
1770778800,2026-02-11T03:00:00.000Z,0,0,,,,,,
1770780600,2026-02-11T03:30:00.000Z,0,0,,,,,,
1770782400,2026-02-11T04:00:00.000Z,0,0,,,,,,
1770784200,2026-02-11T04:30:00.000Z,0,0,,,,,,
1770786000,2026-02-11T05:00:00.000Z,0,0,,,,,,
1770787800,2026-02-11T05:30:00.000Z,0,0,,,,,,
1770789600,2026-02-11T06:00:00.000Z,0,0,,,,,,
1770791400,2026-02-11T06:30:00.000Z,0,0,,,,,,
1770793200,2026-02-11T07:00:00.000Z,0,0,,,,,,
1770795000,2026-02-11T07:30:00.000Z,0,0,,,,,,
1770796800,2026-02-11T08:00:00.000Z,0,0,,,,,,
1770798600,2026-02-11T08:30:00.000Z,0,0,,,,,,
1770800400,2026-02-11T09:00:00.000Z,0,0,,,,,,
1770802200,2026-02-11T09:30:00.000Z,0,0,,,,,,
1770804000,2026-02-11T10:00:00.000Z,0,0,,,,,,
1770805800,2026-02-11T10:30:00.000Z,0,0,,,,,,
1770807600,2026-02-11T11:00:00.000Z,0,0,,,,,,
1770809400,2026-02-11T11:30:00.000Z,0,0,,,,,,
1770811200,2026-02-11T12:00:00.000Z,0,0,,,,,,
1770813000,2026-02-11T12:30:00.000Z,0,0,,,,,,
1770814800,2026-02-11T13:00:00.000Z,0,0,,,,,,
1770816600,2026-02-11T13:30:00.000Z,0,0,,,,,,
1770818400,2026-02-11T14:00:00.000Z,0,0,,,,,,
1770820200,2026-02-11T14:30:00.000Z,0,0,,,,,,
1770822000,2026-02-11T15:00:00.000Z,0,0,,,,,,
1770823800,2026-02-11T15:30:00.000Z,0,0,,,,,,
1770825600,2026-02-11T16:00:00.000Z,0,0,,,,,,
1770827400,2026-02-11T16:30:00.000Z,0,0,,,,,,
1770829200,2026-02-11T17:00:00.000Z,0,0,,,,,,
1770831000,2026-02-11T17:30:00.000Z,0,0,,,,,,
1770832800,2026-02-11T18:00:00.000Z,0,0,,,,,,
1770834600,2026-02-11T18:30:00.000Z,0,0,,,,,,
1770836400,2026-02-11T19:00:00.000Z,0,0,,,,,,
1770838200,2026-02-11T19:30:00.000Z,0,0,,,,,,
1770840000,2026-02-11T20:00:00.000Z,0,0,,,,,,
1770841800,2026-02-11T20:30:00.000Z,0,0,,,,,,
1770843600,2026-02-11T21:00:00.000Z,0,0,,,,,,
1770845400,2026-02-11T21:30:00.000Z,0,0,,,,,,
1770847200,2026-02-11T22:00:00.000Z,0,0,,,,,,
1770849000,2026-02-11T22:30:00.000Z,0,0,,,,,,
1770858000,2026-02-12T01:00:00.000Z,0,0,,,,,,
1770859800,2026-02-12T01:30:00.000Z,0,0,,,,,,
1770861600,2026-02-12T02:00:00.000Z,0,0,,,,,,
1770863400,2026-02-12T02:30:00.000Z,0,0,,,,,,
1770865200,2026-02-12T03:00:00.000Z,0,0,,,,,,
1770867000,2026-02-12T03:30:00.000Z,0,0,,,,,,
1770868800,2026-02-12T04:00:00.000Z,0,0,,,,,,
1770870600,2026-02-12T04:30:00.000Z,0,0,,,,,,
1770872400,2026-02-12T05:00:00.000Z,0,0,,,,,,
1770874200,2026-02-12T05:30:00.000Z,0,0,,,,,,
1770876000,2026-02-12T06:00:00.000Z,0,0,,,,,,
1770877800,2026-02-12T06:30:00.000Z,0,0,,,,,,
1770879600,2026-02-12T07:00:00.000Z,0,0,,,,,,
1770881400,2026-02-12T07:30:00.000Z,0,0,,,,,,
1770883200,2026-02-12T08:00:00.000Z,0,0,,,,,,
1770885000,2026-02-12T08:30:00.000Z,0,0,,,,,,
1770886800,2026-02-12T09:00:00.000Z,0,0,,,,,,
1770888600,2026-02-12T09:30:00.000Z,0,0,,,,,,
1770890400,2026-02-12T10:00:00.000Z,0,0,,,,,,
1770892200,2026-02-12T10:30:00.000Z,0,0,,,,,,
1770894000,2026-02-12T11:00:00.000Z,0,0,,,,,,
1770895800,2026-02-12T11:30:00.000Z,0,0,,,,,,
1770897600,2026-02-12T12:00:00.000Z,0,0,,,,,,
1770899400,2026-02-12T12:30:00.000Z,0,0,,,,,,
1770901200,2026-02-12T13:00:00.000Z,0,0,,,,,,
1770903000,2026-02-12T13:30:00.000Z,0,0,,,,,,
1770904800,2026-02-12T14:00:00.000Z,0,0,,,,,,
1770906600,2026-02-12T14:30:00.000Z,0,0,,,,,,
1770908400,2026-02-12T15:00:00.000Z,0,0,,,,,,
1770910200,2026-02-12T15:30:00.000Z,0,0,,,,,,
1770912000,2026-02-12T16:00:00.000Z,0,0,,,,,,
1770913800,2026-02-12T16:30:00.000Z,0,0,,,,,,
1770915600,2026-02-12T17:00:00.000Z,0,0,,,,,,
1770917400,2026-02-12T17:30:00.000Z,0,0,,,,,,
1770919200,2026-02-12T18:00:00.000Z,0,0,,,,,,
1770921000,2026-02-12T18:30:00.000Z,0,0,,,,,,
1770922800,2026-02-12T19:00:00.000Z,0,0,,,,,,
1770924600,2026-02-12T19:30:00.000Z,0,0,,,,,,
1770926400,2026-02-12T20:00:00.000Z,0,0,,,,,,
1770928200,2026-02-12T20:30:00.000Z,0,0,,,,,,
1770930000,2026-02-12T21:00:00.000Z,0,0,,,,,,
1770931800,2026-02-12T21:30:00.000Z,0,0,,,,,,
1770933600,2026-02-12T22:00:00.000Z,0,0,,,,,,
1770935400,2026-02-12T22:30:00.000Z,0,0,,,,,,
1770944400,2026-02-13T01:00:00.000Z,0,0,,,,,,
1770946200,2026-02-13T01:30:00.000Z,0,0,,,,,,
1770948000,2026-02-13T02:00:00.000Z,0,0,,,,,,
1770949800,2026-02-13T02:30:00.000Z,0,0,,,,,,
1770951600,2026-02-13T03:00:00.000Z,0,0,,,,,,
1770953400,2026-02-13T03:30:00.000Z,0,0,,,,,,
1770955200,2026-02-13T04:00:00.000Z,0,0,,,,,,
1770957000,2026-02-13T04:30:00.000Z,0,0,,,,,,
1770958800,2026-02-13T05:00:00.000Z,0,0,,,,,,
1770960600,2026-02-13T05:30:00.000Z,0,0,,,,,,
1770962400,2026-02-13T06:00:00.000Z,0,0,,,,,,
1770964200,2026-02-13T06:30:00.000Z,0,0,,,,,,
1770966000,2026-02-13T07:00:00.000Z,0,0,,,,,,
1770967800,2026-02-13T07:30:00.000Z,0,0,,,,,,
1770969600,2026-02-13T08:00:00.000Z,0,0,,,,,,
1770971400,2026-02-13T08:30:00.000Z,0,0,,,,,,
1770973200,2026-02-13T09:00:00.000Z,0,0,,,,,,
1770975000,2026-02-13T09:30:00.000Z,0,0,,,,,,
1770976800,2026-02-13T10:00:00.000Z,0,0,,,,,,
1770978600,2026-02-13T10:30:00.000Z,0,0,,,,,,
1770980400,2026-02-13T11:00:00.000Z,0,0,,,,,,
1770982200,2026-02-13T11:30:00.000Z,0,0,,,,,,
1770984000,2026-02-13T12:00:00.000Z,0,0,,,,,,
1770985800,2026-02-13T12:30:00.000Z,0,0,,,,,,
1770987600,2026-02-13T13:00:00.000Z,0,0,,,,,,
1770989400,2026-02-13T13:30:00.000Z,0,0,,,,,,
1770991200,2026-02-13T14:00:00.000Z,0,0,,,,,,
1770993000,2026-02-13T14:30:00.000Z,0,0,,,,,,
1770994800,2026-02-13T15:00:00.000Z,0,0,,,,,,
1770996600,2026-02-13T15:30:00.000Z,0,0,,,,,,
1770998400,2026-02-13T16:00:00.000Z,0,0,,,,,,
1771000200,2026-02-13T16:30:00.000Z,0,0,,,,,,
1771002000,2026-02-13T17:00:00.000Z,0,0,,,,,,
1771003800,2026-02-13T17:30:00.000Z,0,0,,,,,,
1771005600,2026-02-13T18:00:00.000Z,0,0,,,,,,
1771007400,2026-02-13T18:30:00.000Z,0,0,,,,,,
1771009200,2026-02-13T19:00:00.000Z,0,0,,,,,,
1771011000,2026-02-13T19:30:00.000Z,0,0,,,,,,
1771012800,2026-02-13T20:00:00.000Z,0,0,,,,,,
1771014600,2026-02-13T20:30:00.000Z,0,0,,,,,,
1771016400,2026-02-13T21:00:00.000Z,0,0,,,,,,
1771018200,2026-02-13T21:30:00.000Z,0,0,,,,,,
1771020000,2026-02-13T22:00:00.000Z,0,0,,,,,,
1771021800,2026-02-13T22:30:00.000Z,0,0,,,,,,
1771196400,2026-02-15T23:00:00.000Z,0,0,,,,,,
1771198200,2026-02-15T23:30:00.000Z,0,0,,,,,,
1771200000,2026-02-16T00:00:00.000Z,0,0,,,,,,
1771201800,2026-02-16T00:30:00.000Z,0,0,,,,,,
1771203600,2026-02-16T01:00:00.000Z,0,0,,,,,,
1771205400,2026-02-16T01:30:00.000Z,0,0,,,,,,
1771207200,2026-02-16T02:00:00.000Z,0,0,,,,,,
1771209000,2026-02-16T02:30:00.000Z,0,0,,,,,,
1771210800,2026-02-16T03:00:00.000Z,0,0,,,,,,
1771212600,2026-02-16T03:30:00.000Z,0,0,,,,,,
1771214400,2026-02-16T04:00:00.000Z,0,0,,,,,,
1771216200,2026-02-16T04:30:00.000Z,0,0,,,,,,
1771218000,2026-02-16T05:00:00.000Z,0,0,,,,,,
1771219800,2026-02-16T05:30:00.000Z,0,0,,,,,,
1771221600,2026-02-16T06:00:00.000Z,0,0,,,,,,
1771223400,2026-02-16T06:30:00.000Z,0,0,,,,,,
1771225200,2026-02-16T07:00:00.000Z,0,0,,,,,,
1771227000,2026-02-16T07:30:00.000Z,0,0,,,,,,
1771228800,2026-02-16T08:00:00.000Z,0,0,,,,,,
1771230600,2026-02-16T08:30:00.000Z,0,0,,,,,,
1771232400,2026-02-16T09:00:00.000Z,0,0,,,,,,
1771234200,2026-02-16T09:30:00.000Z,0,0,,,,,,
1771236000,2026-02-16T10:00:00.000Z,0,0,,,,,,
1771237800,2026-02-16T10:30:00.000Z,0,0,,,,,,
1771239600,2026-02-16T11:00:00.000Z,0,0,,,,,,
1771241400,2026-02-16T11:30:00.000Z,0,0,,,,,,
1771243200,2026-02-16T12:00:00.000Z,0,0,,,,,,
1771245000,2026-02-16T12:30:00.000Z,0,0,,,,,,
1771246800,2026-02-16T13:00:00.000Z,0,0,,,,,,
1771248600,2026-02-16T13:30:00.000Z,0,0,,,,,,
1771250400,2026-02-16T14:00:00.000Z,0,0,,,,,,
1771252200,2026-02-16T14:30:00.000Z,0,0,,,,,,
1771254000,2026-02-16T15:00:00.000Z,0,0,,,,,,
1771255800,2026-02-16T15:30:00.000Z,0,0,,,,,,
1771257600,2026-02-16T16:00:00.000Z,0,0,,,,,,
1771259400,2026-02-16T16:30:00.000Z,0,0,,,,,,
1771261200,2026-02-16T17:00:00.000Z,0,0,,,,,,
1771263000,2026-02-16T17:30:00.000Z,0,0,,,,,,
1771264800,2026-02-16T18:00:00.000Z,0,0,,,,,,
1771266600,2026-02-16T18:30:00.000Z,0,0,,,,,,
1771268400,2026-02-16T19:00:00.000Z,0,0,,,,,,
1771270200,2026-02-16T19:30:00.000Z,0,0,,,,,,
1771272000,2026-02-16T20:00:00.000Z,0,0,,,,,,
1771273800,2026-02-16T20:30:00.000Z,0,0,,,,,,
1771275600,2026-02-16T21:00:00.000Z,0,0,,,,,,
1771277400,2026-02-16T21:30:00.000Z,0,0,,,,,,
1771281000,2026-02-16T22:30:00.000Z,0,0,,,,,,
1771290000,2026-02-17T01:00:00.000Z,0,0,,,,,,
1771291800,2026-02-17T01:30:00.000Z,0,0,,,,,,
1771293600,2026-02-17T02:00:00.000Z,0,0,,,,,,
1771295400,2026-02-17T02:30:00.000Z,0,0,,,,,,
1771297200,2026-02-17T03:00:00.000Z,0,0,,,,,,
1771299000,2026-02-17T03:30:00.000Z,0,0,,,,,,
1771300800,2026-02-17T04:00:00.000Z,0,0,,,,,,
1771302600,2026-02-17T04:30:00.000Z,0,0,,,,,,
1771304400,2026-02-17T05:00:00.000Z,0,0,,,,,,
1771306200,2026-02-17T05:30:00.000Z,0,0,,,,,,
1771308000,2026-02-17T06:00:00.000Z,0,0,,,,,,
1771309800,2026-02-17T06:30:00.000Z,0,0,,,,,,
1771311600,2026-02-17T07:00:00.000Z,0,0,,,,,,
1771313400,2026-02-17T07:30:00.000Z,0,0,,,,,,
1771315200,2026-02-17T08:00:00.000Z,0,0,,,,,,
1771317000,2026-02-17T08:30:00.000Z,0,0,,,,,,
1771318800,2026-02-17T09:00:00.000Z,0,0,,,,,,
1771320600,2026-02-17T09:30:00.000Z,0,0,,,,,,
1771322400,2026-02-17T10:00:00.000Z,0,0,,,,,,
1771324200,2026-02-17T10:30:00.000Z,0,0,,,,,,
1771326000,2026-02-17T11:00:00.000Z,0,0,,,,,,
1771327800,2026-02-17T11:30:00.000Z,0,0,,,,,,
1771329600,2026-02-17T12:00:00.000Z,0,0,,,,,,
1771331400,2026-02-17T12:30:00.000Z,0,0,,,,,,
1771333200,2026-02-17T13:00:00.000Z,0,0,,,,,,
1771335000,2026-02-17T13:30:00.000Z,0,0,,,,,,
1771336800,2026-02-17T14:00:00.000Z,0,0,,,,,,
1771338600,2026-02-17T14:30:00.000Z,0,0,,,,,,
1771340400,2026-02-17T15:00:00.000Z,0,0,,,,,,
1771342200,2026-02-17T15:30:00.000Z,0,0,,,,,,
1771344000,2026-02-17T16:00:00.000Z,0,0,,,,,,
1771345800,2026-02-17T16:30:00.000Z,0,0,,,,,,
1771347600,2026-02-17T17:00:00.000Z,0,0,,,,,,
1771349400,2026-02-17T17:30:00.000Z,0,0,,,,,,
1771351200,2026-02-17T18:00:00.000Z,0,0,,,,,,
1771353000,2026-02-17T18:30:00.000Z,0,0,,,,,,
1771354800,2026-02-17T19:00:00.000Z,0,0,,,,,,
1771356600,2026-02-17T19:30:00.000Z,0,0,,,,,,
1771358400,2026-02-17T20:00:00.000Z,0,0,,,,,,
1771360200,2026-02-17T20:30:00.000Z,0,0,,,,,,
1771362000,2026-02-17T21:00:00.000Z,0,0,,,,,,
1771363800,2026-02-17T21:30:00.000Z,0,0,,,,,,
1771367400,2026-02-17T22:30:00.000Z,0,0,,,,,,
1771376400,2026-02-18T01:00:00.000Z,0,0,,,,,,
1771378200,2026-02-18T01:30:00.000Z,0,0,,,,,,
1771380000,2026-02-18T02:00:00.000Z,0,0,,,,,,
1771381800,2026-02-18T02:30:00.000Z,0,0,,,,,,
1771383600,2026-02-18T03:00:00.000Z,0,0,,,,,,
1771385400,2026-02-18T03:30:00.000Z,0,0,,,,,,
1771387200,2026-02-18T04:00:00.000Z,0,0,,,,,,
1771389000,2026-02-18T04:30:00.000Z,0,0,,,,,,
1771390800,2026-02-18T05:00:00.000Z,0,0,,,,,,
1771392600,2026-02-18T05:30:00.000Z,0,0,,,,,,
1771394400,2026-02-18T06:00:00.000Z,0,0,,,,,,
1771396200,2026-02-18T06:30:00.000Z,0,0,,,,,,
1771398000,2026-02-18T07:00:00.000Z,0,0,,,,,,
1771399800,2026-02-18T07:30:00.000Z,0,0,,,,,,
1771401600,2026-02-18T08:00:00.000Z,0,0,,,,,,
1771403400,2026-02-18T08:30:00.000Z,0,0,,,,,,
1771405200,2026-02-18T09:00:00.000Z,0,0,,,,,,
1771407000,2026-02-18T09:30:00.000Z,0,0,,,,,,
1771408800,2026-02-18T10:00:00.000Z,0,0,,,,,,
1771410600,2026-02-18T10:30:00.000Z,0,0,,,,,,
1771412400,2026-02-18T11:00:00.000Z,0,0,,,,,,
1771414200,2026-02-18T11:30:00.000Z,0,0,,,,,,
1771416000,2026-02-18T12:00:00.000Z,0,0,,,,,,
1771417800,2026-02-18T12:30:00.000Z,0,0,,,,,,
1771419600,2026-02-18T13:00:00.000Z,0,0,,,,,,
1771421400,2026-02-18T13:30:00.000Z,0,0,,,,,,
1771423200,2026-02-18T14:00:00.000Z,0,0,,,,,,
1771425000,2026-02-18T14:30:00.000Z,0,0,,,,,,
1771426800,2026-02-18T15:00:00.000Z,0,0,,,,,,
1771428600,2026-02-18T15:30:00.000Z,0,0,,,,,,
1771430400,2026-02-18T16:00:00.000Z,0,0,,,,,,
1771432200,2026-02-18T16:30:00.000Z,0,0,,,,,,
1771434000,2026-02-18T17:00:00.000Z,0,0,,,,,,
1771435800,2026-02-18T17:30:00.000Z,0,0,,,,,,
1771437600,2026-02-18T18:00:00.000Z,0,0,,,,,,
1771439400,2026-02-18T18:30:00.000Z,0,0,,,,,,
1771441200,2026-02-18T19:00:00.000Z,0,0,,,,,,
1771443000,2026-02-18T19:30:00.000Z,0,0,,,,,,
1771444800,2026-02-18T20:00:00.000Z,0,0,,,,,,
1771446600,2026-02-18T20:30:00.000Z,0,0,,,,,,
1771448400,2026-02-18T21:00:00.000Z,0,0,,,,,,
1771450200,2026-02-18T21:30:00.000Z,0,0,,,,,,
1771452000,2026-02-18T22:00:00.000Z,0,0,,,,,,
1771453800,2026-02-18T22:30:00.000Z,0,0,,,,,,
1771462800,2026-02-19T01:00:00.000Z,0,0,,,,,,
1771464600,2026-02-19T01:30:00.000Z,0,0,,,,,,
1771466400,2026-02-19T02:00:00.000Z,0,0,,,,,,
1771468200,2026-02-19T02:30:00.000Z,0,0,,,,,,
1771470000,2026-02-19T03:00:00.000Z,0,0,,,,,,
1771471800,2026-02-19T03:30:00.000Z,0,0,,,,,,
1771473600,2026-02-19T04:00:00.000Z,0,0,,,,,,
1771475400,2026-02-19T04:30:00.000Z,0,0,,,,,,
1771477200,2026-02-19T05:00:00.000Z,0,0,,,,,,
1771479000,2026-02-19T05:30:00.000Z,0,0,,,,,,
1771480800,2026-02-19T06:00:00.000Z,0,0,,,,,,
1771482600,2026-02-19T06:30:00.000Z,0,0,,,,,,
1771484400,2026-02-19T07:00:00.000Z,0,0,,,,,,
1771486200,2026-02-19T07:30:00.000Z,0,0,,,,,,
1771488000,2026-02-19T08:00:00.000Z,0,0,,,,,,
1771489800,2026-02-19T08:30:00.000Z,0,0,,,,,,
1771491600,2026-02-19T09:00:00.000Z,0,0,,,,,,
1771493400,2026-02-19T09:30:00.000Z,0,0,,,,,,
1771495200,2026-02-19T10:00:00.000Z,0,0,,,,,,
1771497000,2026-02-19T10:30:00.000Z,0,0,,,,,,
1771498800,2026-02-19T11:00:00.000Z,0,0,,,,,,
1771500600,2026-02-19T11:30:00.000Z,0,0,,,,,,
1771502400,2026-02-19T12:00:00.000Z,0,0,,,,,,
1771504200,2026-02-19T12:30:00.000Z,0,0,,,,,,
1771506000,2026-02-19T13:00:00.000Z,0,0,,,,,,
1771507800,2026-02-19T13:30:00.000Z,0,0,,,,,,
1771509600,2026-02-19T14:00:00.000Z,0,0,,,,,,
1771511400,2026-02-19T14:30:00.000Z,0,0,,,,,,
1771513200,2026-02-19T15:00:00.000Z,0,0,,,,,,
1771515000,2026-02-19T15:30:00.000Z,0,0,,,,,,
1771516800,2026-02-19T16:00:00.000Z,0,0,,,,,,
1771518600,2026-02-19T16:30:00.000Z,0,0,,,,,,
1771520400,2026-02-19T17:00:00.000Z,0,0,,,,,,
1771522200,2026-02-19T17:30:00.000Z,0,0,,,,,,
1771524000,2026-02-19T18:00:00.000Z,0,0,,,,,,
1771525800,2026-02-19T18:30:00.000Z,0,0,,,,,,
1771527600,2026-02-19T19:00:00.000Z,0,0,,,,,,
1771529400,2026-02-19T19:30:00.000Z,0,0,,,,,,
1771531200,2026-02-19T20:00:00.000Z,0,0,,,,,,
1771533000,2026-02-19T20:30:00.000Z,0,0,,,,,,
1771534800,2026-02-19T21:00:00.000Z,0,0,,,,,,
1771536600,2026-02-19T21:30:00.000Z,0,0,,,,,,
1771538400,2026-02-19T22:00:00.000Z,0,0,,,,,,
1771540200,2026-02-19T22:30:00.000Z,0,0,,,,,,
1771549200,2026-02-20T01:00:00.000Z,0,0,,,,,,
1771551000,2026-02-20T01:30:00.000Z,0,0,,,,,,
1771552800,2026-02-20T02:00:00.000Z,0,0,,,,,,
1771554600,2026-02-20T02:30:00.000Z,0,0,,,,,,
1771556400,2026-02-20T03:00:00.000Z,0,0,,,,,,
1771558200,2026-02-20T03:30:00.000Z,0,0,,,,,,
1771560000,2026-02-20T04:00:00.000Z,0,0,,,,,,
1771561800,2026-02-20T04:30:00.000Z,0,0,,,,,,
1771563600,2026-02-20T05:00:00.000Z,0,0,,,,,,
1771565400,2026-02-20T05:30:00.000Z,0,0,,,,,,
1771567200,2026-02-20T06:00:00.000Z,0,0,,,,,,
1771569000,2026-02-20T06:30:00.000Z,0,0,,,,,,
1771570800,2026-02-20T07:00:00.000Z,0,0,,,,,,
1771572600,2026-02-20T07:30:00.000Z,0,0,,,,,,
1771574400,2026-02-20T08:00:00.000Z,0,0,,,,,,
1771576200,2026-02-20T08:30:00.000Z,0,0,,,,,,
1771578000,2026-02-20T09:00:00.000Z,0,0,,,,,,
1771579800,2026-02-20T09:30:00.000Z,0,0,,,,,,
1771581600,2026-02-20T10:00:00.000Z,0,0,,,,,,
1771583400,2026-02-20T10:30:00.000Z,0,0,,,,,,
1771585200,2026-02-20T11:00:00.000Z,0,0,,,,,,
1771587000,2026-02-20T11:30:00.000Z,0,0,,,,,,
1771588800,2026-02-20T12:00:00.000Z,0,0,,,,,,
1771590600,2026-02-20T12:30:00.000Z,0,0,,,,,,
1771592400,2026-02-20T13:00:00.000Z,0,0,,,,,,
1771594200,2026-02-20T13:30:00.000Z,0,0,,,,,,
1771596000,2026-02-20T14:00:00.000Z,0,0,,,,,,
1771597800,2026-02-20T14:30:00.000Z,0,0,,,,,,
1771599600,2026-02-20T15:00:00.000Z,0,0,,,,,,
1771601400,2026-02-20T15:30:00.000Z,0,0,,,,,,
1771603200,2026-02-20T16:00:00.000Z,0,0,,,,,,
1771605000,2026-02-20T16:30:00.000Z,0,0,,,,,,
1771606800,2026-02-20T17:00:00.000Z,0,0,,,,,,
1771608600,2026-02-20T17:30:00.000Z,0,0,,,,,,
1771610400,2026-02-20T18:00:00.000Z,0,0,,,,,,
1771612200,2026-02-20T18:30:00.000Z,0,0,,,,,,
1771614000,2026-02-20T19:00:00.000Z,0,0,,,,,,
1771615800,2026-02-20T19:30:00.000Z,0,0,,,,,,
1771617600,2026-02-20T20:00:00.000Z,0,0,,,,,,
1771619400,2026-02-20T20:30:00.000Z,0,0,,,,,,
1771621200,2026-02-20T21:00:00.000Z,0,0,,,,,,
1771623000,2026-02-20T21:30:00.000Z,0,0,,,,,,
1771624800,2026-02-20T22:00:00.000Z,0,0,,,,,,
1771626600,2026-02-20T22:30:00.000Z,0,0,,,,,,
1771801200,2026-02-22T23:00:00.000Z,0,1,,,,,,
1771803000,2026-02-22T23:30:00.000Z,0,0,,,,,,
1771804800,2026-02-23T00:00:00.000Z,0,0,,,,,,
1771806600,2026-02-23T00:30:00.000Z,0,0,,,,,,
1771808400,2026-02-23T01:00:00.000Z,0,0,,,,,,
1771810200,2026-02-23T01:30:00.000Z,0,0,,,,,,
1771812000,2026-02-23T02:00:00.000Z,0,0,,,,,,
1771813800,2026-02-23T02:30:00.000Z,0,0,,,,,,
1771815600,2026-02-23T03:00:00.000Z,0,0,,,,,,
1771817400,2026-02-23T03:30:00.000Z,0,0,,,,,,
1771819200,2026-02-23T04:00:00.000Z,0,0,,,,,,
1771821000,2026-02-23T04:30:00.000Z,0,0,,,,,,
1771822800,2026-02-23T05:00:00.000Z,0,0,,,,,,
1771824600,2026-02-23T05:30:00.000Z,0,0,,,,,,
1771826400,2026-02-23T06:00:00.000Z,0,0,,,,,,
1771828200,2026-02-23T06:30:00.000Z,0,0,,,,,,
1771830000,2026-02-23T07:00:00.000Z,0,0,,,,,,
1771831800,2026-02-23T07:30:00.000Z,0,0,,,,,,
1771833600,2026-02-23T08:00:00.000Z,0,0,,,,,,
1771835400,2026-02-23T08:30:00.000Z,0,0,,,,,,
1771837200,2026-02-23T09:00:00.000Z,0,0,,,,,,
1771839000,2026-02-23T09:30:00.000Z,0,0,,,,,,
1771840800,2026-02-23T10:00:00.000Z,0,0,,,,,,
1771842600,2026-02-23T10:30:00.000Z,0,0,,,,,,
1771844400,2026-02-23T11:00:00.000Z,0,0,,,,,,
1771846200,2026-02-23T11:30:00.000Z,0,0,,,,,,
1771848000,2026-02-23T12:00:00.000Z,0,0,,,,,,
1771849800,2026-02-23T12:30:00.000Z,0,0,,,,,,
1771851600,2026-02-23T13:00:00.000Z,0,0,,,,,,
1771853400,2026-02-23T13:30:00.000Z,0,0,,,,,,
1771855200,2026-02-23T14:00:00.000Z,0,0,,,,,,
1771857000,2026-02-23T14:30:00.000Z,0,0,,,,,,
1771858800,2026-02-23T15:00:00.000Z,0,0,,,,,,
1771860600,2026-02-23T15:30:00.000Z,0,0,,,,,,
1771862400,2026-02-23T16:00:00.000Z,0,0,,,,,,
1771864200,2026-02-23T16:30:00.000Z,0,0,,,,,,
1771866000,2026-02-23T17:00:00.000Z,0,0,,,,,,
1771867800,2026-02-23T17:30:00.000Z,0,0,,,,,,
1771869600,2026-02-23T18:00:00.000Z,0,0,,,,,,
1771871400,2026-02-23T18:30:00.000Z,0,0,,,,,,
1771873200,2026-02-23T19:00:00.000Z,0,0,,,,,,
1771875000,2026-02-23T19:30:00.000Z,0,0,,,,,,
1771876800,2026-02-23T20:00:00.000Z,0,0,,,,,,
1771878600,2026-02-23T20:30:00.000Z,0,0,,,,,,
1771880400,2026-02-23T21:00:00.000Z,0,0,,,,,,
1771882200,2026-02-23T21:30:00.000Z,0,0,,,,,,
1771884000,2026-02-23T22:00:00.000Z,0,0,,,,,,
1771885800,2026-02-23T22:30:00.000Z,0,0,,,,,,
1771894800,2026-02-24T01:00:00.000Z,0,0,,,,,,
1771896600,2026-02-24T01:30:00.000Z,0,0,,,,,,
1771898400,2026-02-24T02:00:00.000Z,0,0,,,,,,
1771900200,2026-02-24T02:30:00.000Z,0,0,,,,,,
1771902000,2026-02-24T03:00:00.000Z,0,0,,,,,,
1771903800,2026-02-24T03:30:00.000Z,0,0,,,,,,
1771905600,2026-02-24T04:00:00.000Z,0,0,,,,,,
1771907400,2026-02-24T04:30:00.000Z,0,0,,,,,,
1771909200,2026-02-24T05:00:00.000Z,0,0,,,,,,
1771911000,2026-02-24T05:30:00.000Z,0,0,,,,,,
1771912800,2026-02-24T06:00:00.000Z,0,0,,,,,,
1771914600,2026-02-24T06:30:00.000Z,0,0,,,,,,
1771916400,2026-02-24T07:00:00.000Z,0,0,,,,,,
1771918200,2026-02-24T07:30:00.000Z,0,0,,,,,,
1771920000,2026-02-24T08:00:00.000Z,0,0,,,,,,
1771921800,2026-02-24T08:30:00.000Z,0,0,,,,,,
1771923600,2026-02-24T09:00:00.000Z,0,0,,,,,,
1771925400,2026-02-24T09:30:00.000Z,0,0,,,,,,
1771927200,2026-02-24T10:00:00.000Z,0,0,,,,,,
1771929000,2026-02-24T10:30:00.000Z,0,0,,,,,,
1771930800,2026-02-24T11:00:00.000Z,0,0,,,,,,
1771932600,2026-02-24T11:30:00.000Z,0,0,,,,,,
1771934400,2026-02-24T12:00:00.000Z,0,0,,,,,,
1771936200,2026-02-24T12:30:00.000Z,0,0,,,,,,
1771938000,2026-02-24T13:00:00.000Z,0,0,,,,,,
1771939800,2026-02-24T13:30:00.000Z,0,0,,,,,,
1771941600,2026-02-24T14:00:00.000Z,0,0,,,,,,
1771943400,2026-02-24T14:30:00.000Z,0,0,,,,,,
1771945200,2026-02-24T15:00:00.000Z,0,0,,,,,,
1771947000,2026-02-24T15:30:00.000Z,0,0,,,,,,
1771948800,2026-02-24T16:00:00.000Z,0,0,,,,,,
1771950600,2026-02-24T16:30:00.000Z,0,0,,,,,,
1771952400,2026-02-24T17:00:00.000Z,0,0,,,,,,
1771954200,2026-02-24T17:30:00.000Z,0,0,,,,,,
1771956000,2026-02-24T18:00:00.000Z,0,0,,,,,,
1771957800,2026-02-24T18:30:00.000Z,0,0,,,,,,
1771959600,2026-02-24T19:00:00.000Z,0,0,,,,,,
1771961400,2026-02-24T19:30:00.000Z,0,0,,,,,,
1771963200,2026-02-24T20:00:00.000Z,0,0,,,,,,
1771965000,2026-02-24T20:30:00.000Z,0,0,,,,,,
1771966800,2026-02-24T21:00:00.000Z,0,0,,,,,,
1771968600,2026-02-24T21:30:00.000Z,0,0,,,,,,
1771970400,2026-02-24T22:00:00.000Z,0,0,,,,,,
1771972200,2026-02-24T22:30:00.000Z,0,0,,,,,,
1771981200,2026-02-25T01:00:00.000Z,0,0,,,,,,
1771983000,2026-02-25T01:30:00.000Z,0,0,,,,,,
1771984800,2026-02-25T02:00:00.000Z,0,0,,,,,,
1771986600,2026-02-25T02:30:00.000Z,0,0,,,,,,
1771988400,2026-02-25T03:00:00.000Z,0,0,,,,,,
1771990200,2026-02-25T03:30:00.000Z,0,0,,,,,,
1771992000,2026-02-25T04:00:00.000Z,0,0,,,,,,
1771993800,2026-02-25T04:30:00.000Z,0,0,,,,,,
1771995600,2026-02-25T05:00:00.000Z,0,0,,,,,,
1771997400,2026-02-25T05:30:00.000Z,0,0,,,,,,
1771999200,2026-02-25T06:00:00.000Z,0,0,,,,,,
1772001000,2026-02-25T06:30:00.000Z,0,0,,,,,,
1772002800,2026-02-25T07:00:00.000Z,0,0,,,,,,
1772004600,2026-02-25T07:30:00.000Z,0,0,,,,,,
1772006400,2026-02-25T08:00:00.000Z,0,0,,,,,,
1772008200,2026-02-25T08:30:00.000Z,0,0,,,,,,
1772010000,2026-02-25T09:00:00.000Z,0,0,,,,,,
1772011800,2026-02-25T09:30:00.000Z,0,0,,,,,,
1772013600,2026-02-25T10:00:00.000Z,0,0,,,,,,
1772015400,2026-02-25T10:30:00.000Z,0,0,,,,,,
1772017200,2026-02-25T11:00:00.000Z,0,0,,,,,,
1772019000,2026-02-25T11:30:00.000Z,0,0,,,,,,
1772020800,2026-02-25T12:00:00.000Z,0,0,,,,,,
1772022600,2026-02-25T12:30:00.000Z,0,0,,,,,,
1772024400,2026-02-25T13:00:00.000Z,0,0,,,,,,
1772026200,2026-02-25T13:30:00.000Z,0,0,,,,,,
1772028000,2026-02-25T14:00:00.000Z,0,0,,,,,,
1772029800,2026-02-25T14:30:00.000Z,0,0,,,,,,
1772031600,2026-02-25T15:00:00.000Z,0,0,,,,,,
1772033400,2026-02-25T15:30:00.000Z,0,0,,,,,,
1772035200,2026-02-25T16:00:00.000Z,0,0,,,,,,
1772037000,2026-02-25T16:30:00.000Z,0,0,,,,,,
1772038800,2026-02-25T17:00:00.000Z,0,0,,,,,,
1772040600,2026-02-25T17:30:00.000Z,0,0,,,,,,
1772042400,2026-02-25T18:00:00.000Z,0,0,,,,,,
1772044200,2026-02-25T18:30:00.000Z,0,0,,,,,,
1772046000,2026-02-25T19:00:00.000Z,0,0,,,,,,
1772047800,2026-02-25T19:30:00.000Z,0,0,,,,,,
1772049600,2026-02-25T20:00:00.000Z,0,0,,,,,,
1772051400,2026-02-25T20:30:00.000Z,0,0,,,,,,
1772053200,2026-02-25T21:00:00.000Z,0,0,,,,,,
1772055000,2026-02-25T21:30:00.000Z,0,0,,,,,,
1772056800,2026-02-25T22:00:00.000Z,0,0,,,,,,
1772058600,2026-02-25T22:30:00.000Z,0,0,,,,,,
1772067600,2026-02-26T01:00:00.000Z,0,0,,,,,,
1772069400,2026-02-26T01:30:00.000Z,0,0,,,,,,
1772071200,2026-02-26T02:00:00.000Z,0,0,,,,,,
1772073000,2026-02-26T02:30:00.000Z,0,0,,,,,,
1772074800,2026-02-26T03:00:00.000Z,0,0,,,,,,
1772076600,2026-02-26T03:30:00.000Z,0,0,,,,,,
1772078400,2026-02-26T04:00:00.000Z,0,0,,,,,,
1772080200,2026-02-26T04:30:00.000Z,0,0,,,,,,
1772082000,2026-02-26T05:00:00.000Z,0,0,,,,,,
1772083800,2026-02-26T05:30:00.000Z,0,0,,,,,,
1772085600,2026-02-26T06:00:00.000Z,0,0,,,,,,
1772087400,2026-02-26T06:30:00.000Z,0,0,,,,,,
1772089200,2026-02-26T07:00:00.000Z,0,0,,,,,,
1772091000,2026-02-26T07:30:00.000Z,0,0,,,,,,
1772092800,2026-02-26T08:00:00.000Z,0,0,,,,,,
1772094600,2026-02-26T08:30:00.000Z,0,0,,,,,,
1772096400,2026-02-26T09:00:00.000Z,0,0,,,,,,
1772098200,2026-02-26T09:30:00.000Z,0,0,,,,,,
1772100000,2026-02-26T10:00:00.000Z,0,0,,,,,,
1772101800,2026-02-26T10:30:00.000Z,0,0,,,,,,
1772103600,2026-02-26T11:00:00.000Z,0,0,,,,,,
1772105400,2026-02-26T11:30:00.000Z,0,0,,,,,,
1772107200,2026-02-26T12:00:00.000Z,0,0,,,,,,
1772109000,2026-02-26T12:30:00.000Z,0,0,,,,,,
1772110800,2026-02-26T13:00:00.000Z,0,0,,,,,,
1772112600,2026-02-26T13:30:00.000Z,0,0,,,,,,
1772114400,2026-02-26T14:00:00.000Z,0,0,,,,,,
1772116200,2026-02-26T14:30:00.000Z,0,0,,,,,,
1772118000,2026-02-26T15:00:00.000Z,0,0,,,,,,
1772119800,2026-02-26T15:30:00.000Z,0,0,,,,,,
1772121600,2026-02-26T16:00:00.000Z,0,0,,,,,,
1772123400,2026-02-26T16:30:00.000Z,0,0,,,,,,
1772125200,2026-02-26T17:00:00.000Z,0,0,,,,,,
1772127000,2026-02-26T17:30:00.000Z,0,0,,,,,,
1772128800,2026-02-26T18:00:00.000Z,0,0,,,,,,
1772130600,2026-02-26T18:30:00.000Z,0,0,,,,,,
1772132400,2026-02-26T19:00:00.000Z,0,0,,,,,,
1772134200,2026-02-26T19:30:00.000Z,0,0,,,,,,
1772136000,2026-02-26T20:00:00.000Z,0,0,,,,,,
1772137800,2026-02-26T20:30:00.000Z,0,0,,,,,,
1772139600,2026-02-26T21:00:00.000Z,0,0,,,,,,
1772141400,2026-02-26T21:30:00.000Z,0,0,,,,,,
1772143200,2026-02-26T22:00:00.000Z,0,0,,,,,,
1772145000,2026-02-26T22:30:00.000Z,0,0,,,,,,
1772154000,2026-02-27T01:00:00.000Z,0,0,,,,,,
1772155800,2026-02-27T01:30:00.000Z,0,0,,,,,,
1772157600,2026-02-27T02:00:00.000Z,0,0,,,,,,
1772159400,2026-02-27T02:30:00.000Z,0,0,,,,,,
1772161200,2026-02-27T03:00:00.000Z,0,0,,,,,,
1772163000,2026-02-27T03:30:00.000Z,0,0,,,,,,
1772164800,2026-02-27T04:00:00.000Z,0,0,,,,,,
1772166600,2026-02-27T04:30:00.000Z,0,0,,,,,,
1772168400,2026-02-27T05:00:00.000Z,0,0,,,,,,
1772170200,2026-02-27T05:30:00.000Z,0,0,,,,,,
1772172000,2026-02-27T06:00:00.000Z,0,0,,,,,,
1772173800,2026-02-27T06:30:00.000Z,0,0,,,,,,
1772175600,2026-02-27T07:00:00.000Z,0,0,,,,,,
1772177400,2026-02-27T07:30:00.000Z,0,0,,,,,,
1772179200,2026-02-27T08:00:00.000Z,0,0,,,,,,
1772181000,2026-02-27T08:30:00.000Z,0,0,,,,,,
1772182800,2026-02-27T09:00:00.000Z,0,0,,,,,,
1772184600,2026-02-27T09:30:00.000Z,0,0,,,,,,
1772186400,2026-02-27T10:00:00.000Z,0,0,,,,,,
1772188200,2026-02-27T10:30:00.000Z,0,0,,,,,,
1772190000,2026-02-27T11:00:00.000Z,0,0,,,,,,
1772191800,2026-02-27T11:30:00.000Z,0,0,,,,,,
1772193600,2026-02-27T12:00:00.000Z,0,0,,,,,,
1772195400,2026-02-27T12:30:00.000Z,0,0,,,,,,
1772197200,2026-02-27T13:00:00.000Z,0,0,,,,,,
1772199000,2026-02-27T13:30:00.000Z,0,0,,,,,,
1772200800,2026-02-27T14:00:00.000Z,0,0,,,,,,
1772202600,2026-02-27T14:30:00.000Z,0,0,,,,,,
1772204400,2026-02-27T15:00:00.000Z,0,0,,,,,,
1772206200,2026-02-27T15:30:00.000Z,0,0,,,,,,
1772208000,2026-02-27T16:00:00.000Z,0,0,,,,,,
1772209800,2026-02-27T16:30:00.000Z,0,0,,,,,,
1772211600,2026-02-27T17:00:00.000Z,0,0,,,,,,
1772213400,2026-02-27T17:30:00.000Z,0,0,,,,,,
1772215200,2026-02-27T18:00:00.000Z,0,0,,,,,,
1772217000,2026-02-27T18:30:00.000Z,0,0,,,,,,
1772218800,2026-02-27T19:00:00.000Z,0,0,,,,,,
1772220600,2026-02-27T19:30:00.000Z,0,0,,,,,,
1772222400,2026-02-27T20:00:00.000Z,0,0,,,,,,
1772224200,2026-02-27T20:30:00.000Z,0,0,,,,,,
1772226000,2026-02-27T21:00:00.000Z,0,0,,,,,,
1772227800,2026-02-27T21:30:00.000Z,0,0,,,,,,
1772229600,2026-02-27T22:00:00.000Z,0,0,,,,,,
1772231400,2026-02-27T22:30:00.000Z,0,0,,,,,,
1772406000,2026-03-01T23:00:00.000Z,0,0,,,,,,
1772407800,2026-03-01T23:30:00.000Z,0,0,,,,,,
1772409600,2026-03-02T00:00:00.000Z,0,0,,,,,,
1772411400,2026-03-02T00:30:00.000Z,0,0,,,,,,
1772413200,2026-03-02T01:00:00.000Z,0,0,,,,,,
1772415000,2026-03-02T01:30:00.000Z,0,0,,,,,,
1772416800,2026-03-02T02:00:00.000Z,0,0,,,,,,
1772418600,2026-03-02T02:30:00.000Z,0,0,,,,,,
1772420400,2026-03-02T03:00:00.000Z,0,0,,,,,,
1772422200,2026-03-02T03:30:00.000Z,0,0,,,,,,
1772424000,2026-03-02T04:00:00.000Z,0,0,,,,,,
1772425800,2026-03-02T04:30:00.000Z,0,0,,,,,,
1772427600,2026-03-02T05:00:00.000Z,0,0,,,,,,
1772429400,2026-03-02T05:30:00.000Z,0,0,,,,,,
1772431200,2026-03-02T06:00:00.000Z,0,0,,,,,,
1772433000,2026-03-02T06:30:00.000Z,0,0,,,,,,
1772434800,2026-03-02T07:00:00.000Z,0,0,,,,,,
1772436600,2026-03-02T07:30:00.000Z,0,0,,,,,,
1772438400,2026-03-02T08:00:00.000Z,0,0,,,,,,
1772440200,2026-03-02T08:30:00.000Z,0,0,,,,,,
1772442000,2026-03-02T09:00:00.000Z,0,0,,,,,,
1772443800,2026-03-02T09:30:00.000Z,0,0,,,,,,
1772445600,2026-03-02T10:00:00.000Z,0,0,,,,,,
1772447400,2026-03-02T10:30:00.000Z,0,0,,,,,,
1772449200,2026-03-02T11:00:00.000Z,0,0,,,,,,
1772451000,2026-03-02T11:30:00.000Z,0,0,,,,,,
1772452800,2026-03-02T12:00:00.000Z,0,0,,,,,,
1772454600,2026-03-02T12:30:00.000Z,0,0,,,,,,
1772456400,2026-03-02T13:00:00.000Z,0,0,,,,,,
1772458200,2026-03-02T13:30:00.000Z,0,0,,,,,,
1772460000,2026-03-02T14:00:00.000Z,0,0,,,,,,
1772461800,2026-03-02T14:30:00.000Z,0,0,,,,,,
1772463600,2026-03-02T15:00:00.000Z,0,0,,,,,,
1772465400,2026-03-02T15:30:00.000Z,0,0,,,,,,
1772467200,2026-03-02T16:00:00.000Z,0,0,,,,,,
1772469000,2026-03-02T16:30:00.000Z,0,0,,,,,,
1772470800,2026-03-02T17:00:00.000Z,0,0,,,,,,
1772472600,2026-03-02T17:30:00.000Z,0,0,,,,,,
1772474400,2026-03-02T18:00:00.000Z,0,0,,,,,,
1772476200,2026-03-02T18:30:00.000Z,0,0,,,,,,
1772478000,2026-03-02T19:00:00.000Z,0,0,,,,,,
1772479800,2026-03-02T19:30:00.000Z,0,0,,,,,,
1772481600,2026-03-02T20:00:00.000Z,0,0,,,,,,
1772483400,2026-03-02T20:30:00.000Z,0,0,,,,,,
1772485200,2026-03-02T21:00:00.000Z,0,0,,,,,,
1772487000,2026-03-02T21:30:00.000Z,0,0,,,,,,
1772488800,2026-03-02T22:00:00.000Z,0,0,,,,,,
1772490600,2026-03-02T22:30:00.000Z,0,0,,,,,,
1772499600,2026-03-03T01:00:00.000Z,0,0,,,,,,
1772501400,2026-03-03T01:30:00.000Z,0,0,,,,,,
1772503200,2026-03-03T02:00:00.000Z,0,0,,,,,,
1772505000,2026-03-03T02:30:00.000Z,0,0,,,,,,
1772506800,2026-03-03T03:00:00.000Z,0,0,,,,,,
1772508600,2026-03-03T03:30:00.000Z,0,0,,,,,,
1772510400,2026-03-03T04:00:00.000Z,0,0,,,,,,
1772512200,2026-03-03T04:30:00.000Z,0,0,,,,,,
1772514000,2026-03-03T05:00:00.000Z,0,0,,,,,,
1772515800,2026-03-03T05:30:00.000Z,0,0,,,,,,
1772517600,2026-03-03T06:00:00.000Z,0,0,,,,,,
1772519400,2026-03-03T06:30:00.000Z,0,0,,,,,,
1772521200,2026-03-03T07:00:00.000Z,0,0,,,,,,
1772523000,2026-03-03T07:30:00.000Z,0,0,,,,,,
1772524800,2026-03-03T08:00:00.000Z,0,0,,,,,,
1772526600,2026-03-03T08:30:00.000Z,0,0,,,,,,
1772528400,2026-03-03T09:00:00.000Z,0,0,,,,,,
1772530200,2026-03-03T09:30:00.000Z,0,0,,,,,,
1772532000,2026-03-03T10:00:00.000Z,0,0,,,,,,
1772533800,2026-03-03T10:30:00.000Z,0,0,,,,,,
1772535600,2026-03-03T11:00:00.000Z,0,0,,,,,,
1772537400,2026-03-03T11:30:00.000Z,0,0,,,,,,
1772539200,2026-03-03T12:00:00.000Z,0,0,,,,,,
1772541000,2026-03-03T12:30:00.000Z,0,0,,,,,,
1772542800,2026-03-03T13:00:00.000Z,0,0,,,,,,
1772544600,2026-03-03T13:30:00.000Z,0,0,,,,,,
1772546400,2026-03-03T14:00:00.000Z,0,0,,,,,,
1772548200,2026-03-03T14:30:00.000Z,0,0,,,,,,
1772550000,2026-03-03T15:00:00.000Z,0,0,,,,,,
1772551800,2026-03-03T15:30:00.000Z,0,0,,,,,,
1772553600,2026-03-03T16:00:00.000Z,0,0,,,,,,
1772555400,2026-03-03T16:30:00.000Z,0,1,,,,,,
1772557200,2026-03-03T17:00:00.000Z,0,0,,,,,,
1772559000,2026-03-03T17:30:00.000Z,0,0,,,,,,
1772560800,2026-03-03T18:00:00.000Z,0,0,,,,,,
1772562600,2026-03-03T18:30:00.000Z,0,0,,,,,,
1772564400,2026-03-03T19:00:00.000Z,0,0,,,,,,
1772566200,2026-03-03T19:30:00.000Z,0,0,,,,,,
1772568000,2026-03-03T20:00:00.000Z,0,0,,,,,,
1772569800,2026-03-03T20:30:00.000Z,0,0,,,,,,
1772571600,2026-03-03T21:00:00.000Z,0,0,,,,,,
1772573400,2026-03-03T21:30:00.000Z,0,0,,,,,,
1772575200,2026-03-03T22:00:00.000Z,0,0,,,,,,
1772577000,2026-03-03T22:30:00.000Z,0,0,,,,,,
1772586000,2026-03-04T01:00:00.000Z,0,0,,,,,,
1772587800,2026-03-04T01:30:00.000Z,0,0,,,,,,
1772589600,2026-03-04T02:00:00.000Z,0,0,,,,,,
1772591400,2026-03-04T02:30:00.000Z,0,0,,,,,,
1772593200,2026-03-04T03:00:00.000Z,0,0,,,,,,
1772595000,2026-03-04T03:30:00.000Z,0,0,,,,,,
1772596800,2026-03-04T04:00:00.000Z,0,0,,,,,,
1772598600,2026-03-04T04:30:00.000Z,0,0,,,,,,
1772600400,2026-03-04T05:00:00.000Z,0,0,,,,,,
1772602200,2026-03-04T05:30:00.000Z,0,0,,,,,,
1772604000,2026-03-04T06:00:00.000Z,0,0,,,,,,
1772605800,2026-03-04T06:30:00.000Z,0,0,,,,,,
1772607600,2026-03-04T07:00:00.000Z,0,0,,,,,,
1772609400,2026-03-04T07:30:00.000Z,0,0,,,,,,
1772611200,2026-03-04T08:00:00.000Z,0,0,,,,,,
1772613000,2026-03-04T08:30:00.000Z,0,0,,,,,,
1772614800,2026-03-04T09:00:00.000Z,0,0,,,,,,
1772616600,2026-03-04T09:30:00.000Z,0,0,,,,,,
1772618400,2026-03-04T10:00:00.000Z,0,0,,,,,,
1772620200,2026-03-04T10:30:00.000Z,0,0,,,,,,
1772622000,2026-03-04T11:00:00.000Z,0,0,,,,,,
1772623800,2026-03-04T11:30:00.000Z,0,0,,,,,,
1772625600,2026-03-04T12:00:00.000Z,0,0,,,,,,
1772627400,2026-03-04T12:30:00.000Z,0,0,,,,,,
1772629200,2026-03-04T13:00:00.000Z,0,0,,,,,,
1772631000,2026-03-04T13:30:00.000Z,0,0,,,,,,
1772632800,2026-03-04T14:00:00.000Z,0,0,,,,,,
1772634600,2026-03-04T14:30:00.000Z,0,0,,,,,,
1772636400,2026-03-04T15:00:00.000Z,0,0,,,,,,
1772638200,2026-03-04T15:30:00.000Z,0,0,,,,,,
1772640000,2026-03-04T16:00:00.000Z,0,0,,,,,,
1772641800,2026-03-04T16:30:00.000Z,0,0,,,,,,
1772643600,2026-03-04T17:00:00.000Z,0,0,,,,,,
1772645400,2026-03-04T17:30:00.000Z,0,0,,,,,,
1772647200,2026-03-04T18:00:00.000Z,0,0,,,,,,
1772649000,2026-03-04T18:30:00.000Z,0,0,,,,,,
1772650800,2026-03-04T19:00:00.000Z,0,0,,,,,,
1772652600,2026-03-04T19:30:00.000Z,0,0,,,,,,
1772654400,2026-03-04T20:00:00.000Z,0,0,,,,,,
1772656200,2026-03-04T20:30:00.000Z,0,0,,,,,,
1772658000,2026-03-04T21:00:00.000Z,0,0,,,,,,
1772659800,2026-03-04T21:30:00.000Z,0,0,,,,,,
1772661600,2026-03-04T22:00:00.000Z,0,0,,,,,,
1772663400,2026-03-04T22:30:00.000Z,0,0,,,,,,
1772672400,2026-03-05T01:00:00.000Z,0,0,,,,,,
1772674200,2026-03-05T01:30:00.000Z,0,0,,,,,,
1772676000,2026-03-05T02:00:00.000Z,0,0,,,,,,
1772677800,2026-03-05T02:30:00.000Z,0,0,,,,,,
1772679600,2026-03-05T03:00:00.000Z,0,0,,,,,,
1772681400,2026-03-05T03:30:00.000Z,0,0,,,,,,
1772683200,2026-03-05T04:00:00.000Z,0,0,,,,,,
1772685000,2026-03-05T04:30:00.000Z,0,0,,,,,,
1772686800,2026-03-05T05:00:00.000Z,0,0,,,,,,
1772688600,2026-03-05T05:30:00.000Z,0,0,,,,,,
1772690400,2026-03-05T06:00:00.000Z,0,0,,,,,,
1772692200,2026-03-05T06:30:00.000Z,0,0,,,,,,
1772694000,2026-03-05T07:00:00.000Z,0,0,,,,,,
1772695800,2026-03-05T07:30:00.000Z,0,0,,,,,,
1772697600,2026-03-05T08:00:00.000Z,0,0,,,,,,
1772699400,2026-03-05T08:30:00.000Z,0,0,,,,,,
1772701200,2026-03-05T09:00:00.000Z,0,0,,,,,,
1772703000,2026-03-05T09:30:00.000Z,0,0,,,,,,
1772704800,2026-03-05T10:00:00.000Z,0,0,,,,,,
1772706600,2026-03-05T10:30:00.000Z,0,0,,,,,,
1772708400,2026-03-05T11:00:00.000Z,0,0,,,,,,
1772710200,2026-03-05T11:30:00.000Z,0,0,,,,,,
1772712000,2026-03-05T12:00:00.000Z,0,0,,,,,,
1772713800,2026-03-05T12:30:00.000Z,0,0,,,,,,
1772715600,2026-03-05T13:00:00.000Z,0,0,,,,,,
1772717400,2026-03-05T13:30:00.000Z,0,0,,,,,,
1772719200,2026-03-05T14:00:00.000Z,0,0,,,,,,
1772721000,2026-03-05T14:30:00.000Z,0,0,,,,,,
1772722800,2026-03-05T15:00:00.000Z,0,0,,,,,,
1772724600,2026-03-05T15:30:00.000Z,0,0,,,,,,
1772726400,2026-03-05T16:00:00.000Z,0,0,,,,,,
1772728200,2026-03-05T16:30:00.000Z,0,0,,,,,,
1772730000,2026-03-05T17:00:00.000Z,0,0,,,,,,
1772731800,2026-03-05T17:30:00.000Z,0,0,,,,,,
1772733600,2026-03-05T18:00:00.000Z,0,0,,,,,,
1772735400,2026-03-05T18:30:00.000Z,0,0,,,,,,
1772737200,2026-03-05T19:00:00.000Z,0,0,,,,,,
1772739000,2026-03-05T19:30:00.000Z,0,0,,,,,,
1772740800,2026-03-05T20:00:00.000Z,0,0,,,,,,
1772742600,2026-03-05T20:30:00.000Z,0,1,,,,,,
1772744400,2026-03-05T21:00:00.000Z,0,0,,,,,,
1772746200,2026-03-05T21:30:00.000Z,0,0,,,,,,
1772748000,2026-03-05T22:00:00.000Z,0,0,,,,,,
1772749800,2026-03-05T22:30:00.000Z,0,0,,,,,,
1772758800,2026-03-06T01:00:00.000Z,0,0,,,,,,
1772760600,2026-03-06T01:30:00.000Z,0,0,,,,,,
1772762400,2026-03-06T02:00:00.000Z,0,0,,,,,,
1772764200,2026-03-06T02:30:00.000Z,0,0,,,,,,
1772766000,2026-03-06T03:00:00.000Z,0,0,,,,,,
1772767800,2026-03-06T03:30:00.000Z,0,0,,,,,,
1772769600,2026-03-06T04:00:00.000Z,0,0,,,,,,
1772771400,2026-03-06T04:30:00.000Z,0,0,,,,,,
1772773200,2026-03-06T05:00:00.000Z,0,0,,,,,,
1772775000,2026-03-06T05:30:00.000Z,0,0,,,,,,
1772776800,2026-03-06T06:00:00.000Z,0,0,,,,,,
1772778600,2026-03-06T06:30:00.000Z,0,0,,,,,,
1772780400,2026-03-06T07:00:00.000Z,0,0,,,,,,
1772782200,2026-03-06T07:30:00.000Z,0,0,,,,,,
1772784000,2026-03-06T08:00:00.000Z,0,0,,,,,,
1772785800,2026-03-06T08:30:00.000Z,0,0,,,,,,
1772787600,2026-03-06T09:00:00.000Z,0,0,,,,,,
1772789400,2026-03-06T09:30:00.000Z,0,0,,,,,,
1772791200,2026-03-06T10:00:00.000Z,0,0,,,,,,
1772793000,2026-03-06T10:30:00.000Z,0,0,,,,,,
1772794800,2026-03-06T11:00:00.000Z,0,0,,,,,,
1772796600,2026-03-06T11:30:00.000Z,0,0,,,,,,
1772798400,2026-03-06T12:00:00.000Z,0,0,,,,,,
1772800200,2026-03-06T12:30:00.000Z,0,0,,,,,,
1772802000,2026-03-06T13:00:00.000Z,0,0,,,,,,
1772803800,2026-03-06T13:30:00.000Z,0,0,,,,,,
1772805600,2026-03-06T14:00:00.000Z,0,0,,,,,,
1772807400,2026-03-06T14:30:00.000Z,0,0,,,,,,
1772809200,2026-03-06T15:00:00.000Z,0,0,,,,,,
1772811000,2026-03-06T15:30:00.000Z,0,0,,,,,,
1772812800,2026-03-06T16:00:00.000Z,0,0,,,,,,
1772814600,2026-03-06T16:30:00.000Z,0,0,,,,,,
1772816400,2026-03-06T17:00:00.000Z,0,0,,,,,,
1772818200,2026-03-06T17:30:00.000Z,0,0,,,,,,
1772820000,2026-03-06T18:00:00.000Z,0,0,,,,,,
1772821800,2026-03-06T18:30:00.000Z,0,0,,,,,,
1772823600,2026-03-06T19:00:00.000Z,0,0,,,,,,
1772825400,2026-03-06T19:30:00.000Z,0,0,,,,,,
1772827200,2026-03-06T20:00:00.000Z,0,0,,,,,,
1772829000,2026-03-06T20:30:00.000Z,0,0,,,,,,
1772830800,2026-03-06T21:00:00.000Z,0,0,,,,,,
1772832600,2026-03-06T21:30:00.000Z,0,0,,,,,,
1772834400,2026-03-06T22:00:00.000Z,0,0,,,,,,
1772836200,2026-03-06T22:30:00.000Z,0,0,,,,,,
1773007200,2026-03-08T22:00:00.000Z,0,0,,,,,,
1773009000,2026-03-08T22:30:00.000Z,0,0,,,,,,
1773010800,2026-03-08T23:00:00.000Z,0,0,,,,,,
1773012600,2026-03-08T23:30:00.000Z,0,0,,,,,,
1773014400,2026-03-09T00:00:00.000Z,0,0,,,,,,
1773016200,2026-03-09T00:30:00.000Z,0,0,,,,,,
1773018000,2026-03-09T01:00:00.000Z,0,0,,,,,,
1773019800,2026-03-09T01:30:00.000Z,0,0,,,,,,
1773021600,2026-03-09T02:00:00.000Z,0,0,,,,,,
1773023400,2026-03-09T02:30:00.000Z,0,0,,,,,,
1773025200,2026-03-09T03:00:00.000Z,0,0,,,,,,
1773027000,2026-03-09T03:30:00.000Z,0,0,,,,,,
1773028800,2026-03-09T04:00:00.000Z,0,0,,,,,,
1773030600,2026-03-09T04:30:00.000Z,0,0,,,,,,
1773032400,2026-03-09T05:00:00.000Z,0,0,,,,,,
1773034200,2026-03-09T05:30:00.000Z,0,0,,,,,,
1773036000,2026-03-09T06:00:00.000Z,0,0,,,,,,
1773037800,2026-03-09T06:30:00.000Z,0,0,,,,,,
1773039600,2026-03-09T07:00:00.000Z,0,0,,,,,,
1773041400,2026-03-09T07:30:00.000Z,0,0,,,,,,
1773043200,2026-03-09T08:00:00.000Z,0,0,,,,,,
1773045000,2026-03-09T08:30:00.000Z,0,0,,,,,,
1773046800,2026-03-09T09:00:00.000Z,0,0,,,,,,
1773048600,2026-03-09T09:30:00.000Z,0,0,,,,,,
1773050400,2026-03-09T10:00:00.000Z,0,0,,,,,,
1773052200,2026-03-09T10:30:00.000Z,0,0,,,,,,
1773054000,2026-03-09T11:00:00.000Z,0,0,,,,,,
1773055800,2026-03-09T11:30:00.000Z,0,0,,,,,,
1773057600,2026-03-09T12:00:00.000Z,0,0,,,,,,
1773059400,2026-03-09T12:30:00.000Z,0,0,,,,,,
1773061200,2026-03-09T13:00:00.000Z,0,0,,,,,,
1773063000,2026-03-09T13:30:00.000Z,0,0,,,,,,
1773064800,2026-03-09T14:00:00.000Z,0,0,,,,,,
1773066600,2026-03-09T14:30:00.000Z,0,0,,,,,,
1773068400,2026-03-09T15:00:00.000Z,0,0,,,,,,
1773070200,2026-03-09T15:30:00.000Z,0,0,,,,,,
1773072000,2026-03-09T16:00:00.000Z,0,0,,,,,,
1773073800,2026-03-09T16:30:00.000Z,0,0,,,,,,
1773075600,2026-03-09T17:00:00.000Z,0,0,,,,,,
1773077400,2026-03-09T17:30:00.000Z,0,0,,,,,,
1773079200,2026-03-09T18:00:00.000Z,0,0,,,,,,
1773081000,2026-03-09T18:30:00.000Z,0,0,,,,,,
1773082800,2026-03-09T19:00:00.000Z,0,0,,,,,,
1773084600,2026-03-09T19:30:00.000Z,0,0,,,,,,
1773086400,2026-03-09T20:00:00.000Z,0,0,,,,,,
1773088200,2026-03-09T20:30:00.000Z,0,0,,,,,,
1773090000,2026-03-09T21:00:00.000Z,0,0,,,,,,
1773091800,2026-03-09T21:30:00.000Z,0,0,,,,,,
1773100800,2026-03-10T00:00:00.000Z,0,0,,,,,,
1773102600,2026-03-10T00:30:00.000Z,0,0,,,,,,
1773104400,2026-03-10T01:00:00.000Z,0,0,,,,,,
1773106200,2026-03-10T01:30:00.000Z,0,0,,,,,,
1773108000,2026-03-10T02:00:00.000Z,0,0,,,,,,
1773109800,2026-03-10T02:30:00.000Z,0,0,,,,,,
1773111600,2026-03-10T03:00:00.000Z,0,0,,,,,,
1773113400,2026-03-10T03:30:00.000Z,0,0,,,,,,
1773115200,2026-03-10T04:00:00.000Z,0,0,,,,,,
1773117000,2026-03-10T04:30:00.000Z,0,0,,,,,,
1773118800,2026-03-10T05:00:00.000Z,0,0,,,,,,
1773120600,2026-03-10T05:30:00.000Z,0,0,,,,,,
1773122400,2026-03-10T06:00:00.000Z,0,0,,,,,,
1773124200,2026-03-10T06:30:00.000Z,0,0,,,,,,
1773126000,2026-03-10T07:00:00.000Z,0,0,,,,,,
1773127800,2026-03-10T07:30:00.000Z,0,0,,,,,,
1773129600,2026-03-10T08:00:00.000Z,0,0,,,,,,
1773131400,2026-03-10T08:30:00.000Z,0,0,,,,,,
1773133200,2026-03-10T09:00:00.000Z,0,0,,,,,,
1773135000,2026-03-10T09:30:00.000Z,0,0,,,,,,
1773136800,2026-03-10T10:00:00.000Z,0,0,,,,,,
1773138600,2026-03-10T10:30:00.000Z,0,0,,,,,,
1773140400,2026-03-10T11:00:00.000Z,0,0,,,,,,
1773142200,2026-03-10T11:30:00.000Z,0,0,,,,,,
1773144000,2026-03-10T12:00:00.000Z,0,0,,,,,,
1773145800,2026-03-10T12:30:00.000Z,0,0,,,,,,
1773147600,2026-03-10T13:00:00.000Z,0,0,,,,,,
1773149400,2026-03-10T13:30:00.000Z,0,0,,,,,,
1773151200,2026-03-10T14:00:00.000Z,0,0,,,,,,
1773153000,2026-03-10T14:30:00.000Z,0,0,,,,,,
1773154800,2026-03-10T15:00:00.000Z,0,0,,,,,,
1773156600,2026-03-10T15:30:00.000Z,0,0,,,,,,
1773158400,2026-03-10T16:00:00.000Z,0,0,,,,,,
1773160200,2026-03-10T16:30:00.000Z,0,0,,,,,,
1773162000,2026-03-10T17:00:00.000Z,0,0,,,,,,
1773163800,2026-03-10T17:30:00.000Z,0,0,,,,,,
1773165600,2026-03-10T18:00:00.000Z,0,0,,,,,,
1773167400,2026-03-10T18:30:00.000Z,0,0,,,,,,
1773169200,2026-03-10T19:00:00.000Z,0,0,,,,,,
1773171000,2026-03-10T19:30:00.000Z,0,0,,,,,,
1773172800,2026-03-10T20:00:00.000Z,0,0,,,,,,
1773174600,2026-03-10T20:30:00.000Z,0,0,,,,,,
1773176400,2026-03-10T21:00:00.000Z,0,0,,,,,,
1773178200,2026-03-10T21:30:00.000Z,0,0,,,,,,
1773187200,2026-03-11T00:00:00.000Z,0,0,,,,,,
1773189000,2026-03-11T00:30:00.000Z,0,0,,,,,,
1773190800,2026-03-11T01:00:00.000Z,0,0,,,,,,
1773192600,2026-03-11T01:30:00.000Z,0,0,,,,,,
1773194400,2026-03-11T02:00:00.000Z,0,0,,,,,,
1773196200,2026-03-11T02:30:00.000Z,0,0,,,,,,
1773198000,2026-03-11T03:00:00.000Z,0,0,,,,,,
1773199800,2026-03-11T03:30:00.000Z,0,0,,,,,,
1773201600,2026-03-11T04:00:00.000Z,0,0,,,,,,
1773203400,2026-03-11T04:30:00.000Z,0,0,,,,,,
1773205200,2026-03-11T05:00:00.000Z,0,0,,,,,,
1773207000,2026-03-11T05:30:00.000Z,0,0,,,,,,
1773208800,2026-03-11T06:00:00.000Z,0,0,,,,,,
1773210600,2026-03-11T06:30:00.000Z,0,0,,,,,,
1773212400,2026-03-11T07:00:00.000Z,0,0,,,,,,
1773214200,2026-03-11T07:30:00.000Z,0,0,,,,,,
1773216000,2026-03-11T08:00:00.000Z,0,0,,,,,,
1773217800,2026-03-11T08:30:00.000Z,0,0,,,,,,
1773219600,2026-03-11T09:00:00.000Z,0,0,,,,,,
1773221400,2026-03-11T09:30:00.000Z,0,0,,,,,,
1773223200,2026-03-11T10:00:00.000Z,0,0,,,,,,
1773225000,2026-03-11T10:30:00.000Z,0,0,,,,,,
1773226800,2026-03-11T11:00:00.000Z,0,0,,,,,,
1773228600,2026-03-11T11:30:00.000Z,0,0,,,,,,
1773230400,2026-03-11T12:00:00.000Z,0,0,,,,,,
1773232200,2026-03-11T12:30:00.000Z,0,0,,,,,,
1773234000,2026-03-11T13:00:00.000Z,0,0,,,,,,
1773235800,2026-03-11T13:30:00.000Z,0,0,,,,,,
1773237600,2026-03-11T14:00:00.000Z,0,0,,,,,,
1773239400,2026-03-11T14:30:00.000Z,0,0,,,,,,
1773241200,2026-03-11T15:00:00.000Z,0,0,,,,,,
1773243000,2026-03-11T15:30:00.000Z,0,0,,,,,,
1773244800,2026-03-11T16:00:00.000Z,0,0,,,,,,
1773246600,2026-03-11T16:30:00.000Z,0,0,,,,,,
1773248400,2026-03-11T17:00:00.000Z,0,0,,,,,,
1773250200,2026-03-11T17:30:00.000Z,0,0,,,,,,
1773252000,2026-03-11T18:00:00.000Z,0,0,,,,,,
1773253800,2026-03-11T18:30:00.000Z,0,0,,,,,,
1773255600,2026-03-11T19:00:00.000Z,0,0,,,,,,
1773257400,2026-03-11T19:30:00.000Z,0,0,,,,,,
1773259200,2026-03-11T20:00:00.000Z,0,0,,,,,,
1773261000,2026-03-11T20:30:00.000Z,0,0,,,,,,
1773262800,2026-03-11T21:00:00.000Z,0,0,,,,,,
1773264600,2026-03-11T21:30:00.000Z,0,0,,,,,,
1773273600,2026-03-12T00:00:00.000Z,0,0,,,,,,
1773275400,2026-03-12T00:30:00.000Z,0,0,,,,,,
1773277200,2026-03-12T01:00:00.000Z,0,0,,,,,,
1773279000,2026-03-12T01:30:00.000Z,0,0,,,,,,
1773280800,2026-03-12T02:00:00.000Z,0,0,,,,,,
1773282600,2026-03-12T02:30:00.000Z,0,0,,,,,,
1773284400,2026-03-12T03:00:00.000Z,0,0,,,,,,
1773286200,2026-03-12T03:30:00.000Z,0,0,,,,,,
1773288000,2026-03-12T04:00:00.000Z,0,0,,,,,,
1773289800,2026-03-12T04:30:00.000Z,0,0,,,,,,
1773291600,2026-03-12T05:00:00.000Z,0,0,,,,,,
1773293400,2026-03-12T05:30:00.000Z,0,0,,,,,,
1773295200,2026-03-12T06:00:00.000Z,0,0,,,,,,
1773297000,2026-03-12T06:30:00.000Z,0,0,,,,,,
1773298800,2026-03-12T07:00:00.000Z,0,0,,,,,,
1773300600,2026-03-12T07:30:00.000Z,0,0,,,,,,
1773302400,2026-03-12T08:00:00.000Z,0,0,,,,,,
1773304200,2026-03-12T08:30:00.000Z,0,0,,,,,,
1773306000,2026-03-12T09:00:00.000Z,0,0,,,,,,
1773307800,2026-03-12T09:30:00.000Z,0,0,,,,,,
1773309600,2026-03-12T10:00:00.000Z,0,0,,,,,,
1773311400,2026-03-12T10:30:00.000Z,0,0,,,,,,
1773313200,2026-03-12T11:00:00.000Z,0,0,,,,,,
1773315000,2026-03-12T11:30:00.000Z,0,0,,,,,,
1773316800,2026-03-12T12:00:00.000Z,0,0,,,,,,
1773318600,2026-03-12T12:30:00.000Z,0,0,,,,,,
1773320400,2026-03-12T13:00:00.000Z,0,0,,,,,,
1773322200,2026-03-12T13:30:00.000Z,0,0,,,,,,
1773324000,2026-03-12T14:00:00.000Z,0,0,,,,,,
1773325800,2026-03-12T14:30:00.000Z,0,0,,,,,,
1773327600,2026-03-12T15:00:00.000Z,0,0,,,,,,
1773329400,2026-03-12T15:30:00.000Z,0,0,,,,,,
1773331200,2026-03-12T16:00:00.000Z,0,0,,,,,,
1773333000,2026-03-12T16:30:00.000Z,0,0,,,,,,
1773334800,2026-03-12T17:00:00.000Z,0,0,,,,,,
1773336600,2026-03-12T17:30:00.000Z,0,0,,,,,,
1773338400,2026-03-12T18:00:00.000Z,0,0,,,,,,
1773340200,2026-03-12T18:30:00.000Z,0,0,,,,,,
1773342000,2026-03-12T19:00:00.000Z,0,0,,,,,,
1773343800,2026-03-12T19:30:00.000Z,0,0,,,,,,
1773345600,2026-03-12T20:00:00.000Z,0,0,,,,,,
1773347400,2026-03-12T20:30:00.000Z,0,0,,,,,,
1773349200,2026-03-12T21:00:00.000Z,0,0,,,,,,
1773351000,2026-03-12T21:30:00.000Z,0,0,,,,,,
1773360000,2026-03-13T00:00:00.000Z,0,0,,,,,,
1773361800,2026-03-13T00:30:00.000Z,0,0,,,,,,
1773363600,2026-03-13T01:00:00.000Z,0,0,,,,,,
1773365400,2026-03-13T01:30:00.000Z,0,0,,,,,,
1773367200,2026-03-13T02:00:00.000Z,0,0,,,,,,
1773369000,2026-03-13T02:30:00.000Z,0,0,,,,,,
1773370800,2026-03-13T03:00:00.000Z,0,0,,,,,,
1773372600,2026-03-13T03:30:00.000Z,0,0,,,,,,
1773374400,2026-03-13T04:00:00.000Z,0,0,,,,,,
1773376200,2026-03-13T04:30:00.000Z,0,0,,,,,,
1773378000,2026-03-13T05:00:00.000Z,0,0,,,,,,
1773379800,2026-03-13T05:30:00.000Z,0,0,,,,,,
1773381600,2026-03-13T06:00:00.000Z,0,0,,,,,,
1773383400,2026-03-13T06:30:00.000Z,0,0,,,,,,
1773385200,2026-03-13T07:00:00.000Z,0,0,,,,,,
1773387000,2026-03-13T07:30:00.000Z,0,0,,,,,,
1773388800,2026-03-13T08:00:00.000Z,0,0,,,,,,
1773390600,2026-03-13T08:30:00.000Z,0,0,,,,,,
1773392400,2026-03-13T09:00:00.000Z,0,0,,,,,,
1773394200,2026-03-13T09:30:00.000Z,0,0,,,,,,
1773396000,2026-03-13T10:00:00.000Z,0,0,,,,,,
1773397800,2026-03-13T10:30:00.000Z,0,0,,,,,,
1773399600,2026-03-13T11:00:00.000Z,0,0,,,,,,
1773401400,2026-03-13T11:30:00.000Z,0,0,,,,,,
1773403200,2026-03-13T12:00:00.000Z,0,0,,,,,,
1773405000,2026-03-13T12:30:00.000Z,0,0,,,,,,
1773406800,2026-03-13T13:00:00.000Z,0,0,,,,,,
1773408600,2026-03-13T13:30:00.000Z,0,0,,,,,,
1773410400,2026-03-13T14:00:00.000Z,0,0,,,,,,
1773412200,2026-03-13T14:30:00.000Z,0,0,,,,,,
1773414000,2026-03-13T15:00:00.000Z,0,0,,,,,,
1773415800,2026-03-13T15:30:00.000Z,0,0,,,,,,
1773417600,2026-03-13T16:00:00.000Z,0,0,,,,,,
1773419400,2026-03-13T16:30:00.000Z,0,0,,,,,,
1773421200,2026-03-13T17:00:00.000Z,0,0,,,,,,
1773423000,2026-03-13T17:30:00.000Z,0,0,,,,,,
1773424800,2026-03-13T18:00:00.000Z,0,0,,,,,,
1773426600,2026-03-13T18:30:00.000Z,0,0,,,,,,
1773428400,2026-03-13T19:00:00.000Z,0,0,,,,,,
1773430200,2026-03-13T19:30:00.000Z,0,0,,,,,,
1773432000,2026-03-13T20:00:00.000Z,0,0,,,,,,
1773433800,2026-03-13T20:30:00.000Z,0,0,,,,,,
1773435600,2026-03-13T21:00:00.000Z,0,0,,,,,,
1773437400,2026-03-13T21:30:00.000Z,0,0,,,,,,
1773612000,2026-03-15T22:00:00.000Z,0,0,,,,,,
1773613800,2026-03-15T22:30:00.000Z,0,0,,,,,,
1773615600,2026-03-15T23:00:00.000Z,0,0,,,,,,
1773617400,2026-03-15T23:30:00.000Z,0,0,,,,,,
1773619200,2026-03-16T00:00:00.000Z,0,1,,,,,,
1773621000,2026-03-16T00:30:00.000Z,0,0,,,,,,
1773622800,2026-03-16T01:00:00.000Z,0,0,,,,,,
1773624600,2026-03-16T01:30:00.000Z,0,0,,,,,,
1773626400,2026-03-16T02:00:00.000Z,0,0,,,,,,
1773628200,2026-03-16T02:30:00.000Z,0,0,,,,,,
1773630000,2026-03-16T03:00:00.000Z,0,0,,,,,,
1773631800,2026-03-16T03:30:00.000Z,0,0,,,,,,
1773633600,2026-03-16T04:00:00.000Z,0,0,,,,,,
1773635400,2026-03-16T04:30:00.000Z,0,0,,,,,,
1773637200,2026-03-16T05:00:00.000Z,0,0,,,,,,
1773639000,2026-03-16T05:30:00.000Z,0,0,,,,,,
1773640800,2026-03-16T06:00:00.000Z,0,0,,,,,,
1773642600,2026-03-16T06:30:00.000Z,0,0,,,,,,
1773644400,2026-03-16T07:00:00.000Z,0,0,,,,,,
1773646200,2026-03-16T07:30:00.000Z,0,0,,,,,,
1773648000,2026-03-16T08:00:00.000Z,0,0,,,,,,
1773649800,2026-03-16T08:30:00.000Z,0,0,,,,,,
1773651600,2026-03-16T09:00:00.000Z,0,0,,,,,,
1773653400,2026-03-16T09:30:00.000Z,0,0,,,,,,
1773655200,2026-03-16T10:00:00.000Z,0,0,,,,,,
1773657000,2026-03-16T10:30:00.000Z,0,0,,,,,,
1773658800,2026-03-16T11:00:00.000Z,0,0,,,,,,
1773660600,2026-03-16T11:30:00.000Z,0,0,,,,,,
1773662400,2026-03-16T12:00:00.000Z,0,0,,,,,,
1773664200,2026-03-16T12:30:00.000Z,0,0,,,,,,
1773666000,2026-03-16T13:00:00.000Z,0,0,,,,,,
1773667800,2026-03-16T13:30:00.000Z,0,0,,,,,,
1773669600,2026-03-16T14:00:00.000Z,0,0,,,,,,
1773671400,2026-03-16T14:30:00.000Z,0,0,,,,,,
1773673200,2026-03-16T15:00:00.000Z,0,0,,,,,,
1773675000,2026-03-16T15:30:00.000Z,0,0,,,,,,
1773676800,2026-03-16T16:00:00.000Z,0,0,,,,,,
1773678600,2026-03-16T16:30:00.000Z,0,0,,,,,,
1773680400,2026-03-16T17:00:00.000Z,0,0,,,,,,
1773682200,2026-03-16T17:30:00.000Z,0,0,,,,,,
1773684000,2026-03-16T18:00:00.000Z,0,0,,,,,,
1773685800,2026-03-16T18:30:00.000Z,0,0,,,,,,
1773687600,2026-03-16T19:00:00.000Z,0,0,,,,,,
1773689400,2026-03-16T19:30:00.000Z,0,0,,,,,,
1773691200,2026-03-16T20:00:00.000Z,0,0,,,,,,
1773693000,2026-03-16T20:30:00.000Z,0,0,,,,,,
1773694800,2026-03-16T21:00:00.000Z,0,0,,,,,,
1773696600,2026-03-16T21:30:00.000Z,0,0,,,,,,
1773705600,2026-03-17T00:00:00.000Z,0,0,,,,,,
1773707400,2026-03-17T00:30:00.000Z,0,0,,,,,,
1773709200,2026-03-17T01:00:00.000Z,0,0,,,,,,
1773711000,2026-03-17T01:30:00.000Z,0,0,,,,,,
1773712800,2026-03-17T02:00:00.000Z,0,0,,,,,,
1773714600,2026-03-17T02:30:00.000Z,0,0,,,,,,
1773716400,2026-03-17T03:00:00.000Z,0,0,,,,,,
1773718200,2026-03-17T03:30:00.000Z,0,0,,,,,,
1773720000,2026-03-17T04:00:00.000Z,0,0,,,,,,
1773721800,2026-03-17T04:30:00.000Z,0,0,,,,,,
1773723600,2026-03-17T05:00:00.000Z,0,0,,,,,,
1773725400,2026-03-17T05:30:00.000Z,0,0,,,,,,
1773727200,2026-03-17T06:00:00.000Z,0,0,,,,,,
1773729000,2026-03-17T06:30:00.000Z,0,0,,,,,,
1773730800,2026-03-17T07:00:00.000Z,0,0,,,,,,
1773732600,2026-03-17T07:30:00.000Z,0,0,,,,,,
1773734400,2026-03-17T08:00:00.000Z,0,0,,,,,,
1773736200,2026-03-17T08:30:00.000Z,0,0,,,,,,
1773738000,2026-03-17T09:00:00.000Z,0,0,,,,,,
1773739800,2026-03-17T09:30:00.000Z,0,0,,,,,,
1773741600,2026-03-17T10:00:00.000Z,0,0,,,,,,
1773743400,2026-03-17T10:30:00.000Z,0,0,,,,,,
1773745200,2026-03-17T11:00:00.000Z,0,0,,,,,,
1773747000,2026-03-17T11:30:00.000Z,0,0,,,,,,
1773748800,2026-03-17T12:00:00.000Z,0,0,,,,,,
1773750600,2026-03-17T12:30:00.000Z,0,0,,,,,,
1773752400,2026-03-17T13:00:00.000Z,0,0,,,,,,
1773754200,2026-03-17T13:30:00.000Z,0,0,,,,,,
1773756000,2026-03-17T14:00:00.000Z,0,0,,,,,,
1773757800,2026-03-17T14:30:00.000Z,0,0,,,,,,
1773759600,2026-03-17T15:00:00.000Z,0,0,,,,,,
1773761400,2026-03-17T15:30:00.000Z,0,0,,,,,,
1773763200,2026-03-17T16:00:00.000Z,0,0,,,,,,
1773765000,2026-03-17T16:30:00.000Z,0,0,,,,,,
1773766800,2026-03-17T17:00:00.000Z,0,0,,,,,,
1773768600,2026-03-17T17:30:00.000Z,0,0,,,,,,
1773770400,2026-03-17T18:00:00.000Z,0,0,,,,,,
1773772200,2026-03-17T18:30:00.000Z,0,0,,,,,,
1773774000,2026-03-17T19:00:00.000Z,0,0,,,,,,
1773775800,2026-03-17T19:30:00.000Z,0,0,,,,,,
1773777600,2026-03-17T20:00:00.000Z,0,0,,,,,,
1773779400,2026-03-17T20:30:00.000Z,0,0,,,,,,
1773781200,2026-03-17T21:00:00.000Z,0,0,,,,,,
1773783000,2026-03-17T21:30:00.000Z,0,0,,,,,,
1773792000,2026-03-18T00:00:00.000Z,0,0,,,,,,
1773793800,2026-03-18T00:30:00.000Z,0,0,,,,,,
1773795600,2026-03-18T01:00:00.000Z,0,0,,,,,,
1773797400,2026-03-18T01:30:00.000Z,0,0,,,,,,
1773799200,2026-03-18T02:00:00.000Z,0,0,,,,,,
1773801000,2026-03-18T02:30:00.000Z,0,0,,,,,,
1773802800,2026-03-18T03:00:00.000Z,0,0,,,,,,
1773804600,2026-03-18T03:30:00.000Z,0,0,,,,,,
1773806400,2026-03-18T04:00:00.000Z,0,0,,,,,,
1773808200,2026-03-18T04:30:00.000Z,0,0,,,,,,
1773810000,2026-03-18T05:00:00.000Z,0,0,,,,,,
1773811800,2026-03-18T05:30:00.000Z,0,0,,,,,,
1773813600,2026-03-18T06:00:00.000Z,0,0,,,,,,
1773815400,2026-03-18T06:30:00.000Z,0,0,,,,,,
1773817200,2026-03-18T07:00:00.000Z,0,0,,,,,,
1773819000,2026-03-18T07:30:00.000Z,0,0,,,,,,
1773820800,2026-03-18T08:00:00.000Z,0,0,,,,,,
1773822600,2026-03-18T08:30:00.000Z,0,0,,,,,,
1773824400,2026-03-18T09:00:00.000Z,0,0,,,,,,
1773826200,2026-03-18T09:30:00.000Z,0,0,,,,,,
1773828000,2026-03-18T10:00:00.000Z,0,0,,,,,,
1773829800,2026-03-18T10:30:00.000Z,0,0,,,,,,
1773831600,2026-03-18T11:00:00.000Z,0,0,,,,,,
1773833400,2026-03-18T11:30:00.000Z,0,0,,,,,,
1773835200,2026-03-18T12:00:00.000Z,0,0,,,,,,
1773837000,2026-03-18T12:30:00.000Z,0,0,,,,,,
1773838800,2026-03-18T13:00:00.000Z,0,0,,,,,,
1773840600,2026-03-18T13:30:00.000Z,0,0,,,,,,
1773842400,2026-03-18T14:00:00.000Z,0,0,,,,,,
1773844200,2026-03-18T14:30:00.000Z,0,0,,,,,,
1773846000,2026-03-18T15:00:00.000Z,0,0,,,,,,
1773847800,2026-03-18T15:30:00.000Z,0,0,,,,,,
1773849600,2026-03-18T16:00:00.000Z,0,0,,,,,,
1773851400,2026-03-18T16:30:00.000Z,0,0,,,,,,
1773853200,2026-03-18T17:00:00.000Z,0,0,,,,,,
1773855000,2026-03-18T17:30:00.000Z,0,0,,,,,,
1773856800,2026-03-18T18:00:00.000Z,0,0,,,,,,
1773858600,2026-03-18T18:30:00.000Z,0,0,,,,,,
1773860400,2026-03-18T19:00:00.000Z,0,0,,,,,,
1773862200,2026-03-18T19:30:00.000Z,0,0,,,,,,
1773864000,2026-03-18T20:00:00.000Z,0,0,,,,,,
1773865800,2026-03-18T20:30:00.000Z,0,0,,,,,,
1773867600,2026-03-18T21:00:00.000Z,0,0,,,,,,
1773869400,2026-03-18T21:30:00.000Z,0,0,,,,,,
1773878400,2026-03-19T00:00:00.000Z,0,0,,,,,,
1773880200,2026-03-19T00:30:00.000Z,0,0,,,,,,
1773882000,2026-03-19T01:00:00.000Z,0,0,,,,,,
1773883800,2026-03-19T01:30:00.000Z,0,0,,,,,,
1773885600,2026-03-19T02:00:00.000Z,0,0,,,,,,
1773887400,2026-03-19T02:30:00.000Z,0,0,,,,,,
1773889200,2026-03-19T03:00:00.000Z,0,0,,,,,,
1773891000,2026-03-19T03:30:00.000Z,0,0,,,,,,
1773892800,2026-03-19T04:00:00.000Z,0,0,,,,,,
1773894600,2026-03-19T04:30:00.000Z,0,0,,,,,,
1773896400,2026-03-19T05:00:00.000Z,0,0,,,,,,
1773898200,2026-03-19T05:30:00.000Z,0,0,,,,,,
1773900000,2026-03-19T06:00:00.000Z,0,0,,,,,,
1773901800,2026-03-19T06:30:00.000Z,0,0,,,,,,
1773903600,2026-03-19T07:00:00.000Z,0,0,,,,,,
1773905400,2026-03-19T07:30:00.000Z,0,0,,,,,,
1773907200,2026-03-19T08:00:00.000Z,0,0,,114.28,114.33,113.14,114.16,4220
1773909000,2026-03-19T08:30:00.000Z,0,0,,114.18,117,114.1,116.16,6649
1773910800,2026-03-19T09:00:00.000Z,0,0,,116.13,119.13,114.72,118.27,8762
1773912600,2026-03-19T09:30:00.000Z,0,0,,118.28,118.89,114.02,114.9,9066
1773914400,2026-03-19T10:00:00.000Z,0,1,,114.9,115.45,113.63,113.91,4805
1773916200,2026-03-19T10:30:00.000Z,0,0,,113.93,114.78,113.63,114.42,3333
1773918000,2026-03-19T11:00:00.000Z,0,0,,114.43,114.65,113.63,114.29,2659
1773919800,2026-03-19T11:30:00.000Z,0,0,,114.29,115.19,113.63,113.75,2959
1773921600,2026-03-19T12:00:00.000Z,0,0,,113.82,114.23,112.11,113.28,4646
1773923400,2026-03-19T12:30:00.000Z,0,0,,113.37,113.92,112.29,112.94,3528
1773925200,2026-03-19T13:00:00.000Z,0,0,,112.95,113.51,110.31,112.59,7224
1773927000,2026-03-19T13:30:00.000Z,0,0,,112.63,113.15,110.64,111.23,5573
1773928800,2026-03-19T14:00:00.000Z,0,0,,111.23,112.26,110.05,112.1,5400
1773930600,2026-03-19T14:30:00.000Z,0,0,,112.12,112.41,110.83,110.98,3283
1773932400,2026-03-19T15:00:00.000Z,0,0,,111.01,112.81,110.49,112.05,4608
1773934200,2026-03-19T15:30:00.000Z,0,0,,112.09,112.8,110.19,110.32,9886
1773936000,2026-03-19T16:00:00.000Z,0,0,,110.34,111.27,108.6,111.14,6025
1773937800,2026-03-19T16:30:00.000Z,0,0,,111.12,111.54,109.49,109.81,3687
1773939600,2026-03-19T17:00:00.000Z,0,0,,109.79,109.99,107.87,108.25,3967
1773941400,2026-03-19T17:30:00.000Z,0,0,,108.26,109.35,108.05,108.41,3151
1773943200,2026-03-19T18:00:00.000Z,0,0,,108.47,108.97,107.02,108.79,5842
1773945000,2026-03-19T18:30:00.000Z,0,0,,108.79,109.5,107.19,107.58,3199
1773946800,2026-03-19T19:00:00.000Z,0,0,,107.61,107.82,103.76,106.26,9346
1773948600,2026-03-19T19:30:00.000Z,0,0,,106.33,107.8,105.65,107.48,2847
1773950400,2026-03-19T20:00:00.000Z,0,0,,107.51,107.9,107.16,107.46,1492
1773952200,2026-03-19T20:30:00.000Z,0,0,,107.49,108.39,107.13,107.78,924
1773954000,2026-03-19T21:00:00.000Z,0,0,,107.79,107.95,107.56,107.6,27
1773955800,2026-03-19T21:30:00.000Z,0,0,,107.54,107.67,107.32,107.58,110
1773964800,2026-03-20T00:00:00.000Z,0,0,,107.17,107.23,106.29,106.99,892
1773966600,2026-03-20T00:30:00.000Z,0,0,,106.97,107.85,106.97,107.61,506
1773968400,2026-03-20T01:00:00.000Z,0,0,,107.53,107.73,105.13,105.67,1766
1773970200,2026-03-20T01:30:00.000Z,0,0,,105.7,105.98,105.05,105.41,704
1773972000,2026-03-20T02:00:00.000Z,0,0,,105.45,106.01,105.43,105.98,767
1773973800,2026-03-20T02:30:00.000Z,0,0,,105.99,106.69,105.77,106.66,555
1773975600,2026-03-20T03:00:00.000Z,0,0,,106.66,107.58,106.38,107.38,537
1773977400,2026-03-20T03:30:00.000Z,0,0,,107.32,107.32,106.71,107.25,223
1773979200,2026-03-20T04:00:00.000Z,0,0,,107.23,107.23,106.67,106.94,223
1773981000,2026-03-20T04:30:00.000Z,0,0,,106.98,107.52,106.94,107.49,378
1773982800,2026-03-20T05:00:00.000Z,0,0,,107.47,107.53,107.1,107.32,358
1773984600,2026-03-20T05:30:00.000Z,0,0,,107.26,107.83,106.54,106.74,862
1773986400,2026-03-20T06:00:00.000Z,0,0,,106.74,107.67,106.68,107.41,855
1773988200,2026-03-20T06:30:00.000Z,0,0,,107.37,108.52,107.29,108.2,1314
1773990000,2026-03-20T07:00:00.000Z,0,0,,108.2,108.6,107.96,108.28,1306
1773991800,2026-03-20T07:30:00.000Z,0,0,,108.3,108.42,107.19,107.37,1362
1773993600,2026-03-20T08:00:00.000Z,0,0,,107.38,107.84,106.55,107.82,3837
1773995400,2026-03-20T08:30:00.000Z,0,0,,107.84,109.25,107.15,109,3961
1773997200,2026-03-20T09:00:00.000Z,0,0,,109.04,110.24,108.74,110.2,2267
1773999000,2026-03-20T09:30:00.000Z,0,0,,110.19,110.92,109.45,110.52,3328
1774000800,2026-03-20T10:00:00.000Z,0,0,,110.53,111.22,110.07,110.34,2510
1774002600,2026-03-20T10:30:00.000Z,0,0,,110.36,110.45,109.07,109.41,1794
1774004400,2026-03-20T11:00:00.000Z,0,0,,109.4,109.55,107.52,108.01,2930
1774006200,2026-03-20T11:30:00.000Z,0,0,,108,108.18,106.99,107.14,2148
1774008000,2026-03-20T12:00:00.000Z,0,0,,107.12,107.73,106.39,106.67,2655
1774009800,2026-03-20T12:30:00.000Z,0,0,,106.69,108,106.58,107.8,2120
1774011600,2026-03-20T13:00:00.000Z,0,0,,107.81,108.68,107.65,108.54,2513
1774013400,2026-03-20T13:30:00.000Z,0,0,,108.51,109.2,107.81,108.93,3076
1774015200,2026-03-20T14:00:00.000Z,0,0,,108.9,109.08,108.07,108.51,2305
1774017000,2026-03-20T14:30:00.000Z,0,0,,108.54,110.06,108.39,109.9,2728
1774018800,2026-03-20T15:00:00.000Z,0,0,,109.95,110.21,108.76,109.58,4446
1774020600,2026-03-20T15:30:00.000Z,0,0,,109.62,109.67,108.83,109.19,2312
1774022400,2026-03-20T16:00:00.000Z,0,0,,109.2,110.05,108.86,109.71,3002
1774024200,2026-03-20T16:30:00.000Z,0,0,,109.72,110.01,109.47,109.77,2078
1774026000,2026-03-20T17:00:00.000Z,0,0,,109.77,110.87,109.62,110.57,3693
1774027800,2026-03-20T17:30:00.000Z,0,0,,110.58,111.24,110.51,110.96,3497
1774029600,2026-03-20T18:00:00.000Z,0,0,,110.98,112.35,110.15,112.06,7867
1774031400,2026-03-20T18:30:00.000Z,0,0,,112.11,113.11,111.93,112.85,3684
1774033200,2026-03-20T19:00:00.000Z,0,0,,112.84,113.01,111.94,112.38,2372
1774035000,2026-03-20T19:30:00.000Z,0,0,,112.39,112.69,111.49,111.64,2045
1774036800,2026-03-20T20:00:00.000Z,0,0,,111.66,112.31,111.62,112.13,1061
1774038600,2026-03-20T20:30:00.000Z,0,0,,112.16,112.56,112.02,112.55,815
1774040400,2026-03-20T21:00:00.000Z,0,0,,112.49,112.92,106.49,107.57,649
1774042200,2026-03-20T21:30:00.000Z,0,0,,107.52,109.56,107.52,109.56,339
1774216800,2026-03-22T22:00:00.000Z,0,0,,113.76,114.35,110.39,110.97,3708
1774218600,2026-03-22T22:30:00.000Z,0,0,,110.95,112.19,110.22,112.12,1364
1774220400,2026-03-22T23:00:00.000Z,0,0,,112.12,112.41,111.72,112.34,548
1774222200,2026-03-22T23:30:00.000Z,0,0,,112.35,112.45,111.51,112.07,419
1774224000,2026-03-23T00:00:00.000Z,0,0,,112.06,112.49,111.28,111.32,671
1774225800,2026-03-23T00:30:00.000Z,0,0,,111.32,111.67,111.16,111.36,506
1774227600,2026-03-23T01:00:00.000Z,0,0,,111.31,112.16,111.24,112.06,786
1774229400,2026-03-23T01:30:00.000Z,0,0,,112.05,112.3,111.53,112.07,415
1774231200,2026-03-23T02:00:00.000Z,0,0,,112.1,112.57,111.63,112.54,502
1774233000,2026-03-23T02:30:00.000Z,0,0,,112.5,112.95,112.29,112.86,440
1774234800,2026-03-23T03:00:00.000Z,0,0,,112.85,112.98,112.75,112.86,513
1774236600,2026-03-23T03:30:00.000Z,0,0,,112.89,113,112.72,112.88,391
1774238400,2026-03-23T04:00:00.000Z,0,0,,112.9,113,112.76,112.92,214
1774240200,2026-03-23T04:30:00.000Z,0,0,,112.93,113.05,112.55,112.7,318
1774242000,2026-03-23T05:00:00.000Z,0,0,,112.72,112.81,112.55,112.56,255
1774243800,2026-03-23T05:30:00.000Z,0,0,,112.58,112.72,111.69,112.41,899
1774245600,2026-03-23T06:00:00.000Z,0,0,,112.39,113.78,112.17,113.14,1890
1774247400,2026-03-23T06:30:00.000Z,0,0,,113.08,113.91,112.27,113.48,3062
1774249200,2026-03-23T07:00:00.000Z,0,0,,113.47,113.98,113.16,113.88,1299
1774251000,2026-03-23T07:30:00.000Z,0,0,,113.92,114.13,113.56,113.61,1560
1774252800,2026-03-23T08:00:00.000Z,0,0,,113.63,114.33,112.83,114.23,4012
1774254600,2026-03-23T08:30:00.000Z,0,0,,114.25,114.43,113.35,113.48,2780
1774256400,2026-03-23T09:00:00.000Z,0,0,,113.47,113.53,112.78,113.3,1961
1774258200,2026-03-23T09:30:00.000Z,0,0,,113.4,113.76,113.12,113.19,1054
1774260000,2026-03-23T10:00:00.000Z,0,0,,113.2,113.84,113.08,113.6,1144
1774261800,2026-03-23T10:30:00.000Z,0,0,,113.59,113.6,111.78,112.86,2575
1774263600,2026-03-23T11:00:00.000Z,0,0,,112.89,113.09,96,104.33,20914
1774265400,2026-03-23T11:30:00.000Z,0,0,,104.32,105.97,102.55,105.53,9611
1774267200,2026-03-23T12:00:00.000Z,0,0,,105.52,107.09,103.31,103.88,7176
1774269000,2026-03-23T12:30:00.000Z,0,0,,103.86,104.06,100.28,101.19,9001
1774270800,2026-03-23T13:00:00.000Z,0,0,,101.2,103.66,100.01,103.24,6520
1774272600,2026-03-23T13:30:00.000Z,0,0,,103.18,103.19,100.17,100.86,4667
1774274400,2026-03-23T14:00:00.000Z,0,0,,100.89,101.41,99.62,101.36,5327
1774276200,2026-03-23T14:30:00.000Z,0,0,,101.37,102.52,100.77,101.07,3912
1774278000,2026-03-23T15:00:00.000Z,0,0,,101.06,101.07,96.76,98.72,9942
1774279800,2026-03-23T15:30:00.000Z,0,0,,98.73,102.88,98.51,102.45,5804
1774281600,2026-03-23T16:00:00.000Z,0,0,,102.43,104.14,101.65,103.85,5497
1774283400,2026-03-23T16:30:00.000Z,0,0,,103.86,104.02,100.64,101.27,5063
1774285200,2026-03-23T17:00:00.000Z,0,0,,101.28,102,100.65,100.94,2828
1774287000,2026-03-23T17:30:00.000Z,0,0,,100.97,101.49,100.01,100.2,3368
1774288800,2026-03-23T18:00:00.000Z,0,0,,100.21,101.16,98.55,100.05,5780
1774290600,2026-03-23T18:30:00.000Z,0,0,,100.08,100.08,97.83,98.95,2920
1774292400,2026-03-23T19:00:00.000Z,0,0,,98.94,99.51,98.57,98.85,1546
1774294200,2026-03-23T19:30:00.000Z,0,0,,98.9,99.9,98.78,99.78,930
1774296000,2026-03-23T20:00:00.000Z,0,0,,99.81,100.65,99.41,100.58,1067
1774297800,2026-03-23T20:30:00.000Z,0,0,,100.56,100.81,100.09,100.3,634
1774299600,2026-03-23T21:00:00.000Z,0,0,,100.34,100.72,100.19,100.72,38
1774301400,2026-03-23T21:30:00.000Z,0,0,,100.65,100.65,100.02,100.05,86
1774310400,2026-03-24T00:00:00.000Z,0,0,,100.88,101.36,100.51,101.26,1131
1774312200,2026-03-24T00:30:00.000Z,0,0,,101.23,102.21,101.17,101.8,1074
1774314000,2026-03-24T01:00:00.000Z,0,0,,101.79,103.2,101.79,102.97,1171
1774315800,2026-03-24T01:30:00.000Z,0,0,,102.95,103.94,102.94,103.38,820
1774317600,2026-03-24T02:00:00.000Z,0,0,,103.32,104.29,103.24,103.61,1025
1774319400,2026-03-24T02:30:00.000Z,0,0,,103.58,104.01,103.26,103.71,550
1774321200,2026-03-24T03:00:00.000Z,0,0,,103.75,104.14,103.66,103.76,205
1774323000,2026-03-24T03:30:00.000Z,0,0,,103.7,104.11,103.69,103.98,203
1774324800,2026-03-24T04:00:00.000Z,0,0,,103.97,104.35,103.91,104.1,169
1774326600,2026-03-24T04:30:00.000Z,0,0,,104.11,104.24,103.72,103.76,248
1774328400,2026-03-24T05:00:00.000Z,0,0,,103.77,104.19,103.41,103.98,429
1774330200,2026-03-24T05:30:00.000Z,0,0,,104,104.18,103.21,103.41,339
1774332000,2026-03-24T06:00:00.000Z,0,0,,103.35,103.35,102.3,102.78,1312
1774333800,2026-03-24T06:30:00.000Z,0,0,,102.75,103.13,102.23,102.61,852
1774335600,2026-03-24T07:00:00.000Z,0,0,,102.62,103.05,101.4,102.32,1944
1774337400,2026-03-24T07:30:00.000Z,0,0,,102.34,102.95,100.9,100.94,2177
1774339200,2026-03-24T08:00:00.000Z,0,0,,100.99,102.52,100.55,102.3,4225
1774341000,2026-03-24T08:30:00.000Z,0,0,,102.32,102.4,100.76,101.62,2435
1774342800,2026-03-24T09:00:00.000Z,0,0,,101.66,102.43,101.43,102.4,1111
1774344600,2026-03-24T09:30:00.000Z,0,0,,102.4,102.74,101.36,101.6,1219
1774346400,2026-03-24T10:00:00.000Z,0,0,,101.61,101.73,100.21,100.93,1791
1774348200,2026-03-24T10:30:00.000Z,0,0,,100.9,101.71,100.77,101.46,1423
1774350000,2026-03-24T11:00:00.000Z,0,0,,101.5,101.9,101.01,101.89,1050
1774351800,2026-03-24T11:30:00.000Z,0,0,,101.88,102.78,101.58,102.21,1588
1774353600,2026-03-24T12:00:00.000Z,0,0,,102.22,103.07,102.11,102.46,1110
1774355400,2026-03-24T12:30:00.000Z,0,0,,102.49,103.41,102.45,102.96,1621
1774357200,2026-03-24T13:00:00.000Z,0,0,,102.96,103.77,102.55,103.61,3406
1774359000,2026-03-24T13:30:00.000Z,0,0,,103.63,103.82,103.13,103.23,1841
1774360800,2026-03-24T14:00:00.000Z,0,0,,103.25,103.29,102.52,103,1766
1774362600,2026-03-24T14:30:00.000Z,0,0,,103.02,103.52,101.86,102.54,4492
1774364400,2026-03-24T15:00:00.000Z,0,0,,102.55,103.08,101.94,102.43,1826
1774366200,2026-03-24T15:30:00.000Z,0,0,,102.47,103.95,102.36,103.87,2193
1774368000,2026-03-24T16:00:00.000Z,0,0,,103.88,104.28,103.49,103.54,3021
1774369800,2026-03-24T16:30:00.000Z,0,0,,103.56,104.65,103.41,104.2,1169
1774371600,2026-03-24T17:00:00.000Z,0,0,,104.22,105,104.13,104.64,1307
1774373400,2026-03-24T17:30:00.000Z,0,0,,104.65,104.81,102.54,103.51,3178
1774375200,2026-03-24T18:00:00.000Z,0,0,,103.54,104.69,103.13,104.37,3663
1774377000,2026-03-24T18:30:00.000Z,0,0,,104.4,104.63,103.05,104.06,1751
1774378800,2026-03-24T19:00:00.000Z,0,0,,104.04,104.08,103.25,103.48,630
1774380600,2026-03-24T19:30:00.000Z,0,0,,103.53,103.84,103.37,103.77,381
1774382400,2026-03-24T20:00:00.000Z,0,0,,103.81,103.85,98.15,100.32,3939
1774384200,2026-03-24T20:30:00.000Z,0,0,,100.41,101.49,99.02,99.97,3446
1774386000,2026-03-24T21:00:00.000Z,0,0,,99.95,100.29,99.58,99.64,227
1774387800,2026-03-24T21:30:00.000Z,0,0,,99.57,100.09,98.39,99.9,177
1774396800,2026-03-25T00:00:00.000Z,0,0,,100.32,100.49,97.71,98.3,1126
1774398600,2026-03-25T00:30:00.000Z,0,0,,98.28,98.93,93.73,94.76,1133
1774400400,2026-03-25T01:00:00.000Z,0,0,,94.73,94.96,93.45,94.36,1460
1774402200,2026-03-25T01:30:00.000Z,0,0,,94.34,95,94.09,94.28,891
1774404000,2026-03-25T02:00:00.000Z,0,0,,94.35,95.01,93.98,95.01,756
1774405800,2026-03-25T02:30:00.000Z,0,0,,95,96.08,94.72,95.93,1158
1774407600,2026-03-25T03:00:00.000Z,0,0,,95.91,96.19,95.26,95.68,784
1774409400,2026-03-25T03:30:00.000Z,0,0,,95.72,96.34,95.7,96.06,537
1774411200,2026-03-25T04:00:00.000Z,0,0,,96.09,96.28,95.36,95.55,323
1774413000,2026-03-25T04:30:00.000Z,0,0,,95.58,95.85,95.3,95.35,465
1774414800,2026-03-25T05:00:00.000Z,0,0,,95.39,96.13,95.39,96.05,458
1774416600,2026-03-25T05:30:00.000Z,0,0,,96.09,96.79,95.89,96.56,713
1774418400,2026-03-25T06:00:00.000Z,0,0,,96.59,97,96.14,96.67,934
1774420200,2026-03-25T06:30:00.000Z,0,0,,96.64,96.91,96.35,96.43,594
1774422000,2026-03-25T07:00:00.000Z,0,0,,96.43,96.46,95.72,96.17,1332
1774423800,2026-03-25T07:30:00.000Z,0,0,,96.18,96.22,95.23,95.54,1943
1774425600,2026-03-25T08:00:00.000Z,0,0,,95.54,95.77,94.21,94.49,5252
1774427400,2026-03-25T08:30:00.000Z,0,0,,94.53,95.16,93.74,95.05,3905
1774429200,2026-03-25T09:00:00.000Z,0,0,,95.04,95.78,94.68,95.76,1820
1774431000,2026-03-25T09:30:00.000Z,0,0,,95.78,96.39,94.4,95.17,2774
1774432800,2026-03-25T10:00:00.000Z,0,0,,95.14,95.2,94.32,94.99,1804
1774434600,2026-03-25T10:30:00.000Z,0,0,,95.02,95.36,94.06,94.29,1635
1774436400,2026-03-25T11:00:00.000Z,0,0,,94.28,94.44,93.63,93.98,1848
1774438200,2026-03-25T11:30:00.000Z,0,0,,93.96,95.16,93.85,94.35,2582
1774440000,2026-03-25T12:00:00.000Z,0,0,,94.35,96.48,94.13,96.29,4324
1774441800,2026-03-25T12:30:00.000Z,0,0,,96.3,96.69,95.4,95.73,3047
1774443600,2026-03-25T13:00:00.000Z,0,0,,95.71,96.1,94.74,94.98,3146
1774445400,2026-03-25T13:30:00.000Z,0,0,,95.01,96.1,94.78,96.02,3548
1774447200,2026-03-25T14:00:00.000Z,0,0,,95.98,96.55,95.71,96.05,3300
1774449000,2026-03-25T14:30:00.000Z,0,0,,96.15,96.44,95.9,96.3,2349
1774450800,2026-03-25T15:00:00.000Z,0,0,,96.33,97.45,96.11,96.62,3243
1774452600,2026-03-25T15:30:00.000Z,0,0,,96.65,97.38,96.27,97.37,2375
1774454400,2026-03-25T16:00:00.000Z,0,0,,97.38,97.56,96.24,96.65,4017
1774456200,2026-03-25T16:30:00.000Z,0,0,,96.69,97.29,96.4,96.78,2137
1774458000,2026-03-25T17:00:00.000Z,0,0,,96.79,97.35,96.56,96.91,2166
1774459800,2026-03-25T17:30:00.000Z,0,0,,96.93,97.26,96.26,96.97,3041
1774461600,2026-03-25T18:00:00.000Z,0,0,,97.01,97.42,96.83,97.2,2993
1774463400,2026-03-25T18:30:00.000Z,0,0,,97.23,98.42,97.02,98.19,2352
1774465200,2026-03-25T19:00:00.000Z,0,0,,98.21,98.38,97.53,97.62,1262
1774467000,2026-03-25T19:30:00.000Z,0,0,,97.65,98.05,97.58,97.85,670
1774468800,2026-03-25T20:00:00.000Z,0,0,,97.84,98.24,97.84,98.12,558
1774470600,2026-03-25T20:30:00.000Z,0,0,,98.13,98.24,97.97,98.03,296
1774472400,2026-03-25T21:00:00.000Z,0,0,,98.02,98.15,97.78,98.09,41
1774474200,2026-03-25T21:30:00.000Z,0,0,,98.06,98.26,98.04,98.05,11
1774483200,2026-03-26T00:00:00.000Z,0,0,,97.93,98.28,97.69,98.02,581
1774485000,2026-03-26T00:30:00.000Z,0,0,,98.06,98.44,97.83,98.01,515
1774486800,2026-03-26T01:00:00.000Z,0,0,,98.02,98.5,97.81,98.26,871
1774488600,2026-03-26T01:30:00.000Z,0,0,,98.28,98.38,98,98.08,879
1774490400,2026-03-26T02:00:00.000Z,0,0,,98.11,98.34,97.82,98.14,636
1774492200,2026-03-26T02:30:00.000Z,0,0,,98.12,98.81,98.11,98.73,999
1774494000,2026-03-26T03:00:00.000Z,0,0,,98.72,98.93,98.41,98.58,399
1774495800,2026-03-26T03:30:00.000Z,0,0,,98.61,98.63,98.32,98.5,234
1774497600,2026-03-26T04:00:00.000Z,0,0,,98.51,98.63,98.25,98.5,207
1774499400,2026-03-26T04:30:00.000Z,0,0,,98.48,98.78,98.47,98.74,254
1774501200,2026-03-26T05:00:00.000Z,0,0,,98.73,98.84,98.6,98.68,255
1774503000,2026-03-26T05:30:00.000Z,0,0,,98.71,99.12,98.5,99.12,621
1774504800,2026-03-26T06:00:00.000Z,0,0,,99.1,99.3,98.87,98.96,610
1774506600,2026-03-26T06:30:00.000Z,0,0,,98.99,99.31,98.85,99.13,753
1774508400,2026-03-26T07:00:00.000Z,0,0,,99.12,99.93,99.12,99.75,1777
1774510200,2026-03-26T07:30:00.000Z,0,0,,99.78,100.08,99.54,99.82,1416
1774512000,2026-03-26T08:00:00.000Z,0,0,,99.81,100.38,99.42,100.34,3436
1774513800,2026-03-26T08:30:00.000Z,0,0,,100.37,100.96,100.02,100.46,3367
1774515600,2026-03-26T09:00:00.000Z,0,0,,100.41,100.65,100,100.49,1588
1774517400,2026-03-26T09:30:00.000Z,0,0,,100.51,100.81,100.15,100.37,1603
1774519200,2026-03-26T10:00:00.000Z,0,0,,100.4,100.71,99.79,99.96,1829
1774521000,2026-03-26T10:30:00.000Z,0,0,,99.94,100.6,99.76,100.47,2096
1774522800,2026-03-26T11:00:00.000Z,0,0,,100.48,100.97,100.31,100.85,1824
1774524600,2026-03-26T11:30:00.000Z,0,0,,100.87,101.94,100.83,101.83,2290
1774526400,2026-03-26T12:00:00.000Z,0,0,,101.87,102.1,101.33,101.43,2236
1774528200,2026-03-26T12:30:00.000Z,0,0,,101.47,102.14,101.45,101.88,1915
1774530000,2026-03-26T13:00:00.000Z,0,0,,101.9,101.91,100.43,100.9,3390
1774531800,2026-03-26T13:30:00.000Z,0,0,,100.93,101.56,100.47,100.58,4145
1774533600,2026-03-26T14:00:00.000Z,0,0,,100.6,101.17,100.47,101.07,2506
1774535400,2026-03-26T14:30:00.000Z,0,0,,101.03,101.76,100.08,101.19,5514
1774537200,2026-03-26T15:00:00.000Z,0,0,,101.2,101.9,101.1,101.47,3139
1774539000,2026-03-26T15:30:00.000Z,0,0,,101.51,102.06,101.19,101.88,3651
1774540800,2026-03-26T16:00:00.000Z,0,0,,101.93,102.48,101.74,102.29,4007
1774542600,2026-03-26T16:30:00.000Z,0,0,,102.34,102.49,101.67,101.84,2310
1774544400,2026-03-26T17:00:00.000Z,0,0,,101.85,102.32,101.76,101.85,1802
1774546200,2026-03-26T17:30:00.000Z,0,0,,101.86,102.43,101.72,102.33,1827
1774548000,2026-03-26T18:00:00.000Z,0,0,,102.35,102.38,101.75,101.85,2871
1774549800,2026-03-26T18:30:00.000Z,0,0,,101.87,101.87,101.23,101.47,1479
1774551600,2026-03-26T19:00:00.000Z,0,0,,101.49,101.82,101.48,101.52,955
1774553400,2026-03-26T19:30:00.000Z,0,0,,101.51,101.78,101.23,101.37,866
1774555200,2026-03-26T20:00:00.000Z,0,0,,101.39,101.59,97.11,100.81,5931
1774557000,2026-03-26T20:30:00.000Z,0,0,,100.81,101.46,100.27,101.29,1575
1774558800,2026-03-26T21:00:00.000Z,0,0,,101.24,101.39,100.8,100.88,68
1774560600,2026-03-26T21:30:00.000Z,0,0,,101.02,101.35,100.08,100.09,119
1774569600,2026-03-27T00:00:00.000Z,0,0,,100.64,101.3,100.1,101.13,843
1774571400,2026-03-27T00:30:00.000Z,0,0,,101.11,101.63,101.07,101.42,582
1774573200,2026-03-27T01:00:00.000Z,0,0,,101.46,101.59,100.3,100.83,652
1774575000,2026-03-27T01:30:00.000Z,0,0,,100.85,101.02,100.35,100.46,664
1774576800,2026-03-27T02:00:00.000Z,0,0,,100.4,100.51,99.01,100.22,1199
1774578600,2026-03-27T02:30:00.000Z,0,0,,100.23,100.82,100.15,100.63,501
1774580400,2026-03-27T03:00:00.000Z,0,0,,100.61,101.13,100.58,101.08,446
1774582200,2026-03-27T03:30:00.000Z,0,0,,101.11,101.21,100.86,100.92,235
1774584000,2026-03-27T04:00:00.000Z,0,0,,100.94,101.21,100.88,101.13,233
1774585800,2026-03-27T04:30:00.000Z,0,0,,101.2,101.32,101.14,101.26,261
1774587600,2026-03-27T05:00:00.000Z,0,0,,101.31,101.37,100.99,101.22,241
1774589400,2026-03-27T05:30:00.000Z,0,0,,101.21,101.62,100.97,101.59,855
1774591200,2026-03-27T06:00:00.000Z,0,0,,101.59,101.88,101.23,101.64,1075
1774593000,2026-03-27T06:30:00.000Z,0,0,,101.6,102.11,101.46,102.01,892
1774594800,2026-03-27T07:00:00.000Z,0,0,,101.99,102.88,101.85,102.86,1269
1774596600,2026-03-27T07:30:00.000Z,0,0,,102.82,103,101.57,102.67,2223
1774598400,2026-03-27T08:00:00.000Z,0,0,,102.66,103.86,102.28,103.75,4328
1774600200,2026-03-27T08:30:00.000Z,0,0,,103.76,103.8,103.08,103.32,2283
1774602000,2026-03-27T09:00:00.000Z,0,0,,103.31,104.18,103.13,103.41,2234
1774603800,2026-03-27T09:30:00.000Z,0,0,,103.44,103.52,102.89,103.37,1423
1774605600,2026-03-27T10:00:00.000Z,0,0,,103.36,103.58,102.91,103.51,1676
1774607400,2026-03-27T10:30:00.000Z,0,0,,103.53,104.55,103.39,104.44,1592
1774609200,2026-03-27T11:00:00.000Z,0,0,,104.43,104.66,103.93,104.01,1876
1774611000,2026-03-27T11:30:00.000Z,0,0,,104.02,104.31,103.84,104.08,1552
1774612800,2026-03-27T12:00:00.000Z,0,0,,104.06,104.65,104.02,104.32,1562
1774614600,2026-03-27T12:30:00.000Z,0,0,,104.36,104.38,103.84,103.93,1682
1774616400,2026-03-27T13:00:00.000Z,0,0,,103.89,104.87,103.75,104.01,3800
1774618200,2026-03-27T13:30:00.000Z,0,0,,104.03,104.32,103.74,104.1,2065
1774620000,2026-03-27T14:00:00.000Z,0,0,,104.12,104.16,102.79,103.7,3336
1774621800,2026-03-27T14:30:00.000Z,0,0,,103.73,104.01,103.37,103.8,1976
1774623600,2026-03-27T15:00:00.000Z,0,0,,103.83,103.95,103.04,103.36,4097
1774625400,2026-03-27T15:30:00.000Z,0,0,,103.4,104.48,103.04,104.38,3207
1774627200,2026-03-27T16:00:00.000Z,0,0,,104.38,104.67,104.05,104.26,3118
1774629000,2026-03-27T16:30:00.000Z,0,0,,104.28,104.69,103.88,104.61,2682
1774630800,2026-03-27T17:00:00.000Z,0,0,,104.62,104.79,104,104.6,1946
1774632600,2026-03-27T17:30:00.000Z,0,0,,104.63,105.05,104.5,105.02,2043
1774634400,2026-03-27T18:00:00.000Z,0,0,,105.03,105.71,104.93,105.24,4208
1774636200,2026-03-27T18:30:00.000Z,0,0,,105.26,105.43,104.35,105,3243
1774638000,2026-03-27T19:00:00.000Z,0,0,,104.99,105.99,104.84,105.99,1710
1774639800,2026-03-27T19:30:00.000Z,0,0,,105.99,106.83,105.24,105.59,2969
1774641600,2026-03-27T20:00:00.000Z,0,0,,105.58,106.33,104.87,106.11,1891
1774643400,2026-03-27T20:30:00.000Z,0,0,,106.14,106.95,105.94,106.89,1269
1774645200,2026-03-27T21:00:00.000Z,0,0,,106.79,106.94,106.52,106.59,149
1774647000,2026-03-27T21:30:00.000Z,0,0,,106.56,106.78,106.28,106.28,59
1774821600,2026-03-29T22:00:00.000Z,0,0,,107.75,108.75,106.33,108.07,2928
1774823400,2026-03-29T22:30:00.000Z,0,0,,108.02,108.1,107.62,107.7,463
1774825200,2026-03-29T23:00:00.000Z,0,0,,107.76,108.16,107.55,108.03,496
1774827000,2026-03-29T23:30:00.000Z,0,0,,108.06,108.67,107.99,108.48,603
1774828800,2026-03-30T00:00:00.000Z,0,0,,108.5,108.8,106.87,108.03,1902
1774830600,2026-03-30T00:30:00.000Z,0,0,,108.02,109.4,107.88,109.34,1560
1774832400,2026-03-30T01:00:00.000Z,0,0,,109.37,109.46,108.5,108.82,1064
1774834200,2026-03-30T01:30:00.000Z,0,0,,108.85,109,107.99,108.24,770
1774836000,2026-03-30T02:00:00.000Z,0,0,,108.26,109.23,108.18,109.07,783
1774837800,2026-03-30T02:30:00.000Z,0,0,,109.15,109.16,107.75,108.08,816
1774839600,2026-03-30T03:00:00.000Z,0,1,,108.09,108.14,106.95,107.06,1231
1774841400,2026-03-30T03:30:00.000Z,0,0,,107.14,107.99,107.09,107.86,554
1774843200,2026-03-30T04:00:00.000Z,0,0,,107.82,107.91,107.49,107.82,375
1774845000,2026-03-30T04:30:00.000Z,0,0,,107.83,108.17,107.77,108.15,426
1774846800,2026-03-30T05:00:00.000Z,0,0,,108.18,108.2,107.45,108.1,717
1774848600,2026-03-30T05:30:00.000Z,0,0,,108.1,108.24,107.36,107.85,1033
1774850400,2026-03-30T06:00:00.000Z,0,0,,107.83,107.99,107.4,107.9,1475
1774852200,2026-03-30T06:30:00.000Z,0,0,,107.84,108.63,107.47,108.46,2306
1774854000,2026-03-30T07:00:00.000Z,0,0,,108.46,109.01,107.97,108.65,2422
1774855800,2026-03-30T07:30:00.000Z,0,0,,108.66,109.15,108.49,108.65,2003
1774857600,2026-03-30T08:00:00.000Z,0,0,,108.65,109.39,108.33,109.33,4174
1774859400,2026-03-30T08:30:00.000Z,0,0,,109.37,109.41,107.38,107.76,3455
1774861200,2026-03-30T09:00:00.000Z,0,0,,107.76,108.73,107.45,108.37,2421
1774863000,2026-03-30T09:30:00.000Z,0,0,,108.35,108.42,107.54,107.81,1569
1774864800,2026-03-30T10:00:00.000Z,0,0,,107.86,108.16,107.54,108.1,1038
1774866600,2026-03-30T10:30:00.000Z,0,0,,108.09,108.36,107.84,108.01,895
1774868400,2026-03-30T11:00:00.000Z,0,0,,108.01,108.32,106.1,107.63,3851
1774870200,2026-03-30T11:30:00.000Z,0,0,,107.61,108.17,107.29,107.62,2308
1774872000,2026-03-30T12:00:00.000Z,0,0,,107.65,107.84,107.19,107.41,1558
1774873800,2026-03-30T12:30:00.000Z,0,0,,107.43,107.5,107.01,107.07,1756
1774875600,2026-03-30T13:00:00.000Z,0,0,,107.06,108.07,106.62,107.96,3490
1774877400,2026-03-30T13:30:00.000Z,0,0,,107.98,108.8,107.64,108.34,3540
1774879200,2026-03-30T14:00:00.000Z,0,0,,108.38,108.42,107.71,107.82,3472
1774881000,2026-03-30T14:30:00.000Z,0,0,,107.81,108.3,107.22,107.69,3252
1774882800,2026-03-30T15:00:00.000Z,0,0,,107.71,108.02,107.31,107.48,3931
1774884600,2026-03-30T15:30:00.000Z,0,0,,107.51,107.81,106.68,107.6,3601
1774886400,2026-03-30T16:00:00.000Z,0,0,,107.63,108.22,107.33,107.62,2582
1774888200,2026-03-30T16:30:00.000Z,0,0,,107.63,107.71,106.89,107.32,1958
1774890000,2026-03-30T17:00:00.000Z,0,0,,107.33,108.08,107.2,107.77,1572
1774891800,2026-03-30T17:30:00.000Z,0,0,,107.78,108,107.49,107.75,2140
1774893600,2026-03-30T18:00:00.000Z,0,0,,107.77,107.82,107.02,107.45,4656
1774895400,2026-03-30T18:30:00.000Z,0,0,,107.46,107.84,107.4,107.77,1300
1774897200,2026-03-30T19:00:00.000Z,0,0,,107.76,108.45,107.68,108.21,1135
1774899000,2026-03-30T19:30:00.000Z,0,0,,108.17,108.44,107.73,108.25,1235
1774900800,2026-03-30T20:00:00.000Z,0,0,,108.28,108.98,108.26,108.89,1358
1774902600,2026-03-30T20:30:00.000Z,0,0,,108.88,108.99,108.59,108.75,525
1774904400,2026-03-30T21:00:00.000Z,0,0,,108.77,108.84,108.53,108.83,13
1774906200,2026-03-30T21:30:00.000Z,0,0,,108.81,108.9,108.55,108.88,31
1774915200,2026-03-31T00:00:00.000Z,0,0,,109.25,109.94,109.13,109.76,1224
1774917000,2026-03-31T00:30:00.000Z,0,0,,109.77,109.99,107.96,108.05,1703
1774918800,2026-03-31T01:00:00.000Z,0,1,,108.07,108.78,106.51,106.63,2426
1774920600,2026-03-31T01:30:00.000Z,0,0,,106.63,106.66,104.72,105.53,4250
1774922400,2026-03-31T02:00:00.000Z,0,0,,105.54,106.35,105.35,106.25,1633
1774924200,2026-03-31T02:30:00.000Z,0,0,,106.27,106.61,106.01,106.19,1184
1774926000,2026-03-31T03:00:00.000Z,0,0,,106.26,106.4,105.71,106.22,936
1774927800,2026-03-31T03:30:00.000Z,0,0,,106.18,107.56,106.16,107.45,1156
1774929600,2026-03-31T04:00:00.000Z,0,0,,107.43,107.58,107.25,107.39,531
1774931400,2026-03-31T04:30:00.000Z,0,0,,107.36,107.44,107.06,107.23,445
1774933200,2026-03-31T05:00:00.000Z,0,0,,107.24,107.91,107.11,107.42,804
1774935000,2026-03-31T05:30:00.000Z,0,0,,107.44,107.62,106.79,107.04,926
1774936800,2026-03-31T06:00:00.000Z,0,0,,107.06,107.5,106.97,107.18,1228
1774938600,2026-03-31T06:30:00.000Z,0,0,,107.21,107.51,106.81,106.91,1127
1774940400,2026-03-31T07:00:00.000Z,0,0,,106.9,107.55,106.87,107.43,1314
1774942200,2026-03-31T07:30:00.000Z,0,0,,107.46,107.48,106.31,106.39,2053
1774944000,2026-03-31T08:00:00.000Z,0,0,,106.41,107.28,105.95,106.64,5312
1774945800,2026-03-31T08:30:00.000Z,0,0,,106.67,107.57,106.43,106.69,2886
1774947600,2026-03-31T09:00:00.000Z,0,0,,106.69,106.76,105.89,106.62,3020
1774949400,2026-03-31T09:30:00.000Z,0,0,,106.64,108.18,106.47,107.97,2875
1774951200,2026-03-31T10:00:00.000Z,0,0,,107.96,108.2,107.43,107.79,1767
1774953000,2026-03-31T10:30:00.000Z,0,0,,107.83,108.2,107.67,108.05,1683
1774954800,2026-03-31T11:00:00.000Z,0,0,,108.03,108.39,106.84,107.6,5157
1774956600,2026-03-31T11:30:00.000Z,0,0,,107.63,107.86,106.63,107.06,2633
1774958400,2026-03-31T12:00:00.000Z,0,0,,107.02,108.33,106.81,107.21,4060
1774960200,2026-03-31T12:30:00.000Z,0,0,,107.24,107.71,107.18,107.51,1787
1774962000,2026-03-31T13:00:00.000Z,0,0,,107.5,108,107.08,107.87,2297
1774963800,2026-03-31T13:30:00.000Z,0,0,,107.9,107.94,106.57,106.75,3428
1774965600,2026-03-31T14:00:00.000Z,0,0,,106.77,107.39,106.65,106.93,2850
1774967400,2026-03-31T14:30:00.000Z,0,0,,106.94,108.08,106.67,108.01,3316
1774969200,2026-03-31T15:00:00.000Z,0,0,,108.02,108.05,106.86,107.51,5105
1774971000,2026-03-31T15:30:00.000Z,0,0,,107.52,107.62,106.76,107.24,2534
1774972800,2026-03-31T16:00:00.000Z,0,0,,107.27,107.63,106.86,107.51,1879
1774974600,2026-03-31T16:30:00.000Z,0,0,,107.54,107.72,102.65,104.72,15184
1774976400,2026-03-31T17:00:00.000Z,0,0,,104.77,104.93,102.97,104.4,7301
1774978200,2026-03-31T17:30:00.000Z,0,0,,104.4,105.03,103.76,104.73,4549
1774980000,2026-03-31T18:00:00.000Z,0,0,,104.78,104.93,103.62,103.86,5483
1774981800,2026-03-31T18:30:00.000Z,0,0,,103.88,104.89,103.71,104.79,2310
1774983600,2026-03-31T19:00:00.000Z,0,0,,104.77,104.85,104.4,104.77,680
1774985400,2026-03-31T19:30:00.000Z,0,0,,104.76,104.76,104.03,104.3,859
1774987200,2026-03-31T20:00:00.000Z,0,0,,104.29,104.37,103.53,103.61,970
1774989000,2026-03-31T20:30:00.000Z,0,0,,103.67,103.75,102.68,103.3,1275
1774990800,2026-03-31T21:00:00.000Z,0,0,,103.34,103.94,103.17,103.85,208
1774992600,2026-03-31T21:30:00.000Z,0,0,,103.82,103.82,103.52,103.52,73
1775001600,2026-04-01T00:00:00.000Z,0,0,,103.63,104.8,103.56,104.67,1015
1775003400,2026-04-01T00:30:00.000Z,0,0,,104.73,104.76,104.36,104.46,457
1775005200,2026-04-01T01:00:00.000Z,0,0,,104.48,105.71,104.24,105.23,1383
1775007000,2026-04-01T01:30:00.000Z,0,0,,105.25,105.94,105.05,105.78,1057
1775008800,2026-04-01T02:00:00.000Z,0,0,,105.77,105.79,105.22,105.36,754
1775010600,2026-04-01T02:30:00.000Z,0,0,,105.34,105.77,105.19,105.61,826
1775012400,2026-04-01T03:00:00.000Z,0,0,,105.62,105.7,105.17,105.61,607
1775014200,2026-04-01T03:30:00.000Z,0,0,,105.63,105.67,105.12,105.29,406
1775016000,2026-04-01T04:00:00.000Z,0,0,,105.28,105.4,105.17,105.36,159
1775017800,2026-04-01T04:30:00.000Z,0,0,,105.35,105.46,104.72,104.76,631
1775019600,2026-04-01T05:00:00.000Z,0,0,,104.74,104.81,104.39,104.6,550
1775021400,2026-04-01T05:30:00.000Z,0,0,,104.6,104.65,102.81,103.23,1894
1775023200,2026-04-01T06:00:00.000Z,0,0,,103.24,103.41,100.88,101.21,3649
1775025000,2026-04-01T06:30:00.000Z,0,0,,101.24,101.26,98.35,98.92,7145
1775026800,2026-04-01T07:00:00.000Z,0,0,,98.9,100.24,98.57,99.97,5061
1775028600,2026-04-01T07:30:00.000Z,0,0,,100.01,101.37,99.41,101.16,4001
1775030400,2026-04-01T08:00:00.000Z,0,0,,101.18,102.34,100.93,102.2,4874
1775032200,2026-04-01T08:30:00.000Z,0,0,,102.22,102.59,101.61,102.46,2914
1775034000,2026-04-01T09:00:00.000Z,0,0,,102.44,103.44,102.19,102.98,2452
1775035800,2026-04-01T09:30:00.000Z,0,0,,102.99,103.97,102.81,103.67,3148
1775037600,2026-04-01T10:00:00.000Z,0,0,,103.7,104.08,103.09,103.59,2538
1775039400,2026-04-01T10:30:00.000Z,0,0,,103.6,103.67,102.63,102.91,2144
1775041200,2026-04-01T11:00:00.000Z,0,0,,102.92,103.09,102.11,102.22,1900
1775043000,2026-04-01T11:30:00.000Z,0,0,,102.19,102.23,101.08,101.66,3343
1775044800,2026-04-01T12:00:00.000Z,0,0,,101.67,102.15,101.03,102.05,2253
1775046600,2026-04-01T12:30:00.000Z,0,0,,102.1,102.72,100.62,102.51,6751
1775048400,2026-04-01T13:00:00.000Z,0,0,,102.54,102.84,101.58,101.8,4003
1775050200,2026-04-01T13:30:00.000Z,0,0,,101.83,101.88,100.49,101.11,5636
1775052000,2026-04-01T14:00:00.000Z,0,0,,101.1,101.54,100.93,101.37,3640
1775053800,2026-04-01T14:30:00.000Z,0,0,,101.4,101.98,100.89,101.36,4550
1775055600,2026-04-01T15:00:00.000Z,0,0,,101.37,102.05,101.37,101.96,4834
1775057400,2026-04-01T15:30:00.000Z,0,0,,101.97,102.24,101.71,101.94,2699
1775059200,2026-04-01T16:00:00.000Z,0,0,,101.93,102.41,101.82,101.93,2071
1775061000,2026-04-01T16:30:00.000Z,0,0,,101.93,102.07,101.53,101.57,1306
1775062800,2026-04-01T17:00:00.000Z,0,0,,101.56,101.59,100.76,100.96,1744
1775064600,2026-04-01T17:30:00.000Z,0,0,,100.97,101.02,99.86,100.52,2348
1775066400,2026-04-01T18:00:00.000Z,0,0,,100.51,101.34,100.2,101.27,4002
1775068200,2026-04-01T18:30:00.000Z,0,0,,101.27,101.65,100.91,101.11,1733
1775070000,2026-04-01T19:00:00.000Z,0,0,,101.17,101.31,100.49,100.96,1019
1775071800,2026-04-01T19:30:00.000Z,0,0,,100.97,101.03,100.23,100.93,1408
1775073600,2026-04-01T20:00:00.000Z,0,0,,100.96,101.33,100.43,100.57,568
1775075400,2026-04-01T20:30:00.000Z,0,0,,100.59,100.62,100.16,100.33,684
1775077200,2026-04-01T21:00:00.000Z,0,0,,100.31,100.63,100.15,100.27,68
1775079000,2026-04-01T21:30:00.000Z,0,0,,100.26,100.27,100.12,100.23,63
1775088000,2026-04-02T00:00:00.000Z,0,0,,100.7,100.75,99.37,100.08,1512
1775089800,2026-04-02T00:30:00.000Z,0,0,,100.13,100.27,99.08,99.44,815
1775091600,2026-04-02T01:00:00.000Z,0,0,,99.48,105.55,99.19,105.11,7714
1775093400,2026-04-02T01:30:00.000Z,0,0,,105.09,106.31,104.72,105.92,3203
1775095200,2026-04-02T02:00:00.000Z,0,0,,105.91,106.48,105.52,106.1,1250
1775097000,2026-04-02T02:30:00.000Z,0,0,,106.14,106.23,105.59,105.87,893
1775098800,2026-04-02T03:00:00.000Z,0,0,,105.88,106.28,105.62,105.8,806
1775100600,2026-04-02T03:30:00.000Z,0,0,,105.86,106.86,105.82,106.74,1080
1775102400,2026-04-02T04:00:00.000Z,0,0,,106.69,108.08,106.65,107.98,3384
1775104200,2026-04-02T04:30:00.000Z,0,0,,108,108.15,107.05,107.18,1412
1775106000,2026-04-02T05:00:00.000Z,0,0,,107.21,107.21,106.83,106.86,812
1775107800,2026-04-02T05:30:00.000Z,0,0,,106.85,107.99,106.64,107.98,1582
1775109600,2026-04-02T06:00:00.000Z,0,0,,107.96,108.18,107.31,107.81,2581
1775111400,2026-04-02T06:30:00.000Z,0,0,,107.82,108.35,107.61,107.71,1765
1775113200,2026-04-02T07:00:00.000Z,0,0,,107.7,107.99,107.31,107.83,1648
1775115000,2026-04-02T07:30:00.000Z,0,0,,107.85,108.05,107.62,107.72,1459
1775116800,2026-04-02T08:00:00.000Z,0,0,,107.74,108.62,107.57,108.33,2274
1775118600,2026-04-02T08:30:00.000Z,0,0,,108.35,108.89,107.96,108.89,1843
1775120400,2026-04-02T09:00:00.000Z,0,0,,108.88,108.93,108.48,108.58,1383
1775122200,2026-04-02T09:30:00.000Z,0,0,,108.61,109.18,108.26,108.39,2196
1775124000,2026-04-02T10:00:00.000Z,0,0,,108.38,108.72,107.99,108.66,1756
1775125800,2026-04-02T10:30:00.000Z,0,0,,108.68,109.34,108.42,109.22,2866
1775127600,2026-04-02T11:00:00.000Z,0,0,,109.23,109.63,108.85,109.56,3412
1775129400,2026-04-02T11:30:00.000Z,0,0,,109.59,109.7,109,109.13,2623
1775131200,2026-04-02T12:00:00.000Z,0,0,,109.12,109.48,108.51,108.9,2667
1775133000,2026-04-02T12:30:00.000Z,0,0,,108.91,109.34,108.58,108.81,3459
1775134800,2026-04-02T13:00:00.000Z,0,0,,108.81,109.74,108.8,109.13,4470
1775136600,2026-04-02T13:30:00.000Z,0,0,,109.15,109.47,108.23,108.31,4105
1775138400,2026-04-02T14:00:00.000Z,0,0,,108.33,108.66,107.53,107.73,3803
1775140200,2026-04-02T14:30:00.000Z,0,0,,107.74,107.89,105.21,106.34,10493
1775142000,2026-04-02T15:00:00.000Z,0,0,,106.35,107.61,105.99,107.04,4963
1775143800,2026-04-02T15:30:00.000Z,0,0,,107.05,108.27,106.89,107.69,3955
1775145600,2026-04-02T16:00:00.000Z,0,0,,107.68,108.11,107.31,107.91,2042
1775147400,2026-04-02T16:30:00.000Z,0,0,,107.94,107.99,107.15,107.77,2110
1775149200,2026-04-02T17:00:00.000Z,0,0,,107.8,108.09,107.44,108,2044
1775151000,2026-04-02T17:30:00.000Z,0,0,,108.02,108.98,107.98,108.69,2664
1775152800,2026-04-02T18:00:00.000Z,0,0,,108.68,109.24,108.21,108.83,4595
1775154600,2026-04-02T18:30:00.000Z,0,0,,108.82,109.01,108.24,108.33,1546
1775156400,2026-04-02T19:00:00.000Z,0,0,,108.34,108.65,108.04,108.56,1220
1775158200,2026-04-02T19:30:00.000Z,0,0,,108.57,108.87,108.31,108.41,925
1775160000,2026-04-02T20:00:00.000Z,0,0,,108.43,108.92,108.36,108.78,709
1775161800,2026-04-02T20:30:00.000Z,0,0,,108.76,109.15,108.6,109.05,735
1775163600,2026-04-02T21:00:00.000Z,0,0,,109.1,109.21,108.84,109.01,47
1775165400,2026-04-02T21:30:00.000Z,0,0,,109.18,109.38,109.05,109.23,59
1775426400,2026-04-05T22:00:00.000Z,0,0,,110,111.89,109,111.43,2421
1775428200,2026-04-05T22:30:00.000Z,0,0,,111.45,111.57,110.96,111.29,834
1775430000,2026-04-05T23:00:00.000Z,0,0,,111.27,111.53,110.34,111.28,636
1775431800,2026-04-05T23:30:00.000Z,0,0,,111.3,111.76,111.03,111.67,224
1775433600,2026-04-06T00:00:00.000Z,0,0,,111.69,111.69,110.6,110.77,727
1775435400,2026-04-06T00:30:00.000Z,0,0,,110.75,110.97,110.54,110.62,381
1775437200,2026-04-06T01:00:00.000Z,0,0,,110.66,110.99,110.24,110.33,596
1775439000,2026-04-06T01:30:00.000Z,0,0,,110.3,110.84,110.3,110.61,523
1775440800,2026-04-06T02:00:00.000Z,0,1,,110.66,110.69,109.01,109.67,1207
1775442600,2026-04-06T02:30:00.000Z,0,0,,109.69,110.04,109.59,109.94,925
1775444400,2026-04-06T03:00:00.000Z,0,0,,109.96,110.39,109.87,109.91,704
1775446200,2026-04-06T03:30:00.000Z,0,0,,109.93,110.16,109.59,109.81,252
1775448000,2026-04-06T04:00:00.000Z,0,0,,109.83,109.84,109.4,109.65,324
1775449800,2026-04-06T04:30:00.000Z,0,0,,109.67,109.89,109.55,109.73,209
1775451600,2026-04-06T05:00:00.000Z,0,0,,109.69,109.94,109.61,109.81,358
1775453400,2026-04-06T05:30:00.000Z,0,0,,109.78,110.16,109.77,109.88,381
1775455200,2026-04-06T06:00:00.000Z,0,0,,109.93,110.51,109.49,110.13,1259
1775457000,2026-04-06T06:30:00.000Z,0,0,,110.15,110.45,109.29,109.34,1124
1775458800,2026-04-06T07:00:00.000Z,0,0,,109.35,109.75,108.75,109.53,2117
1775460600,2026-04-06T07:30:00.000Z,0,0,,109.47,109.58,107.36,108.08,3204
1775462400,2026-04-06T08:00:00.000Z,0,0,,108.09,108.96,107.59,108.85,4361
1775464200,2026-04-06T08:30:00.000Z,0,0,,108.86,108.93,107.79,107.87,1760
1775466000,2026-04-06T09:00:00.000Z,0,0,,107.83,108.02,107.1,107.23,1780
1775467800,2026-04-06T09:30:00.000Z,0,0,,107.19,108.89,106.85,108.65,2246
1775469600,2026-04-06T10:00:00.000Z,0,0,,108.64,108.91,108.04,108.47,920
1775471400,2026-04-06T10:30:00.000Z,0,0,,108.51,108.89,107.74,107.97,1402
1775473200,2026-04-06T11:00:00.000Z,0,0,,107.98,108.88,107.79,108.55,1039
1775475000,2026-04-06T11:30:00.000Z,0,0,,108.59,108.9,108.41,108.73,916
1775476800,2026-04-06T12:00:00.000Z,0,0,,108.71,109.22,108.4,108.52,1421
1775478600,2026-04-06T12:30:00.000Z,0,0,,108.52,108.73,108.28,108.36,1072
1775480400,2026-04-06T13:00:00.000Z,0,0,,108.41,109.37,108.13,109.27,2028
1775482200,2026-04-06T13:30:00.000Z,0,0,,109.3,109.37,108.86,109.23,2138
1775484000,2026-04-06T14:00:00.000Z,0,0,,109.22,109.77,108.25,108.36,2606
1775485800,2026-04-06T14:30:00.000Z,0,0,,108.39,109.08,107.85,108.82,3078
1775487600,2026-04-06T15:00:00.000Z,0,0,,108.88,109.9,108.58,109.54,2521
1775489400,2026-04-06T15:30:00.000Z,0,0,,109.56,110.07,109.38,109.54,1656
1775491200,2026-04-06T16:00:00.000Z,0,0,,109.51,109.69,108.99,109.06,902
1775493000,2026-04-06T16:30:00.000Z,0,0,,109.05,109.6,108.63,109.52,1455
1775494800,2026-04-06T17:00:00.000Z,0,0,,109.56,110.88,109.5,110.23,2574
1775496600,2026-04-06T17:30:00.000Z,0,0,,110.27,111.12,109.99,111.04,1683
1775498400,2026-04-06T18:00:00.000Z,0,0,,111.02,111.16,109.34,109.78,4851
1775500200,2026-04-06T18:30:00.000Z,0,0,,109.81,110.15,109.45,109.77,1182
1775502000,2026-04-06T19:00:00.000Z,0,0,,109.81,110.16,109.75,109.86,642
1775503800,2026-04-06T19:30:00.000Z,0,0,,109.83,109.89,108.88,109.52,944
1775505600,2026-04-06T20:00:00.000Z,0,0,,109.54,109.61,109.22,109.42,462
1775507400,2026-04-06T20:30:00.000Z,0,0,,109.47,109.8,109.4,109.68,459
1775509200,2026-04-06T21:00:00.000Z,0,0,,109.71,109.81,109.54,109.56,50
1775511000,2026-04-06T21:30:00.000Z,0,0,,109.69,109.73,109.69,109.69,11
1775520000,2026-04-07T00:00:00.000Z,0,0,,110.25,110.5,109.6,109.98,701
1775521800,2026-04-07T00:30:00.000Z,0,0,,109.93,110.56,109.93,110.2,383
1775523600,2026-04-07T01:00:00.000Z,0,0,,110.26,110.46,109.08,109.99,1108
1775525400,2026-04-07T01:30:00.000Z,0,0,,109.99,111.37,109.97,111.25,1064
1775527200,2026-04-07T02:00:00.000Z,0,0,,111.24,111.37,111.04,111.22,532
1775529000,2026-04-07T02:30:00.000Z,0,0,,111.2,111.26,110.91,111.05,564
1775530800,2026-04-07T03:00:00.000Z,0,0,,111.1,111.7,110.89,111.25,704
1775532600,2026-04-07T03:30:00.000Z,0,0,,111.2,111.55,111.2,111.49,263
1775534400,2026-04-07T04:00:00.000Z,0,0,,111.52,111.8,111.35,111.5,573
1775536200,2026-04-07T04:30:00.000Z,0,0,,111.55,111.55,111,111.15,390
1775538000,2026-04-07T05:00:00.000Z,0,0,,111.12,111.44,110.97,111.37,400
1775539800,2026-04-07T05:30:00.000Z,0,0,,111.36,111.69,110.89,111.16,763
1775541600,2026-04-07T06:00:00.000Z,0,0,,111.19,111.74,110.97,111.33,1125
1775543400,2026-04-07T06:30:00.000Z,0,0,,111.32,111.59,111.1,111.3,1341
1775545200,2026-04-07T07:00:00.000Z,0,0,,111.3,111.47,111.01,111.44,1487
1775547000,2026-04-07T07:30:00.000Z,0,0,,111.42,111.76,111.11,111.67,1949
1775548800,2026-04-07T08:00:00.000Z,0,0,,111.68,111.75,109.78,110.87,8171
1775550600,2026-04-07T08:30:00.000Z,0,0,,110.89,110.89,109.32,109.53,3588
1775552400,2026-04-07T09:00:00.000Z,0,0,,109.5,109.68,107.82,108.22,4084
1775554200,2026-04-07T09:30:00.000Z,0,0,,108.2,109.19,107.42,109.1,3736
1775556000,2026-04-07T10:00:00.000Z,0,0,,109.09,111.19,108.48,110.56,7844
1775557800,2026-04-07T10:30:00.000Z,0,0,,110.58,110.81,109.68,110.5,4437
1775559600,2026-04-07T11:00:00.000Z,0,0,,110.49,110.85,109.99,110.71,2788
1775561400,2026-04-07T11:30:00.000Z,0,0,,110.76,110.93,110.37,110.83,1910
1775563200,2026-04-07T12:00:00.000Z,0,0,,110.84,111.49,110.13,110.24,3691
1775565000,2026-04-07T12:30:00.000Z,0,0,,110.26,111.07,109.8,110.59,3194
1775566800,2026-04-07T13:00:00.000Z,0,0,,110.65,110.92,109.54,109.96,3643
1775568600,2026-04-07T13:30:00.000Z,0,0,,109.94,110.78,109.74,110.58,2927
1775570400,2026-04-07T14:00:00.000Z,0,0,,110.59,110.9,109.94,110.46,2994
1775572200,2026-04-07T14:30:00.000Z,0,0,,110.48,111,109.72,110.98,4124
1775574000,2026-04-07T15:00:00.000Z,0,0,,110.99,111.51,110.21,110.67,7224
1775575800,2026-04-07T15:30:00.000Z,0,0,,110.68,110.89,109.07,109.42,3431
1775577600,2026-04-07T16:00:00.000Z,0,0,,109.44,110.04,108.29,109.33,4614
1775579400,2026-04-07T16:30:00.000Z,0,0,,109.35,110.07,109.14,109.89,2206
1775581200,2026-04-07T17:00:00.000Z,0,0,,109.91,110.97,109.27,110.64,3460
1775583000,2026-04-07T17:30:00.000Z,0,0,,110.67,110.68,109.39,110.09,3645
1775584800,2026-04-07T18:00:00.000Z,0,0,,110.1,110.12,109,109.13,3899
1775586600,2026-04-07T18:30:00.000Z,0,0,,109.15,110.12,108.9,109.9,2612
1775588400,2026-04-07T19:00:00.000Z,0,0,,109.91,109.99,107,108.4,4540
1775590200,2026-04-07T19:30:00.000Z,0,0,,108.38,108.98,104.5,107.19,7282
1775592000,2026-04-07T20:00:00.000Z,0,0,,107.22,107.71,105.76,105.93,3463
1775593800,2026-04-07T20:30:00.000Z,0,0,,105.87,106.93,104.84,105.43,3655
1775595600,2026-04-07T21:00:00.000Z,0,0,,105.46,105.53,102.71,103.16,1062
1775597400,2026-04-07T21:30:00.000Z,0,0,,103.09,104.4,103.09,103.41,387
1775606400,2026-04-08T00:00:00.000Z,0,0,,95,95.25,91.7,94.9,9938
1775608200,2026-04-08T00:30:00.000Z,0,0,,94.9,96.27,94.14,94.54,3299
1775610000,2026-04-08T01:00:00.000Z,0,0,,94.57,95.51,94.09,94.94,3145
1775611800,2026-04-08T01:30:00.000Z,0,0,,94.96,95.51,94.63,94.85,1431
1775613600,2026-04-08T02:00:00.000Z,0,0,,94.82,96.26,94.71,96.15,1414
1775615400,2026-04-08T02:30:00.000Z,0,0,,96.13,96.13,95.05,95.41,1118
1775617200,2026-04-08T03:00:00.000Z,0,0,,95.41,95.43,94.62,94.75,1120
1775619000,2026-04-08T03:30:00.000Z,0,0,,94.76,94.9,94.57,94.6,842
1775620800,2026-04-08T04:00:00.000Z,0,0,,94.62,94.69,94.34,94.37,549
1775622600,2026-04-08T04:30:00.000Z,0,0,,94.36,95.75,94.14,94.98,1482
1775624400,2026-04-08T05:00:00.000Z,0,0,,94.97,95.21,94.19,94.22,869
1775626200,2026-04-08T05:30:00.000Z,0,0,,94.26,94.26,93.66,93.86,1851
1775628000,2026-04-08T06:00:00.000Z,0,0,,93.83,94.01,92.56,92.84,3213
1775629800,2026-04-08T06:30:00.000Z,0,0,,92.87,94.11,92.59,93.87,3496
1775631600,2026-04-08T07:00:00.000Z,0,0,,93.88,95.1,93.88,94.73,3043
1775633400,2026-04-08T07:30:00.000Z,0,0,,94.79,95.19,94.31,94.68,2550
1775635200,2026-04-08T08:00:00.000Z,0,0,,94.71,95.96,94.16,95.61,4782
1775637000,2026-04-08T08:30:00.000Z,0,0,,95.63,95.7,94.11,94.34,4215
1775638800,2026-04-08T09:00:00.000Z,0,0,,94.35,94.88,93.82,94.1,2650
1775640600,2026-04-08T09:30:00.000Z,0,0,,94.09,94.66,93.25,94.3,3611
1775642400,2026-04-08T10:00:00.000Z,0,0,,94.34,95.09,93.99,94.09,2806
1775644200,2026-04-08T10:30:00.000Z,0,0,,94.14,94.15,93.6,94.09,2399
1775646000,2026-04-08T11:00:00.000Z,0,0,,94.13,94.24,92.62,92.83,3560
1775647800,2026-04-08T11:30:00.000Z,0,0,,92.85,93.33,92.32,92.39,3851
1775649600,2026-04-08T12:00:00.000Z,0,0,,92.4,93.81,91.15,92.92,10249
1775651400,2026-04-08T12:30:00.000Z,0,0,,92.93,92.94,91.11,91.23,4719
1775653200,2026-04-08T13:00:00.000Z,0,0,,91.23,91.56,90.4,91.55,5746
1775655000,2026-04-08T13:30:00.000Z,0,0,,91.56,92.91,91.37,92.17,6332
1775656800,2026-04-08T14:00:00.000Z,0,0,,92.2,93.71,92,93.53,4688
1775658600,2026-04-08T14:30:00.000Z,0,0,,93.59,95.21,93.48,94.59,7563
1775660400,2026-04-08T15:00:00.000Z,0,0,,94.57,95.82,94.39,95.77,6188
1775662200,2026-04-08T15:30:00.000Z,0,0,,95.81,95.82,94.46,94.7,3351
1775664000,2026-04-08T16:00:00.000Z,0,0,,94.72,95.07,94.01,94.96,3311
1775665800,2026-04-08T16:30:00.000Z,0,0,,94.96,95.38,94.3,94.5,2478
1775667600,2026-04-08T17:00:00.000Z,0,0,,94.51,95.74,94.08,95.69,3894
1775669400,2026-04-08T17:30:00.000Z,0,0,,95.67,95.81,94.73,95.06,2759
1775671200,2026-04-08T18:00:00.000Z,0,0,,95.07,95.94,94.09,94.7,6442
1775673000,2026-04-08T18:30:00.000Z,0,0,,94.72,95.7,94.49,95.64,1935
1775674800,2026-04-08T19:00:00.000Z,0,0,,95.66,97.22,95.65,97.04,2129
1775676600,2026-04-08T19:30:00.000Z,0,0,,97.05,97.07,96,96.22,1915
1775678400,2026-04-08T20:00:00.000Z,0,0,,96.25,96.51,95.47,96.23,760
1775680200,2026-04-08T20:30:00.000Z,0,0,,96.2,96.63,95.96,96.17,579
1775682000,2026-04-08T21:00:00.000Z,0,0,,96.33,96.82,96.31,96.76,65
1775683800,2026-04-08T21:30:00.000Z,0,0,,96.86,96.97,96.57,96.71,94
1775692800,2026-04-09T00:00:00.000Z,0,0,,97.1,97.5,96.3,97.19,1137
1775694600,2026-04-09T00:30:00.000Z,0,0,,97.21,97.96,97,97.84,584
1775696400,2026-04-09T01:00:00.000Z,0,0,,97.86,97.86,97.35,97.66,1032
1775698200,2026-04-09T01:30:00.000Z,0,0,,97.65,97.67,96.89,96.89,979
1775700000,2026-04-09T02:00:00.000Z,0,0,,96.93,97.02,96.62,96.84,777
1775701800,2026-04-09T02:30:00.000Z,0,0,,96.86,96.91,96.54,96.91,424
1775703600,2026-04-09T03:00:00.000Z,0,0,,96.9,96.93,96.49,96.7,463
1775705400,2026-04-09T03:30:00.000Z,0,0,,96.71,96.93,96.52,96.63,317
1775707200,2026-04-09T04:00:00.000Z,0,0,,96.66,97.11,96.61,97.02,189
1775709000,2026-04-09T04:30:00.000Z,0,0,,97.03,97.38,97.02,97.38,156
1775710800,2026-04-09T05:00:00.000Z,0,0,,97.35,97.54,96.87,97.1,455
1775712600,2026-04-09T05:30:00.000Z,0,0,,97.14,97.21,96.71,96.86,533
1775714400,2026-04-09T06:00:00.000Z,0,0,,96.88,97.2,96.45,96.91,793
1775716200,2026-04-09T06:30:00.000Z,0,0,,96.93,97.31,96.8,96.91,1434
1775718000,2026-04-09T07:00:00.000Z,0,0,,96.92,97.94,96.76,97.74,1991
1775719800,2026-04-09T07:30:00.000Z,0,0,,97.78,98.53,97.47,98.41,2092
1775721600,2026-04-09T08:00:00.000Z,0,0,,98.41,98.45,97.64,98.3,3931
1775723400,2026-04-09T08:30:00.000Z,0,0,,98.31,98.4,97.8,98.16,1641
1775725200,2026-04-09T09:00:00.000Z,0,0,,98.17,98.21,97.35,97.6,1533
1775727000,2026-04-09T09:30:00.000Z,0,0,,97.57,98.01,97.42,97.89,959
1775728800,2026-04-09T10:00:00.000Z,0,0,,97.88,98.48,97.69,98.22,1547
1775730600,2026-04-09T10:30:00.000Z,0,0,,98.24,98.74,97.99,98.67,1517
1775732400,2026-04-09T11:00:00.000Z,0,0,,98.71,98.93,98.35,98.61,1686
1775734200,2026-04-09T11:30:00.000Z,0,0,,98.64,98.68,97.51,97.85,2805
1775736000,2026-04-09T12:00:00.000Z,0,0,,97.85,98.15,97.66,97.8,1632
1775737800,2026-04-09T12:30:00.000Z,0,0,,97.82,98.84,97.66,98.35,2877
1775739600,2026-04-09T13:00:00.000Z,0,0,,98.37,98.66,97.83,97.88,3397
1775741400,2026-04-09T13:30:00.000Z,0,0,,97.91,98.68,97.87,98.6,2359
1775743200,2026-04-09T14:00:00.000Z,0,0,,98.57,99.4,98.23,99.21,3639
1775745000,2026-04-09T14:30:00.000Z,0,0,,99.25,99.35,98.81,99.17,3646
1775746800,2026-04-09T15:00:00.000Z,0,0,,99.19,99.5,97.92,99.07,7864
1775748600,2026-04-09T15:30:00.000Z,0,0,,99.09,99.11,96.02,96.65,10285
1775750400,2026-04-09T16:00:00.000Z,0,0,,96.67,96.71,95.05,95.18,6101
1775752200,2026-04-09T16:30:00.000Z,0,0,,95.21,96.36,95.14,95.71,3453
1775754000,2026-04-09T17:00:00.000Z,0,0,,95.72,95.84,94.56,95.09,3507
1775755800,2026-04-09T17:30:00.000Z,0,0,,95.1,95.48,94.22,94.92,3618
1775757600,2026-04-09T18:00:00.000Z,0,0,,94.94,96.37,94.85,95.9,5690
1775759400,2026-04-09T18:30:00.000Z,0,0,,95.93,97.27,95.84,96.54,2610
1775761200,2026-04-09T19:00:00.000Z,0,0,,96.51,97.19,96.19,97.06,1312
1775763000,2026-04-09T19:30:00.000Z,1,0,,97.04,97.38,96.94,97.25,1154
1775764800,2026-04-09T20:00:00.000Z,0,0,,97.26,97.29,96.45,96.52,801
1775766600,2026-04-09T20:30:00.000Z,0,0,,96.55,96.8,96.29,96.46,514
1775768400,2026-04-09T21:00:00.000Z,0,0,,96.48,96.92,96.09,96.12,75
1775770200,2026-04-09T21:30:00.000Z,0,0,,96.05,96.57,96.04,96.4,54
1775779200,2026-04-10T00:00:00.000Z,0,0,,96.6,97.08,96.54,96.56,406
1775781000,2026-04-10T00:30:00.000Z,0,0,,96.69,97.08,96.63,96.91,203
1775782800,2026-04-10T01:00:00.000Z,0,0,,96.88,97.06,96.36,96.49,394
1775784600,2026-04-10T01:30:00.000Z,0,0,,96.51,96.55,96.03,96.45,374
1775786400,2026-04-10T02:00:00.000Z,0,0,,96.44,96.75,96.36,96.65,223
1775788200,2026-04-10T02:30:00.000Z,0,0,,96.64,96.7,96.23,96.47,283
1775790000,2026-04-10T03:00:00.000Z,0,0,,96.5,96.73,96.2,96.68,290
1775791800,2026-04-10T03:30:00.000Z,0,0,,96.67,96.68,96.07,96.2,394
1775793600,2026-04-10T04:00:00.000Z,0,0,,96.16,96.36,96.13,96.31,77
1775795400,2026-04-10T04:30:00.000Z,0,0,,96.29,96.69,96.26,96.69,277
1775797200,2026-04-10T05:00:00.000Z,0,0,,96.68,96.88,96.55,96.8,201
1775799000,2026-04-10T05:30:00.000Z,0,0,,96.83,97.01,96.56,96.84,371
1775800800,2026-04-10T06:00:00.000Z,0,0,,96.84,96.95,96.53,96.61,452
1775802600,2026-04-10T06:30:00.000Z,0,0,,96.6,97.06,96.28,96.88,894
1775804400,2026-04-10T07:00:00.000Z,0,0,,96.93,97.92,96.85,97.61,1759
1775806200,2026-04-10T07:30:00.000Z,0,0,,97.65,97.95,97.55,97.63,1190
1775808000,2026-04-10T08:00:00.000Z,0,0,,97.65,97.76,97.26,97.58,2976
1775809800,2026-04-10T08:30:00.000Z,0,0,,97.6,98.26,97.21,98,1721
1775811600,2026-04-10T09:00:00.000Z,0,0,,98.04,98.04,96.07,96.76,3527
1775813400,2026-04-10T09:30:00.000Z,0,0,,96.75,97.13,96.18,96.53,1760
1775815200,2026-04-10T10:00:00.000Z,0,0,,96.55,96.97,96.1,96.39,1300
1775817000,2026-04-10T10:30:00.000Z,0,0,,96.4,96.49,95.42,95.91,1857
1775818800,2026-04-10T11:00:00.000Z,0,0,,95.89,96.44,95.68,96,1365
1775820600,2026-04-10T11:30:00.000Z,0,0,,96.01,96.12,95.79,95.93,790
1775822400,2026-04-10T12:00:00.000Z,0,0,,95.95,96.12,94.93,95.62,2395
1775824200,2026-04-10T12:30:00.000Z,0,0,,95.56,95.93,95.28,95.9,1757
1775826000,2026-04-10T13:00:00.000Z,0,0,,95.91,96.11,95.13,95.87,2266
1775827800,2026-04-10T13:30:00.000Z,0,0,,95.89,96.32,95.72,96.04,2764
1775829600,2026-04-10T14:00:00.000Z,0,0,,96.08,96.31,95.13,95.45,3251
1775831400,2026-04-10T14:30:00.000Z,0,0,,95.47,96.1,95.17,95.81,3857
1775833200,2026-04-10T15:00:00.000Z,0,0,,95.82,96.81,95.7,96.56,5966
1775835000,2026-04-10T15:30:00.000Z,0,0,,96.58,97.23,96.38,97.06,3568
1775836800,2026-04-10T16:00:00.000Z,0,0,,97.05,97.5,96.85,97.09,2248
1775838600,2026-04-10T16:30:00.000Z,0,0,,97.11,97.18,96.64,96.76,1566
1775840400,2026-04-10T17:00:00.000Z,0,0,,96.77,97.12,96.62,96.69,1298
1775842200,2026-04-10T17:30:00.000Z,0,0,,96.7,96.8,96.25,96.46,1473
1775844000,2026-04-10T18:00:00.000Z,0,0,,96.47,96.71,94.93,95.05,4975
1775845800,2026-04-10T18:30:00.000Z,0,0,,95.06,95.16,94.21,94.6,2609
1775847600,2026-04-10T19:00:00.000Z,0,0,,94.61,94.77,94.28,94.3,1671
1775849400,2026-04-10T19:30:00.000Z,0,0,,94.32,94.7,94.23,94.64,1104
1775851200,2026-04-10T20:00:00.000Z,0,0,,94.65,94.67,94.28,94.4,557
1775853000,2026-04-10T20:30:00.000Z,0,0,,94.38,94.54,94.2,94.43,581
1775854800,2026-04-10T21:00:00.000Z,0,0,,94.39,94.46,94.25,94.43,89
1775856600,2026-04-10T21:30:00.000Z,0,0,,94.41,94.41,94.25,94.25,41
1776031200,2026-04-12T22:00:00.000Z,0,0,,100.94,102.6,100.94,102.12,4376
1776033000,2026-04-12T22:30:00.000Z,0,0,,102.12,102.6,102.05,102.41,765
1776034800,2026-04-12T23:00:00.000Z,0,0,,102.43,103.39,102.43,103.28,916
1776036600,2026-04-12T23:30:00.000Z,0,0,,103.29,103.87,103.06,103.12,593
1776038400,2026-04-13T00:00:00.000Z,0,0,,103.1,103.5,102.62,102.78,759
1776040200,2026-04-13T00:30:00.000Z,0,0,,102.77,102.88,102.36,102.39,460
1776042000,2026-04-13T01:00:00.000Z,0,0,,102.37,102.38,101.35,101.74,1752
1776043800,2026-04-13T01:30:00.000Z,0,0,,101.68,101.95,101.61,101.66,341
1776045600,2026-04-13T02:00:00.000Z,0,0,,101.72,102.45,101.67,102.32,619
1776047400,2026-04-13T02:30:00.000Z,0,0,,102.31,102.31,102.1,102.19,240
1776049200,2026-04-13T03:00:00.000Z,0,0,,102.18,102.3,102.11,102.14,224
1776051000,2026-04-13T03:30:00.000Z,0,0,,102.16,102.42,102.1,102.13,234
1776052800,2026-04-13T04:00:00.000Z,0,0,,102.17,102.28,102.01,102.17,293
1776054600,2026-04-13T04:30:00.000Z,0,0,,102.19,102.28,102.07,102.16,241
1776056400,2026-04-13T05:00:00.000Z,0,0,,102.19,102.3,102.04,102.17,223
1776058200,2026-04-13T05:30:00.000Z,0,0,,102.18,102.32,101.82,102,440
1776060000,2026-04-13T06:00:00.000Z,0,0,,101.92,102.13,101.63,101.88,1155
1776061800,2026-04-13T06:30:00.000Z,0,0,,101.85,101.92,101.36,101.45,1040
1776063600,2026-04-13T07:00:00.000Z,0,0,,101.44,101.83,101.13,101.73,1396
1776065400,2026-04-13T07:30:00.000Z,0,0,,101.72,102.11,101.54,102.01,1230
1776067200,2026-04-13T08:00:00.000Z,0,0,,102.03,102.61,101.79,102.23,2766
1776069000,2026-04-13T08:30:00.000Z,0,0,,102.24,103.47,102.01,102.79,2364
1776070800,2026-04-13T09:00:00.000Z,0,0,,102.82,102.98,102.37,102.78,1329
1776072600,2026-04-13T09:30:00.000Z,0,0,,102.81,102.81,102.48,102.61,829
1776074400,2026-04-13T10:00:00.000Z,0,0,,102.59,102.61,102.04,102.37,953
1776076200,2026-04-13T10:30:00.000Z,0,0,,102.39,102.39,101.92,101.99,896
1776078000,2026-04-13T11:00:00.000Z,0,0,,102.02,102.17,101.79,101.93,906
1776079800,2026-04-13T11:30:00.000Z,0,0,,101.92,102.41,101.85,102.26,1441
1776081600,2026-04-13T12:00:00.000Z,0,0,,102.28,102.64,101.88,102.11,1665
1776083400,2026-04-13T12:30:00.000Z,0,0,,102.13,102.36,101.46,101.89,1732
1776085200,2026-04-13T13:00:00.000Z,0,0,,101.93,102.04,101.58,101.75,1450
1776087000,2026-04-13T13:30:00.000Z,0,0,,101.77,101.96,98.77,100.23,7564
1776088800,2026-04-13T14:00:00.000Z,0,0,,100.26,100.86,99.54,100.69,4464
1776090600,2026-04-13T14:30:00.000Z,0,0,,100.7,100.94,100.09,100.51,2928
1776092400,2026-04-13T15:00:00.000Z,0,0,,100.53,101.94,100.46,101.85,5327
1776094200,2026-04-13T15:30:00.000Z,0,0,,101.89,102.25,101.2,102.08,2768
1776096000,2026-04-13T16:00:00.000Z,0,0,,102.07,102.26,100.81,101.08,3660
1776097800,2026-04-13T16:30:00.000Z,0,0,,101.1,101.12,99.51,99.88,7095
1776099600,2026-04-13T17:00:00.000Z,0,0,,99.89,100.13,99.17,99.35,2397
1776101400,2026-04-13T17:30:00.000Z,0,0,,99.34,99.55,98.99,99.25,1727
1776103200,2026-04-13T18:00:00.000Z,0,0,,99.23,99.86,98.75,99.25,3206
1776105000,2026-04-13T18:30:00.000Z,0,0,,99.28,99.43,97.59,97.73,2522
1776106800,2026-04-13T19:00:00.000Z,0,0,,97.71,98.5,97.63,98.27,1042
1776108600,2026-04-13T19:30:00.000Z,0,0,,98.23,98.63,98.09,98.26,745
1776110400,2026-04-13T20:00:00.000Z,0,0,,98.28,98.46,98.06,98.13,511
1776112200,2026-04-13T20:30:00.000Z,0,0,,98.11,98.34,97.75,98.08,497
1776114000,2026-04-13T21:00:00.000Z,0,0,,98.07,98.13,97.83,97.83,20
1776115800,2026-04-13T21:30:00.000Z,0,0,,98.01,98.01,97.84,97.99,55
1776124800,2026-04-14T00:00:00.000Z,0,0,,97.5,97.69,97.03,97.24,625
1776126600,2026-04-14T00:30:00.000Z,0,0,,97.22,97.31,96.5,96.65,345
1776128400,2026-04-14T01:00:00.000Z,0,0,,96.68,97.59,96.67,97.53,592
1776130200,2026-04-14T01:30:00.000Z,0,0,,97.48,98.03,97.48,97.9,361
1776132000,2026-04-14T02:00:00.000Z,0,0,,97.88,98.02,97.68,97.76,145
1776133800,2026-04-14T02:30:00.000Z,0,0,,97.8,98.21,97.79,98.1,324
1776135600,2026-04-14T03:00:00.000Z,0,0,,98.11,98.66,97.98,98.62,606
1776137400,2026-04-14T03:30:00.000Z,0,0,,98.64,98.68,97.93,98.15,253
1776139200,2026-04-14T04:00:00.000Z,0,0,,98.16,98.19,97.7,97.89,171
1776141000,2026-04-14T04:30:00.000Z,0,0,,97.9,98,97.79,97.91,63
1776142800,2026-04-14T05:00:00.000Z,0,0,,97.9,98.23,97.84,98.18,148
1776144600,2026-04-14T05:30:00.000Z,0,0,,98.15,98.65,98.11,98.58,379
1776146400,2026-04-14T06:00:00.000Z,0,0,,98.54,98.64,98.24,98.48,532
1776148200,2026-04-14T06:30:00.000Z,0,0,,98.49,99.45,98.49,99.15,1151
1776150000,2026-04-14T07:00:00.000Z,0,0,,99.14,99.22,97.45,98.29,3237
1776151800,2026-04-14T07:30:00.000Z,0,0,,98.34,98.91,98.01,98.57,1631
1776153600,2026-04-14T08:00:00.000Z,0,0,,98.62,98.95,98.28,98.66,2786
1776155400,2026-04-14T08:30:00.000Z,0,0,,98.68,98.83,98.07,98.08,1314
1776157200,2026-04-14T09:00:00.000Z,0,0,,98.09,98.59,97.87,98.57,1013
1776159000,2026-04-14T09:30:00.000Z,0,0,,98.58,99.08,98.41,98.68,1007
1776160800,2026-04-14T10:00:00.000Z,0,0,,98.68,98.89,98.4,98.65,949
1776162600,2026-04-14T10:30:00.000Z,0,0,,98.66,99.23,98.62,99.01,892
1776164400,2026-04-14T11:00:00.000Z,0,0,,99.02,99.31,98.92,99.23,834
1776166200,2026-04-14T11:30:00.000Z,0,0,,99.25,99.3,97.95,98.71,2096
1776168000,2026-04-14T12:00:00.000Z,0,0,,98.74,98.74,97.44,97.8,1963
1776169800,2026-04-14T12:30:00.000Z,0,0,,97.77,98.13,97.53,97.7,1795
1776171600,2026-04-14T13:00:00.000Z,0,0,,97.72,98.03,97.18,97.59,1968
1776173400,2026-04-14T13:30:00.000Z,0,0,,97.63,97.8,96.7,96.8,2631
1776175200,2026-04-14T14:00:00.000Z,0,0,,96.81,96.82,94.87,95.86,6070
1776177000,2026-04-14T14:30:00.000Z,0,0,,95.88,96.06,95.43,95.76,2650
1776178800,2026-04-14T15:00:00.000Z,0,0,,95.79,96.84,95.76,96.54,5791
1776180600,2026-04-14T15:30:00.000Z,0,0,,96.56,96.59,95.09,95.41,2893
1776182400,2026-04-14T16:00:00.000Z,0,0,,95.44,95.66,94.99,95.09,1453
1776184200,2026-04-14T16:30:00.000Z,0,0,,95.12,95.32,94.63,95.27,1849
1776186000,2026-04-14T17:00:00.000Z,0,0,,95.28,95.55,95.14,95.23,1335
1776187800,2026-04-14T17:30:00.000Z,0,0,,95.19,95.32,94.66,95.08,1668
1776189600,2026-04-14T18:00:00.000Z,0,0,,95.09,95.21,94.42,94.8,3638
1776191400,2026-04-14T18:30:00.000Z,0,0,,94.82,95.18,94.65,95.13,841
1776193200,2026-04-14T19:00:00.000Z,0,0,,95.07,95.18,94.86,94.93,432
1776195000,2026-04-14T19:30:00.000Z,0,0,,94.94,95.3,94.84,95.16,479
1776196800,2026-04-14T20:00:00.000Z,0,0,,95.17,95.34,95.04,95.15,481
1776198600,2026-04-14T20:30:00.000Z,0,0,,95.17,95.23,94.67,95.14,663
1776200400,2026-04-14T21:00:00.000Z,0,0,,95.15,95.34,95.04,95.17,26
1776202200,2026-04-14T21:30:00.000Z,0,0,,95.16,95.35,95.14,95.35,57
1776211200,2026-04-15T00:00:00.000Z,0,0,,94.33,94.78,94,94.32,658
1776213000,2026-04-15T00:30:00.000Z,0,0,,94.35,94.55,94.21,94.25,316
1776214800,2026-04-15T01:00:00.000Z,0,0,,94.28,94.65,93.93,94.14,624
1776216600,2026-04-15T01:30:00.000Z,0,0,,94.09,94.71,94.07,94.53,358
1776218400,2026-04-15T02:00:00.000Z,0,0,,94.55,94.78,94.41,94.71,252
1776220200,2026-04-15T02:30:00.000Z,0,0,,94.74,95.29,94.73,95.25,527
1776222000,2026-04-15T03:00:00.000Z,1,0,,95.26,95.47,95.14,95.34,327
1776223800,2026-04-15T03:30:00.000Z,0,0,,95.32,95.32,95.02,95.05,304
1776225600,2026-04-15T04:00:00.000Z,0,0,,95.06,95.28,95.02,95.27,146
1776227400,2026-04-15T04:30:00.000Z,0,0,,95.26,95.79,95.26,95.72,364
1776229200,2026-04-15T05:00:00.000Z,0,0,,95.71,95.78,95.47,95.7,194
1776231000,2026-04-15T05:30:00.000Z,0,0,,95.72,95.77,95.31,95.41,305
1776232800,2026-04-15T06:00:00.000Z,0,0,,95.37,95.42,94.62,94.67,781
1776234600,2026-04-15T06:30:00.000Z,0,0,,94.68,94.75,94.18,94.69,918
1776236400,2026-04-15T07:00:00.000Z,0,0,,94.72,95.37,94.71,95.34,1383
1776238200,2026-04-15T07:30:00.000Z,0,0,,95.35,95.39,94.69,94.78,1116
1776240000,2026-04-15T08:00:00.000Z,0,0,,94.8,95.28,94.5,95.1,2261
1776241800,2026-04-15T08:30:00.000Z,0,0,,95.13,95.68,95.06,95.37,1509
1776243600,2026-04-15T09:00:00.000Z,0,0,,95.32,96.25,95.28,96.12,2355
1776245400,2026-04-15T09:30:00.000Z,0,0,,96.13,96.38,95.89,96.13,1142
1776247200,2026-04-15T10:00:00.000Z,0,0,,96.12,96.75,95.61,96.54,2101
1776249000,2026-04-15T10:30:00.000Z,0,0,,96.57,96.9,95.84,96.14,2458
1776250800,2026-04-15T11:00:00.000Z,0,0,,96.16,96.41,95.87,96.09,1000
1776252600,2026-04-15T11:30:00.000Z,0,0,,96.11,96.23,94.94,95.39,2522
1776254400,2026-04-15T12:00:00.000Z,0,0,,95.42,95.88,95.39,95.57,1323
1776256200,2026-04-15T12:30:00.000Z,0,0,,95.56,95.57,95.16,95.28,1218
1776258000,2026-04-15T13:00:00.000Z,0,0,,95.31,95.49,94.62,94.73,2194
1776259800,2026-04-15T13:30:00.000Z,0,0,,94.74,95,94.26,94.59,2979
1776261600,2026-04-15T14:00:00.000Z,0,0,,94.57,94.88,94.06,94.14,2815
1776263400,2026-04-15T14:30:00.000Z,0,0,,94.24,95.46,94.11,95.11,4077
1776265200,2026-04-15T15:00:00.000Z,0,0,,95.1,95.64,94.94,95.5,4727
1776267000,2026-04-15T15:30:00.000Z,0,0,,95.53,95.89,95.35,95.73,2653
1776268800,2026-04-15T16:00:00.000Z,0,0,,95.75,95.95,95.49,95.54,1624
1776270600,2026-04-15T16:30:00.000Z,0,0,,95.55,95.71,95.22,95.68,1465
1776272400,2026-04-15T17:00:00.000Z,0,0,,95.69,95.74,95.09,95.18,1075
1776274200,2026-04-15T17:30:00.000Z,0,0,,95.22,95.82,95.14,95.53,1198
1776276000,2026-04-15T18:00:00.000Z,0,0,,95.55,95.73,94.71,94.85,3159
1776277800,2026-04-15T18:30:00.000Z,0,0,,94.88,94.92,94.64,94.78,723
1776279600,2026-04-15T19:00:00.000Z,0,0,,94.76,94.98,94.57,94.76,726
1776281400,2026-04-15T19:30:00.000Z,0,0,,94.8,94.9,94.7,94.8,290
1776283200,2026-04-15T20:00:00.000Z,0,0,,94.76,94.96,94.76,94.89,174
1776285000,2026-04-15T20:30:00.000Z,0,0,,94.9,95.01,94.87,94.91,276
1776286800,2026-04-15T21:00:00.000Z,0,0,,94.92,94.99,94.86,94.99,39
1776288600,2026-04-15T21:30:00.000Z,0,0,,94.94,94.96,94.85,94.88,4
1776297600,2026-04-16T00:00:00.000Z,0,0,,94.62,94.73,94.43,94.52,246
1776299400,2026-04-16T00:30:00.000Z,0,0,,94.47,94.79,94.47,94.71,178
1776301200,2026-04-16T01:00:00.000Z,0,0,,94.74,94.85,94.55,94.8,272
1776303000,2026-04-16T01:30:00.000Z,0,0,,94.74,95.06,94.74,95.03,221
1776304800,2026-04-16T02:00:00.000Z,0,0,,94.99,95.29,94.99,95.25,329
1776306600,2026-04-16T02:30:00.000Z,0,0,,95.26,95.26,94.89,95.03,168
1776308400,2026-04-16T03:00:00.000Z,0,0,,95.02,95.02,94.77,94.92,143
1776310200,2026-04-16T03:30:00.000Z,0,0,,94.95,95.06,94.86,94.97,138
1776312000,2026-04-16T04:00:00.000Z,0,0,,94.95,95.16,94.95,95,79
1776313800,2026-04-16T04:30:00.000Z,0,0,,94.99,95.12,94.96,95.04,71
1776315600,2026-04-16T05:00:00.000Z,0,0,,95.03,95.09,94.9,94.97,213
1776317400,2026-04-16T05:30:00.000Z,0,0,,94.95,95.08,94.67,94.77,322
1776319200,2026-04-16T06:00:00.000Z,0,0,,94.79,95.01,94.6,94.99,341
1776321000,2026-04-16T06:30:00.000Z,0,0,,94.98,95.16,94.87,95.12,482
1776322800,2026-04-16T07:00:00.000Z,0,0,,95.08,95.85,95.06,95.48,1207
1776324600,2026-04-16T07:30:00.000Z,0,0,,95.47,96.33,95.39,96.3,1149
1776326400,2026-04-16T08:00:00.000Z,0,0,,96.33,96.66,96.24,96.56,2523
1776328200,2026-04-16T08:30:00.000Z,0,0,,96.58,96.85,96.23,96.36,1302
1776330000,2026-04-16T09:00:00.000Z,0,0,,96.33,96.46,96.12,96.32,697
1776331800,2026-04-16T09:30:00.000Z,0,0,,96.31,96.59,96.13,96.43,701
1776333600,2026-04-16T10:00:00.000Z,0,0,,96.44,96.49,96.16,96.44,632
1776335400,2026-04-16T10:30:00.000Z,0,0,,96.45,96.49,95.86,95.86,726
1776337200,2026-04-16T11:00:00.000Z,0,0,,95.88,95.96,95.42,95.82,1297
1776339000,2026-04-16T11:30:00.000Z,0,0,,95.83,95.95,95.52,95.74,671
1776340800,2026-04-16T12:00:00.000Z,0,0,,95.76,95.91,95.45,95.82,1091
1776342600,2026-04-16T12:30:00.000Z,0,0,,95.85,96.48,95.74,96.46,1075
1776344400,2026-04-16T13:00:00.000Z,0,0,,96.47,96.78,96.14,96.34,1621
1776346200,2026-04-16T13:30:00.000Z,0,0,,96.34,97.85,96.32,97.53,2737
1776348000,2026-04-16T14:00:00.000Z,0,0,,97.56,98.2,97.31,97.87,2550
1776349800,2026-04-16T14:30:00.000Z,0,0,,97.9,98.32,97.69,97.98,2652
1776351600,2026-04-16T15:00:00.000Z,0,0,,97.99,98.52,97.44,98.46,4411
1776353400,2026-04-16T15:30:00.000Z,0,0,,98.49,98.84,97.79,98.27,3285
1776355200,2026-04-16T16:00:00.000Z,0,0,,98.29,98.74,98.28,98.57,1348
1776357000,2026-04-16T16:30:00.000Z,0,0,,98.6,99.66,98.54,99.52,2837
1776358800,2026-04-16T17:00:00.000Z,0,0,,99.53,99.77,99.33,99.53,1226
1776360600,2026-04-16T17:30:00.000Z,0,0,,99.56,99.8,99.53,99.63,1260
1776362400,2026-04-16T18:00:00.000Z,0,0,,99.64,99.66,99.11,99.37,2808
1776364200,2026-04-16T18:30:00.000Z,0,0,,99.39,99.58,98.53,98.58,1095
1776366000,2026-04-16T19:00:00.000Z,0,0,,98.54,98.84,98.27,98.35,669
1776367800,2026-04-16T19:30:00.000Z,0,0,,98.38,98.38,98.06,98.21,722
1776369600,2026-04-16T20:00:00.000Z,0,0,,98.23,98.3,98.1,98.19,290
1776371400,2026-04-16T20:30:00.000Z,0,0,,98.17,98.21,97.96,98,430
1776373200,2026-04-16T21:00:00.000Z,0,0,,98.03,98.39,98.03,98.36,114
1776375000,2026-04-16T21:30:00.000Z,0,0,,98.37,98.37,98.2,98.2,27
1776384000,2026-04-17T00:00:00.000Z,0,0,,98.45,98.47,97.94,98,309
1776385800,2026-04-17T00:30:00.000Z,0,0,,98.01,98.32,97.94,98.31,219
1776387600,2026-04-17T01:00:00.000Z,0,0,,98.3,98.67,98.28,98.48,372
1776389400,2026-04-17T01:30:00.000Z,0,0,,98.46,98.53,98.23,98.31,221
1776391200,2026-04-17T02:00:00.000Z,0,0,,98.29,98.52,98.29,98.39,131
1776393000,2026-04-17T02:30:00.000Z,0,0,,98.38,98.41,98.11,98.24,164
1776394800,2026-04-17T03:00:00.000Z,0,0,,98.23,98.41,98.14,98.34,96
1776396600,2026-04-17T03:30:00.000Z,0,0,,98.32,98.43,98.14,98.21,85
1776398400,2026-04-17T04:00:00.000Z,0,0,,98.24,98.24,98.12,98.2,75
1776400200,2026-04-17T04:30:00.000Z,0,0,,98.19,98.23,98.03,98.1,134
1776402000,2026-04-17T05:00:00.000Z,0,0,,98.09,98.23,98.04,98.08,196
1776403800,2026-04-17T05:30:00.000Z,0,0,,98.07,98.18,98,98.16,229
1776405600,2026-04-17T06:00:00.000Z,0,0,,98.19,98.71,98.14,98.67,831
1776407400,2026-04-17T06:30:00.000Z,0,0,,98.69,98.91,98.54,98.71,849
1776409200,2026-04-17T07:00:00.000Z,0,0,,98.71,98.86,98.39,98.57,1078
1776411000,2026-04-17T07:30:00.000Z,0,0,,98.6,98.98,98.33,98.39,1384
1776412800,2026-04-17T08:00:00.000Z,0,0,,98.42,98.49,98.12,98.36,2653
1776414600,2026-04-17T08:30:00.000Z,0,0,,98.39,98.57,97.12,97.46,2478
1776416400,2026-04-17T09:00:00.000Z,0,0,,97.47,97.84,96.5,96.66,1946
1776418200,2026-04-17T09:30:00.000Z,0,0,,96.65,96.82,96,96.18,2134
1776420000,2026-04-17T10:00:00.000Z,0,0,,96.21,96.43,95.57,96.12,1743
1776421800,2026-04-17T10:30:00.000Z,0,0,,96.13,96.54,95.93,96.31,1219
1776423600,2026-04-17T11:00:00.000Z,0,0,,96.33,96.42,96.09,96.26,695
1776425400,2026-04-17T11:30:00.000Z,0,0,,96.21,96.39,95.82,96.03,874
1776427200,2026-04-17T12:00:00.000Z,0,0,,96.04,96.24,94.36,94.93,3251
1776429000,2026-04-17T12:30:00.000Z,0,0,,94.9,95.35,89.52,90.47,12846
1776430800,2026-04-17T13:00:00.000Z,0,0,,90.46,91.27,87.71,89.53,12242
1776432600,2026-04-17T13:30:00.000Z,0,0,,89.55,90.37,88.27,88.86,8867
1776434400,2026-04-17T14:00:00.000Z,0,0,,88.9,89.06,87.71,88.13,4729
1776436200,2026-04-17T14:30:00.000Z,0,0,,88.16,88.26,86.09,87.2,7276
1776438000,2026-04-17T15:00:00.000Z,0,0,,87.24,89.31,86.95,89.25,8720
1776439800,2026-04-17T15:30:00.000Z,0,0,,89.26,89.6,88.57,88.99,4696
1776441600,2026-04-17T16:00:00.000Z,0,0,,89,89.3,88.38,89.23,2438
1776443400,2026-04-17T16:30:00.000Z,0,0,,89.23,89.26,88.72,88.85,1472
1776445200,2026-04-17T17:00:00.000Z,0,0,,88.88,90.78,88.77,90.7,3540
1776447000,2026-04-17T17:30:00.000Z,0,0,,90.71,90.89,89.92,89.92,2138
1776448800,2026-04-17T18:00:00.000Z,0,0,,89.93,90.96,89.43,90.64,4322
1776450600,2026-04-17T18:30:00.000Z,0,0,,90.67,91.39,90.51,91.08,1748
1776452400,2026-04-17T19:00:00.000Z,0,0,,91.06,91.09,90.61,90.79,873
1776454200,2026-04-17T19:30:00.000Z,0,0,,90.8,90.83,90.24,90.73,804
1776456000,2026-04-17T20:00:00.000Z,0,0,,90.75,91.17,90.57,90.97,680
1776457800,2026-04-17T20:30:00.000Z,0,0,,90.96,92.09,90.81,91.98,977
1776459600,2026-04-17T21:00:00.000Z,0,0,,91.98,92.45,91.69,91.82,197
1776461400,2026-04-17T21:30:00.000Z,0,0,,91.82,92.5,91.71,92.41,85
1776636000,2026-04-19T22:00:00.000Z,0,0,,96.12,97.5,95.1,95.7,3170
1776637800,2026-04-19T22:30:00.000Z,0,0,,95.77,95.96,95.35,95.84,610
1776639600,2026-04-19T23:00:00.000Z,0,0,,95.8,96.51,95.62,96.45,526
1776641400,2026-04-19T23:30:00.000Z,0,0,,96.46,96.73,96.32,96.71,581
1776643200,2026-04-20T00:00:00.000Z,0,0,,96.7,96.96,95.86,95.9,631
1776645000,2026-04-20T00:30:00.000Z,0,0,,95.97,96.06,95.71,95.74,316
1776646800,2026-04-20T01:00:00.000Z,0,0,,95.75,95.75,95.17,95.32,871
1776648600,2026-04-20T01:30:00.000Z,0,0,,95.25,95.42,94.53,94.62,652
1776650400,2026-04-20T02:00:00.000Z,0,0,,94.6,94.97,94.58,94.81,340
1776652200,2026-04-20T02:30:00.000Z,0,0,,94.76,95.23,94.69,95.07,512
1776654000,2026-04-20T03:00:00.000Z,0,0,,95.09,95.38,95.07,95.23,274
1776655800,2026-04-20T03:30:00.000Z,0,0,,95.18,95.34,95.13,95.26,111
1776657600,2026-04-20T04:00:00.000Z,0,0,,95.29,95.51,95.29,95.48,153
1776659400,2026-04-20T04:30:00.000Z,0,0,,95.46,95.65,95.13,95.26,268
1776661200,2026-04-20T05:00:00.000Z,0,0,,95.21,95.58,95.13,95.51,252
1776663000,2026-04-20T05:30:00.000Z,0,0,,95.53,95.59,95.04,95.15,381
1776664800,2026-04-20T06:00:00.000Z,0,0,,95.18,95.54,94.92,95.43,663
1776666600,2026-04-20T06:30:00.000Z,0,0,,95.41,95.85,95.13,95.14,1156
1776668400,2026-04-20T07:00:00.000Z,0,0,,95.18,95.47,94.33,95.22,1964
1776670200,2026-04-20T07:30:00.000Z,0,0,,95.23,96.22,95.12,95.6,2050
1776672000,2026-04-20T08:00:00.000Z,0,0,,95.64,96.25,95.39,95.69,3096
1776673800,2026-04-20T08:30:00.000Z,0,0,,95.71,96.02,95.15,95.19,1865
1776675600,2026-04-20T09:00:00.000Z,0,0,,95.24,95.43,94.3,94.91,1839
1776677400,2026-04-20T09:30:00.000Z,0,0,,94.88,94.97,94.49,94.97,1215
1776679200,2026-04-20T10:00:00.000Z,0,0,,94.98,94.98,94.03,94.56,1480
1776681000,2026-04-20T10:30:00.000Z,0,0,,94.58,95.08,94.49,94.93,800
1776682800,2026-04-20T11:00:00.000Z,0,0,,94.95,95.37,94.95,95.13,879
1776684600,2026-04-20T11:30:00.000Z,0,0,,95.12,95.16,94.55,94.65,2043
1776686400,2026-04-20T12:00:00.000Z,0,0,,94.68,95.1,94.47,94.81,1745
1776688200,2026-04-20T12:30:00.000Z,0,0,,94.79,95.23,94.54,94.86,1729
1776690000,2026-04-20T13:00:00.000Z,0,0,,94.88,95.13,93,93.22,5427
1776691800,2026-04-20T13:30:00.000Z,0,0,,93.23,93.88,92.75,93.72,3135
1776693600,2026-04-20T14:00:00.000Z,0,0,,93.74,94.86,93.73,94.33,3021
1776695400,2026-04-20T14:30:00.000Z,0,0,,94.34,96.31,94.04,95.45,5035
1776697200,2026-04-20T15:00:00.000Z,0,0,,95.49,95.85,94.82,95.02,5993
1776699000,2026-04-20T15:30:00.000Z,0,0,,95.04,95.73,94.87,95.44,2427
1776700800,2026-04-20T16:00:00.000Z,0,0,,95.45,95.68,95.07,95.2,1311
1776702600,2026-04-20T16:30:00.000Z,0,0,,95.23,95.61,95.05,95.32,1262
1776704400,2026-04-20T17:00:00.000Z,0,0,,95.34,95.75,95.16,95.68,1396
1776706200,2026-04-20T17:30:00.000Z,0,0,,95.72,95.88,95.11,95.42,1626
1776708000,2026-04-20T18:00:00.000Z,0,0,,95.45,95.79,95,95.44,2419
1776709800,2026-04-20T18:30:00.000Z,0,0,,95.46,95.9,95.33,95.47,902
1776711600,2026-04-20T19:00:00.000Z,0,0,,95.45,95.52,95.19,95.27,406
1776713400,2026-04-20T19:30:00.000Z,0,0,,95.26,95.29,94.94,95.01,497
1776715200,2026-04-20T20:00:00.000Z,0,0,,95.03,95.16,94.9,95.01,241
1776717000,2026-04-20T20:30:00.000Z,0,0,,95.02,95.08,93.96,94.23,575
1776718800,2026-04-20T21:00:00.000Z,0,0,,94.27,94.61,94.23,94.44,47
1776720600,2026-04-20T21:30:00.000Z,0,0,,94.43,94.43,93.79,93.79,129
1776729600,2026-04-21T00:00:00.000Z,0,0,,94.48,94.95,94.44,94.74,355
1776731400,2026-04-21T00:30:00.000Z,0,0,,94.74,94.92,94.55,94.83,312
1776733200,2026-04-21T01:00:00.000Z,0,0,,94.88,95.15,94.85,95.11,332
1776735000,2026-04-21T01:30:00.000Z,0,0,,95.09,95.14,94.82,95.14,177
1776736800,2026-04-21T02:00:00.000Z,0,0,,95.1,95.18,94.89,94.9,132
1776738600,2026-04-21T02:30:00.000Z,0,0,,94.9,95.01,94.81,94.97,217
1776740400,2026-04-21T03:00:00.000Z,0,0,,94.95,95.17,94.86,94.95,96
1776742200,2026-04-21T03:30:00.000Z,0,0,,94.97,95.08,94.86,95,78
1776744000,2026-04-21T04:00:00.000Z,0,0,,94.91,94.94,94.76,94.79,70
1776745800,2026-04-21T04:30:00.000Z,0,0,,94.8,94.94,94.63,94.65,123
1776747600,2026-04-21T05:00:00.000Z,0,0,,94.63,94.63,93.89,93.94,392
1776749400,2026-04-21T05:30:00.000Z,0,0,,93.96,94.51,93.86,94.44,459
1776751200,2026-04-21T06:00:00.000Z,0,0,,94.42,94.76,94.4,94.56,432
1776753000,2026-04-21T06:30:00.000Z,0,0,,94.57,95.06,94.52,94.92,565
1776754800,2026-04-21T07:00:00.000Z,0,0,,94.93,95.68,94.91,95.09,1331
1776756600,2026-04-21T07:30:00.000Z,0,0,,95.11,95.27,94.04,94.76,1515
1776758400,2026-04-21T08:00:00.000Z,0,0,,94.79,95.15,94.29,94.46,2430
1776760200,2026-04-21T08:30:00.000Z,0,0,,94.48,95.02,94.28,94.95,1353
1776762000,2026-04-21T09:00:00.000Z,0,0,,94.95,95.56,94.88,94.93,1331
1776763800,2026-04-21T09:30:00.000Z,0,0,,94.92,95.11,94.69,94.79,737
1776765600,2026-04-21T10:00:00.000Z,0,0,,94.8,94.92,94.48,94.61,733
1776767400,2026-04-21T10:30:00.000Z,0,0,,94.63,94.68,94.13,94.45,868
1776769200,2026-04-21T11:00:00.000Z,0,0,,94.47,95.26,94.44,95.02,1890
1776771000,2026-04-21T11:30:00.000Z,0,0,,95.03,95.42,94.81,95.29,993
1776772800,2026-04-21T12:00:00.000Z,0,0,,95.29,95.5,95.04,95.06,1698
1776774600,2026-04-21T12:30:00.000Z,0,0,,95.09,95.65,94.73,95.24,2927
1776776400,2026-04-21T13:00:00.000Z,0,0,,95.24,95.28,94.58,94.95,1764
1776778200,2026-04-21T13:30:00.000Z,0,0,,94.95,95.16,94.65,94.81,1608
1776780000,2026-04-21T14:00:00.000Z,0,0,,94.78,95.95,94.78,95.82,2484
1776781800,2026-04-21T14:30:00.000Z,0,0,,95.85,96.77,95.63,96.69,2805
1776783600,2026-04-21T15:00:00.000Z,0,0,,96.7,98.1,96.44,98.09,5199
1776785400,2026-04-21T15:30:00.000Z,0,0,,98.1,98.3,97.44,97.92,3358
1776787200,2026-04-21T16:00:00.000Z,0,0,,97.94,98.27,97.55,98.03,2257
1776789000,2026-04-21T16:30:00.000Z,0,0,,98.06,98.89,97.86,98.88,2085
1776790800,2026-04-21T17:00:00.000Z,0,0,,98.89,99.95,98.67,99.57,3783
1776792600,2026-04-21T17:30:00.000Z,0,0,,99.58,99.58,97.24,98.02,6331
1776794400,2026-04-21T18:00:00.000Z,0,0,,98.04,98.75,97.74,98.37,3698
1776796200,2026-04-21T18:30:00.000Z,0,0,,98.39,98.64,96.62,97.57,3475
1776798000,2026-04-21T19:00:00.000Z,0,0,,97.55,97.94,96.6,97.09,3554
1776799800,2026-04-21T19:30:00.000Z,0,0,,97.12,101.15,96.96,100.67,5616
1776801600,2026-04-21T20:00:00.000Z,0,0,,100.68,101.01,96.82,98.89,5569
1776803400,2026-04-21T20:30:00.000Z,0,0,,98.88,99.84,98.7,99.24,1043
1776805200,2026-04-21T21:00:00.000Z,0,0,,99.21,99.33,99.11,99.2,66
1776807000,2026-04-21T21:30:00.000Z,0,0,,99.22,99.34,98.88,99.05,131
1776816000,2026-04-22T00:00:00.000Z,0,0,,99.35,99.38,97.73,98.33,532
1776817800,2026-04-22T00:30:00.000Z,0,0,,98.3,98.65,98.16,98.61,352
1776819600,2026-04-22T01:00:00.000Z,0,0,,98.58,98.58,97.96,98.02,463
1776821400,2026-04-22T01:30:00.000Z,0,0,,98.01,98.43,97.99,98.32,281
1776823200,2026-04-22T02:00:00.000Z,0,0,,98.36,98.46,98.27,98.27,210
1776825000,2026-04-22T02:30:00.000Z,0,0,,98.3,98.42,98.12,98.27,252
1776826800,2026-04-22T03:00:00.000Z,0,0,,98.35,98.7,98.15,98.38,218
1776828600,2026-04-22T03:30:00.000Z,0,0,,98.32,98.43,98.06,98.22,132
1776830400,2026-04-22T04:00:00.000Z,0,0,,98.19,98.53,98.12,98.53,211
1776832200,2026-04-22T04:30:00.000Z,0,0,,98.56,98.63,98.27,98.6,156
1776834000,2026-04-22T05:00:00.000Z,0,0,,98.57,98.59,96.54,97.35,1555
1776835800,2026-04-22T05:30:00.000Z,0,0,,97.37,97.94,97.15,97.9,740
1776837600,2026-04-22T06:00:00.000Z,0,0,,97.86,98.12,97.67,97.8,525
1776839400,2026-04-22T06:30:00.000Z,0,0,,97.81,97.9,97.55,97.66,553
1776841200,2026-04-22T07:00:00.000Z,0,0,,97.64,98.43,97.44,98.03,931
1776843000,2026-04-22T07:30:00.000Z,0,0,,98.05,98.46,97.95,98.4,720
1776844800,2026-04-22T08:00:00.000Z,0,0,,98.45,99.93,98.27,99.93,2675
1776846600,2026-04-22T08:30:00.000Z,0,0,,99.93,100.39,99.51,99.56,2157
1776848400,2026-04-22T09:00:00.000Z,0,0,,99.58,99.72,99.03,99.2,1746
1776850200,2026-04-22T09:30:00.000Z,0,0,,99.19,100.12,99.1,99.8,1055
1776852000,2026-04-22T10:00:00.000Z,0,0,,99.82,99.88,98.85,99.01,923
1776853800,2026-04-22T10:30:00.000Z,0,0,,99.02,99.33,98.85,99.06,875
1776855600,2026-04-22T11:00:00.000Z,0,0,,99.07,99.6,98.98,99.38,785
1776857400,2026-04-22T11:30:00.000Z,0,0,,99.39,99.66,98.86,99.29,1017
1776859200,2026-04-22T12:00:00.000Z,0,0,,99.32,99.64,98.84,99.59,1583
1776861000,2026-04-22T12:30:00.000Z,0,0,,99.63,100.51,99.35,100.27,2228
1776862800,2026-04-22T13:00:00.000Z,0,0,,100.29,100.68,99,99.98,6036
1776864600,2026-04-22T13:30:00.000Z,0,0,,100,100.81,99.95,100.6,2734
1776866400,2026-04-22T14:00:00.000Z,0,0,,100.61,100.68,100.03,100.32,2058
1776868200,2026-04-22T14:30:00.000Z,0,0,,100.37,101.69,100.05,101.35,5192
1776870000,2026-04-22T15:00:00.000Z,0,0,,101.39,101.71,100.32,101.35,5667
1776871800,2026-04-22T15:30:00.000Z,0,0,,101.38,102.05,101.32,101.81,2580
1776873600,2026-04-22T16:00:00.000Z,0,0,,101.82,102.1,101.55,101.7,1319
1776875400,2026-04-22T16:30:00.000Z,0,0,,101.72,102.31,101.69,102.18,1682
1776877200,2026-04-22T17:00:00.000Z,0,0,,102.22,102.3,101.28,101.8,2637
1776879000,2026-04-22T17:30:00.000Z,0,0,,101.83,102,101.13,101.49,2007
1776880800,2026-04-22T18:00:00.000Z,0,0,,101.55,102.26,101.51,101.97,2111
1776882600,2026-04-22T18:30:00.000Z,0,0,,101.99,102.15,101.76,101.95,672
1776884400,2026-04-22T19:00:00.000Z,0,0,,101.97,102.1,101.42,101.5,872
1776886200,2026-04-22T19:30:00.000Z,0,0,,101.51,101.61,101.24,101.46,484
1776888000,2026-04-22T20:00:00.000Z,0,0,,101.46,101.47,101.25,101.39,192
1776889800,2026-04-22T20:30:00.000Z,0,0,,101.41,101.98,101.39,101.79,362
1776891600,2026-04-22T21:00:00.000Z,0,0,,101.79,101.81,101.65,101.77,17
1776893400,2026-04-22T21:30:00.000Z,0,0,,101.72,101.76,101.54,101.54,35
1776902400,2026-04-23T00:00:00.000Z,0,0,,101.73,106.15,101.58,102.53,3421
1776904200,2026-04-23T00:30:00.000Z,0,0,,102.55,102.71,101.99,102.02,459
1776906000,2026-04-23T01:00:00.000Z,0,0,,102.01,102.6,101.86,102.42,749
1776907800,2026-04-23T01:30:00.000Z,0,0,,102.35,102.51,101.9,102.26,519
1776909600,2026-04-23T02:00:00.000Z,0,0,,102.27,103.36,102.25,103.24,572
1776911400,2026-04-23T02:30:00.000Z,0,0,,103.25,104.17,102.79,103.98,694
1776913200,2026-04-23T03:00:00.000Z,0,0,,104.07,104.17,103.46,103.65,825
1776915000,2026-04-23T03:30:00.000Z,0,0,,103.67,103.89,103.24,103.34,266
1776916800,2026-04-23T04:00:00.000Z,0,0,,103.41,103.5,103.21,103.41,150
1776918600,2026-04-23T04:30:00.000Z,0,0,,103.33,103.37,102.99,102.99,259
1776920400,2026-04-23T05:00:00.000Z,0,0,,102.99,103.44,102.98,103.3,197
1776922200,2026-04-23T05:30:00.000Z,0,0,,103.26,103.35,102.81,102.91,291
1776924000,2026-04-23T06:00:00.000Z,0,0,,102.8,103.38,102.57,103.17,624
1776925800,2026-04-23T06:30:00.000Z,0,0,,103.18,103.71,103.12,103.43,814
1776927600,2026-04-23T07:00:00.000Z,0,0,,103.4,103.7,103.13,103.38,924
1776929400,2026-04-23T07:30:00.000Z,0,1,,103.4,103.56,102.19,102.79,1865
1776931200,2026-04-23T08:00:00.000Z,0,0,,102.78,103.51,102.6,103.27,2391
1776933000,2026-04-23T08:30:00.000Z,0,0,,103.26,104.14,103.16,103.93,1549
1776934800,2026-04-23T09:00:00.000Z,0,0,,103.98,104.72,103.31,103.67,2069
1776936600,2026-04-23T09:30:00.000Z,0,0,,103.7,104.03,103.33,103.99,774
1776938400,2026-04-23T10:00:00.000Z,0,0,,104,104.08,103.23,103.31,622
1776940200,2026-04-23T10:30:00.000Z,0,0,,103.3,103.63,102.62,102.91,801
1776942000,2026-04-23T11:00:00.000Z,0,0,,102.93,103.17,102.66,102.98,854
1776943800,2026-04-23T11:30:00.000Z,0,0,,102.96,103.1,102.13,102.31,2318
1776945600,2026-04-23T12:00:00.000Z,0,0,,102.35,102.42,101.25,101.87,3324
1776947400,2026-04-23T12:30:00.000Z,0,0,,101.91,102.95,101.36,102.21,3272
1776949200,2026-04-23T13:00:00.000Z,0,0,,102.21,102.91,102.03,102.69,2029
1776951000,2026-04-23T13:30:00.000Z,0,0,,102.71,103.25,102.46,102.95,1949
1776952800,2026-04-23T14:00:00.000Z,0,0,,102.96,103.62,102.51,102.74,2851
1776954600,2026-04-23T14:30:00.000Z,0,0,,102.75,103.2,102.34,102.34,2133
1776956400,2026-04-23T15:00:00.000Z,0,0,,102.37,103.15,102.29,103.07,2881
1776958200,2026-04-23T15:30:00.000Z,0,0,,103.1,103.91,102.97,103.6,2165
1776960000,2026-04-23T16:00:00.000Z,0,0,,103.62,103.88,103.26,103.34,1069
1776961800,2026-04-23T16:30:00.000Z,0,0,,103.35,103.84,103.02,103.57,1342
1776963600,2026-04-23T17:00:00.000Z,0,0,,103.58,105.95,103.57,105.81,6076
1776965400,2026-04-23T17:30:00.000Z,0,0,,105.85,107.4,104.69,105.05,8597
1776967200,2026-04-23T18:00:00.000Z,0,0,,105.07,105.29,104.16,104.91,5242
1776969000,2026-04-23T18:30:00.000Z,0,0,,104.95,105.95,104.56,105.65,1913
1776970800,2026-04-23T19:00:00.000Z,0,0,,105.68,105.88,105.15,105.51,1001
1776972600,2026-04-23T19:30:00.000Z,0,0,,105.5,105.93,105.4,105.77,553
1776974400,2026-04-23T20:00:00.000Z,0,0,,105.79,106.65,105.79,105.9,652
1776976200,2026-04-23T20:30:00.000Z,0,0,,105.9,106.85,105.81,106.42,465
1776978000,2026-04-23T21:00:00.000Z,0,0,,106.5,106.51,106.3,106.3,21
1776979800,2026-04-23T21:30:00.000Z,0,0,,106.29,106.29,105.8,106.02,35
1776988800,2026-04-24T00:00:00.000Z,0,1,,100.35,100.48,100.07,100.16,333
1776990600,2026-04-24T00:30:00.000Z,0,0,,100.17,100.88,99.6,100.49,481
1776992400,2026-04-24T01:00:00.000Z,0,0,,100.48,100.52,99.91,100.41,400
1776994200,2026-04-24T01:30:00.000Z,0,0,,100.42,100.78,100.18,100.21,276
1776996000,2026-04-24T02:00:00.000Z,0,0,,100.28,100.31,99.93,100,323
1776997800,2026-04-24T02:30:00.000Z,0,0,,100.02,100.06,99.74,99.82,292
1776999600,2026-04-24T03:00:00.000Z,0,0,,99.81,99.96,99.06,99.55,554
1777001400,2026-04-24T03:30:00.000Z,0,0,,99.6,99.86,99.54,99.81,140
1777003200,2026-04-24T04:00:00.000Z,0,0,,99.76,99.83,99.58,99.64,146
1777005000,2026-04-24T04:30:00.000Z,0,0,,99.67,99.71,99.22,99.24,138
1777006800,2026-04-24T05:00:00.000Z,0,0,,99.21,99.4,99.12,99.27,191
1777008600,2026-04-24T05:30:00.000Z,0,0,,99.28,99.28,98.75,99.2,408
1777010400,2026-04-24T06:00:00.000Z,0,0,,99.19,99.4,98.87,99.33,503
1777012200,2026-04-24T06:30:00.000Z,0,0,,99.29,99.94,99.11,99.87,977
1777014000,2026-04-24T07:00:00.000Z,0,0,,99.88,100.07,99.7,99.87,1252
1777015800,2026-04-24T07:30:00.000Z,0,0,,99.88,100.51,99.87,100.33,928
1777017600,2026-04-24T08:00:00.000Z,0,0,,100.38,101.34,100.38,100.92,2744
1777019400,2026-04-24T08:30:00.000Z,0,0,,100.94,101.14,100.53,100.56,1325
1777021200,2026-04-24T09:00:00.000Z,0,0,,100.56,101.12,100.23,101,1130
1777023000,2026-04-24T09:30:00.000Z,0,0,,101.02,101.22,100.85,101.11,865
1777024800,2026-04-24T10:00:00.000Z,0,0,,101.13,101.18,100.71,100.79,887
1777026600,2026-04-24T10:30:00.000Z,0,0,,100.81,100.9,100.25,100.31,846
1777028400,2026-04-24T11:00:00.000Z,0,0,,100.33,100.33,97.6,97.63,5864
1777030200,2026-04-24T11:30:00.000Z,0,0,,97.64,98.83,97.58,98.36,2353
1777032000,2026-04-24T12:00:00.000Z,0,0,,98.41,99.02,98.22,98.69,1759
1777033800,2026-04-24T12:30:00.000Z,0,0,,98.7,100.09,98.68,99.51,2185
1777035600,2026-04-24T13:00:00.000Z,0,0,,99.51,99.51,98.43,98.87,2455
1777037400,2026-04-24T13:30:00.000Z,0,0,,98.92,99.54,98.84,99.29,1780
1777039200,2026-04-24T14:00:00.000Z,0,0,,99.3,99.64,98.86,99.24,2038
1777041000,2026-04-24T14:30:00.000Z,0,0,,99.28,99.34,98.64,99.11,1656
1777042800,2026-04-24T15:00:00.000Z,0,0,,99.13,100.06,99.07,99.89,2512
1777044600,2026-04-24T15:30:00.000Z,0,0,,99.88,99.95,97.66,98.52,5177
1777046400,2026-04-24T16:00:00.000Z,0,0,,98.51,99.05,98.2,98.9,1679
1777048200,2026-04-24T16:30:00.000Z,0,0,,98.87,99.2,98.52,98.66,1562
1777050000,2026-04-24T17:00:00.000Z,0,0,,98.72,98.84,98.27,98.81,1231
1777051800,2026-04-24T17:30:00.000Z,0,0,,98.81,98.93,97.62,98.46,2030
1777053600,2026-04-24T18:00:00.000Z,0,0,,98.5,99.22,98.42,99.15,2007
1777055400,2026-04-24T18:30:00.000Z,0,0,,99.17,99.35,98.85,99.04,608
1777057200,2026-04-24T19:00:00.000Z,0,0,,99.02,99.91,98.99,99.82,763
1777059000,2026-04-24T19:30:00.000Z,0,0,,99.84,100.08,99.66,99.78,712
1777060800,2026-04-24T20:00:00.000Z,0,0,,99.81,100.6,99.81,100.43,693
1777062600,2026-04-24T20:30:00.000Z,0,0,,100.43,100.43,99.79,99.86,479
1777064400,2026-04-24T21:00:00.000Z,0,0,,99.81,99.98,99.73,99.9,47
1777066200,2026-04-24T21:30:00.000Z,0,0,,99.84,99.92,99.67,99.92,17
1777240800,2026-04-26T22:00:00.000Z,0,0,,100.95,101.66,100.38,101.46,678
1777242600,2026-04-26T22:30:00.000Z,0,0,,101.41,101.62,101,101.04,151
1777244400,2026-04-26T23:00:00.000Z,0,0,,101.05,101.3,101,101.29,64
1777246200,2026-04-26T23:30:00.000Z,0,0,,101.32,101.44,101.25,101.31,73
1777248000,2026-04-27T00:00:00.000Z,0,0,,101.27,101.58,101.1,101.37,172
1777249800,2026-04-27T00:30:00.000Z,0,0,,101.35,101.63,101.04,101.19,339
1777251600,2026-04-27T01:00:00.000Z,0,0,,101.17,101.17,100.47,100.85,1027
1777253400,2026-04-27T01:30:00.000Z,0,0,,100.84,101.09,100.61,100.93,306
1777255200,2026-04-27T02:00:00.000Z,0,0,,100.89,100.91,100.3,100.39,346
1777257000,2026-04-27T02:30:00.000Z,0,0,,100.38,100.56,100.2,100.22,247
1777258800,2026-04-27T03:00:00.000Z,0,0,,100.19,100.31,99.96,100.23,383
1777260600,2026-04-27T03:30:00.000Z,0,0,,100.24,100.38,100.19,100.35,133
1777262400,2026-04-27T04:00:00.000Z,0,0,,100.34,100.43,100.29,100.38,80
1777264200,2026-04-27T04:30:00.000Z,0,0,,100.38,100.76,100.29,100.69,226
1777266000,2026-04-27T05:00:00.000Z,0,0,,100.69,101.14,100.66,101.06,260
1777267800,2026-04-27T05:30:00.000Z,0,0,,101.05,101.27,100.9,101.13,364
1777269600,2026-04-27T06:00:00.000Z,0,0,,101.09,101.48,100.99,101.21,696
1777271400,2026-04-27T06:30:00.000Z,0,0,,101.22,101.39,101.03,101.08,394
1777273200,2026-04-27T07:00:00.000Z,0,0,,101.07,101.73,101.02,101.67,959
1777275000,2026-04-27T07:30:00.000Z,0,0,,101.66,101.94,101.4,101.88,1055
1777276800,2026-04-27T08:00:00.000Z,0,0,,101.91,102.19,101.73,102.06,2235
1777278600,2026-04-27T08:30:00.000Z,0,0,,102.08,102.08,101.49,101.59,1394
1777280400,2026-04-27T09:00:00.000Z,0,0,,101.56,101.85,101.32,101.81,850
1777282200,2026-04-27T09:30:00.000Z,0,0,,101.82,101.84,101.47,101.56,560
1777284000,2026-04-27T10:00:00.000Z,0,0,,101.55,101.58,101.24,101.38,606
1777285800,2026-04-27T10:30:00.000Z,0,0,,101.41,101.41,100.23,100.53,1360
1777287600,2026-04-27T11:00:00.000Z,0,0,,100.56,100.58,99.71,99.76,1291
1777289400,2026-04-27T11:30:00.000Z,0,0,,99.77,100.33,99.58,100.19,1059
1777291200,2026-04-27T12:00:00.000Z,0,0,,100.18,100.64,100,100.45,1117
1777293000,2026-04-27T12:30:00.000Z,0,0,,100.45,101.33,100.39,101.11,1879
1777294800,2026-04-27T13:00:00.000Z,0,0,,101.14,101.17,100.65,100.95,1651
1777296600,2026-04-27T13:30:00.000Z,0,0,,100.96,101.51,100.83,101.11,2136
1777298400,2026-04-27T14:00:00.000Z,0,0,,101.12,101.81,100.88,101.49,2452
1777300200,2026-04-27T14:30:00.000Z,0,0,,101.5,101.82,100.95,101.73,2474
1777302000,2026-04-27T15:00:00.000Z,0,0,,101.75,102.43,101.7,101.9,3097
1777303800,2026-04-27T15:30:00.000Z,0,0,,101.91,102.17,101.32,101.32,2026
1777305600,2026-04-27T16:00:00.000Z,0,0,,101.34,101.64,101.25,101.5,1243
1777307400,2026-04-27T16:30:00.000Z,0,0,,101.51,101.81,101.36,101.75,797
1777309200,2026-04-27T17:00:00.000Z,0,0,,101.72,102.63,101.69,102.01,1693
1777311000,2026-04-27T17:30:00.000Z,0,0,,102,102.02,101.33,101.92,1385
1777312800,2026-04-27T18:00:00.000Z,0,0,,101.93,102.54,101.58,101.64,2881
1777314600,2026-04-27T18:30:00.000Z,0,0,,101.67,101.82,101.5,101.66,727
1777316400,2026-04-27T19:00:00.000Z,0,0,,101.68,101.74,101.32,101.41,575
1777318200,2026-04-27T19:30:00.000Z,0,0,,101.43,101.95,101.26,101.6,1015
1777320000,2026-04-27T20:00:00.000Z,0,0,,101.62,101.97,101.49,101.75,349
1777321800,2026-04-27T20:30:00.000Z,0,0,,101.73,101.97,101.67,101.92,288
1777323600,2026-04-27T21:00:00.000Z,0,0,,101.87,101.93,101.8,101.8,7
1777325400,2026-04-27T21:30:00.000Z,0,0,,101.94,101.98,101.94,101.98,18
1777334400,2026-04-28T00:00:00.000Z,0,0,,101.85,102.39,101.61,102.23,380
1777336200,2026-04-28T00:30:00.000Z,0,0,,102.19,102.47,102.19,102.37,258
1777338000,2026-04-28T01:00:00.000Z,0,0,,102.38,102.57,102.25,102.27,432
1777339800,2026-04-28T01:30:00.000Z,0,0,,102.26,102.61,102.04,102.55,217
1777341600,2026-04-28T02:00:00.000Z,0,0,,102.59,102.75,102.48,102.55,246
1777343400,2026-04-28T02:30:00.000Z,0,0,,102.6,102.66,102.44,102.56,183
1777345200,2026-04-28T03:00:00.000Z,0,0,,102.54,102.59,102.32,102.49,202
1777347000,2026-04-28T03:30:00.000Z,0,0,,102.46,102.75,102.42,102.74,165
1777348800,2026-04-28T04:00:00.000Z,0,0,,102.75,102.92,102.62,102.63,183
1777350600,2026-04-28T04:30:00.000Z,0,0,,102.65,102.75,102.55,102.69,153
1777352400,2026-04-28T05:00:00.000Z,0,0,,102.7,102.83,102.64,102.76,130
1777354200,2026-04-28T05:30:00.000Z,0,0,,102.77,104.24,102.66,103.54,1958
1777356000,2026-04-28T06:00:00.000Z,0,0,,103.54,103.56,103.02,103.16,921
1777357800,2026-04-28T06:30:00.000Z,0,0,,103.13,103.79,103.05,103.69,894
1777359600,2026-04-28T07:00:00.000Z,0,0,,103.7,104.66,103.58,104.5,1978
1777361400,2026-04-28T07:30:00.000Z,0,0,,104.49,104.86,104.33,104.51,2178
1777363200,2026-04-28T08:00:00.000Z,0,0,,104.53,104.69,103.47,103.48,3181
1777365000,2026-04-28T08:30:00.000Z,0,0,,103.49,104.36,103.48,104.12,1983
1777366800,2026-04-28T09:00:00.000Z,0,0,,104.16,104.65,104.13,104.38,1279
1777368600,2026-04-28T09:30:00.000Z,0,0,,104.37,104.7,104.36,104.58,1171
1777370400,2026-04-28T10:00:00.000Z,0,0,,104.59,104.76,104.1,104.48,1219
1777372200,2026-04-28T10:30:00.000Z,0,0,,104.49,104.53,104.19,104.36,786
1777374000,2026-04-28T11:00:00.000Z,0,0,,104.37,104.99,104.26,104.85,1513
1777375800,2026-04-28T11:30:00.000Z,0,0,,104.88,105.83,104.77,105.5,2356
1777377600,2026-04-28T12:00:00.000Z,0,0,,105.53,105.58,103.01,104.94,6161
1777379400,2026-04-28T12:30:00.000Z,0,0,,104.96,105.07,103.97,104.02,2526
1777381200,2026-04-28T13:00:00.000Z,0,0,,104.04,104.97,103.62,104.03,3542
1777383000,2026-04-28T13:30:00.000Z,0,0,,104.02,104.36,103.35,104.05,4827
1777384800,2026-04-28T14:00:00.000Z,0,0,,104.07,104.79,104.07,104.5,2597
1777386600,2026-04-28T14:30:00.000Z,0,0,,104.49,104.91,103.65,103.69,4587
1777388400,2026-04-28T15:00:00.000Z,0,0,,103.7,104.28,103.44,104.16,4240
1777390200,2026-04-28T15:30:00.000Z,0,0,,104.19,104.51,103.92,104.12,2234
1777392000,2026-04-28T16:00:00.000Z,0,0,,104.15,104.52,103.84,103.97,1636
1777393800,2026-04-28T16:30:00.000Z,0,0,,103.96,103.99,103.43,103.52,1787
1777395600,2026-04-28T17:00:00.000Z,0,0,,103.5,104.36,103.43,104.28,1222
1777397400,2026-04-28T17:30:00.000Z,0,0,,104.27,104.29,103.93,104.23,1033
1777399200,2026-04-28T18:00:00.000Z,0,0,,104.22,104.64,103.89,104.32,2731
1777401000,2026-04-28T18:30:00.000Z,0,0,,104.35,104.71,104.27,104.41,883
1777402800,2026-04-28T19:00:00.000Z,0,0,,104.38,104.45,104.25,104.35,268
1777404600,2026-04-28T19:30:00.000Z,0,0,,104.37,104.45,104.29,104.38,358
1777406400,2026-04-28T20:00:00.000Z,0,0,,104.41,104.42,103.94,104.14,389
1777408200,2026-04-28T20:30:00.000Z,0,0,,104.13,104.32,104.01,104.31,385
1777410000,2026-04-28T21:00:00.000Z,0,0,,104.21,104.33,104.21,104.21,6
1777411800,2026-04-28T21:30:00.000Z,0,0,,104.37,104.49,104.23,104.49,11
1777420800,2026-04-29T00:00:00.000Z,0,0,,103.9,104.01,103.67,103.86,370
1777422600,2026-04-29T00:30:00.000Z,0,0,,103.84,104.03,103.73,103.9,183
1777424400,2026-04-29T01:00:00.000Z,0,0,,103.91,104.88,103.86,104.72,860
1777426200,2026-04-29T01:30:00.000Z,0,0,,104.8,105.14,104.67,104.83,421
1777428000,2026-04-29T02:00:00.000Z,0,0,,104.85,104.85,103.3,103.65,618
1777429800,2026-04-29T02:30:00.000Z,0,0,,103.68,104.14,103.53,104.13,362
1777431600,2026-04-29T03:00:00.000Z,0,0,,104.14,104.23,103.66,103.89,267
1777433400,2026-04-29T03:30:00.000Z,0,0,,103.92,104.16,103.91,104.06,133
1777435200,2026-04-29T04:00:00.000Z,0,0,,104.09,104.18,104.02,104.16,127
1777437000,2026-04-29T04:30:00.000Z,0,0,,104.15,104.4,104.03,104.32,226
1777438800,2026-04-29T05:00:00.000Z,0,0,,104.36,104.7,104.36,104.56,256
1777440600,2026-04-29T05:30:00.000Z,0,0,,104.58,104.72,104.36,104.72,276
1777442400,2026-04-29T06:00:00.000Z,0,0,,104.71,104.91,104.45,104.89,412
1777444200,2026-04-29T06:30:00.000Z,0,0,,104.9,105.5,104.9,105.35,1219
1777446000,2026-04-29T07:00:00.000Z,0,0,,105.36,105.53,105.1,105.4,975
1777447800,2026-04-29T07:30:00.000Z,0,0,,105.43,106.43,105.35,106.05,2138
1777449600,2026-04-29T08:00:00.000Z,0,0,,106.08,107.36,106.01,107.33,3510
1777451400,2026-04-29T08:30:00.000Z,0,0,,107.35,107.99,107.16,107.56,3181
1777453200,2026-04-29T09:00:00.000Z,0,0,,107.59,107.85,107.37,107.68,1629
1777455000,2026-04-29T09:30:00.000Z,0,0,,107.73,107.76,106.99,107.5,1570
1777456800,2026-04-29T10:00:00.000Z,0,0,,107.54,107.67,107.2,107.37,922
1777458600,2026-04-29T10:30:00.000Z,0,0,,107.38,107.42,107.15,107.19,751
1777460400,2026-04-29T11:00:00.000Z,0,0,,107.2,107.63,107.14,107.48,962
1777462200,2026-04-29T11:30:00.000Z,0,0,,107.44,107.7,107.11,107.7,1212
1777464000,2026-04-29T12:00:00.000Z,0,0,,107.72,108.08,107.32,108.03,1356
1777465800,2026-04-29T12:30:00.000Z,0,0,,108.06,108.59,108.05,108.32,2523
1777467600,2026-04-29T13:00:00.000Z,0,0,,108.33,109.56,108.01,109.45,3796
1777469400,2026-04-29T13:30:00.000Z,0,0,,109.47,109.98,109.29,109.67,3673
1777471200,2026-04-29T14:00:00.000Z,0,0,,109.68,109.77,109.11,109.43,2702
1777473000,2026-04-29T14:30:00.000Z,0,0,,109.45,109.96,109.13,109.7,3690
1777474800,2026-04-29T15:00:00.000Z,0,0,,109.69,110.06,109.35,109.91,3832
1777476600,2026-04-29T15:30:00.000Z,0,0,,109.93,111.26,109.64,111.06,4744
1777478400,2026-04-29T16:00:00.000Z,0,0,,111.07,111.14,110.22,110.76,2761
1777480200,2026-04-29T16:30:00.000Z,0,0,,110.79,111.26,110.68,110.92,1903
1777482000,2026-04-29T17:00:00.000Z,0,0,,110.95,111.5,110.55,110.58,2553
1777483800,2026-04-29T17:30:00.000Z,0,0,,110.6,111.2,110.04,110.44,3768
1777485600,2026-04-29T18:00:00.000Z,0,0,,110.42,111,110.24,110.44,3394
1777487400,2026-04-29T18:30:00.000Z,0,0,,110.45,110.88,110.42,110.47,1466
1777489200,2026-04-29T19:00:00.000Z,0,0,,110.44,111.07,110.38,111.02,920
1777491000,2026-04-29T19:30:00.000Z,0,0,,111.04,111.84,111.04,111.5,1142
1777492800,2026-04-29T20:00:00.000Z,0,0,,111.53,111.61,111.21,111.37,361
1777494600,2026-04-29T20:30:00.000Z,0,0,,111.36,111.97,111.31,111.92,488
1777496400,2026-04-29T21:00:00.000Z,0,0,,111.84,113.81,111.61,113.44,375
1777498200,2026-04-29T21:30:00.000Z,0,0,,113.32,113.42,112.38,112.5,134
1777507200,2026-04-30T00:00:00.000Z,0,0,,111.59,111.8,110.19,110.95,1106
1777509000,2026-04-30T00:30:00.000Z,0,0,,110.9,111.53,110.84,111.3,408
1777510800,2026-04-30T01:00:00.000Z,0,0,,111.28,111.5,110.87,110.99,524
1777512600,2026-04-30T01:30:00.000Z,0,0,,110.96,111.17,110.71,110.76,515
1777514400,2026-04-30T02:00:00.000Z,0,0,,110.77,111.95,110.72,111.88,667
1777516200,2026-04-30T02:30:00.000Z,0,0,,111.91,112.69,111.62,112.02,1800
1777518000,2026-04-30T03:00:00.000Z,0,0,,112.05,113.27,111.79,112.79,1232
1777519800,2026-04-30T03:30:00.000Z,0,0,,112.83,113.23,112.51,112.93,1058
1777521600,2026-04-30T04:00:00.000Z,0,0,,112.94,114.24,112.89,113.94,3303
1777523400,2026-04-30T04:30:00.000Z,0,0,,113.97,114.7,113.46,113.64,1515
1777525200,2026-04-30T05:00:00.000Z,0,0,,113.66,113.85,113.07,113.65,758
1777527000,2026-04-30T05:30:00.000Z,0,0,,113.64,113.78,113.08,113.54,913
1777528800,2026-04-30T06:00:00.000Z,0,0,,113.54,114.25,113.27,114.12,1765
1777530600,2026-04-30T06:30:00.000Z,0,0,,114.11,114.11,112.34,112.45,2585
1777532400,2026-04-30T07:00:00.000Z,0,0,,112.44,112.58,111.36,112.28,2522
1777534200,2026-04-30T07:30:00.000Z,0,0,,112.31,112.51,111.7,111.93,1749
1777536000,2026-04-30T08:00:00.000Z,0,0,,111.94,112.22,111.59,111.75,2081
1777537800,2026-04-30T08:30:00.000Z,0,0,,111.76,112.09,111.35,111.89,1845
1777539600,2026-04-30T09:00:00.000Z,0,0,,111.88,112.51,110.77,110.82,3575
1777541400,2026-04-30T09:30:00.000Z,0,0,,110.85,110.99,109.63,110.4,4978
1777543200,2026-04-30T10:00:00.000Z,0,0,,110.45,110.52,109.65,110.41,2788
1777545000,2026-04-30T10:30:00.000Z,0,0,,110.4,111.01,110.12,110.2,2207
1777546800,2026-04-30T11:00:00.000Z,0,0,,110.24,110.24,107.07,107.26,6482
1777548600,2026-04-30T11:30:00.000Z,0,0,,107.26,108.97,107.24,108.85,3887
1777550400,2026-04-30T12:00:00.000Z,0,0,,108.88,109.24,108.65,109.14,2290
1777552200,2026-04-30T12:30:00.000Z,0,0,,109.11,110.01,109.03,109.3,3187
1777554000,2026-04-30T13:00:00.000Z,0,0,,109.31,109.31,108.05,108.75,5051
1777555800,2026-04-30T13:30:00.000Z,0,0,,108.78,109.93,108.69,109.7,3231
1777557600,2026-04-30T14:00:00.000Z,0,0,,109.71,110.4,109.45,109.82,3390
1777559400,2026-04-30T14:30:00.000Z,0,0,,109.82,110.97,109.72,110.61,4197
1777561200,2026-04-30T15:00:00.000Z,0,0,,110.67,111.12,109.19,109.57,8253
1777563000,2026-04-30T15:30:00.000Z,0,0,,109.59,110.13,109.16,109.6,3561
1777564800,2026-04-30T16:00:00.000Z,0,0,,109.63,110.17,109.56,110.05,1570
1777566600,2026-04-30T16:30:00.000Z,0,0,,110.06,110.31,109.83,110.02,1468
1777568400,2026-04-30T17:00:00.000Z,0,0,,110.03,110.04,109.24,109.59,2407
1777570200,2026-04-30T17:30:00.000Z,0,0,,109.6,109.61,108.61,108.95,3496
1777572000,2026-04-30T18:00:00.000Z,0,0,,108.95,110.65,108.8,110.53,4591
1777573800,2026-04-30T18:30:00.000Z,0,0,,110.55,111.09,110.53,110.94,1269
1777575600,2026-04-30T19:00:00.000Z,0,0,,110.94,110.97,110.34,110.5,958
1777577400,2026-04-30T19:30:00.000Z,0,0,,110.52,111.03,110.48,111,760
1777579200,2026-04-30T20:00:00.000Z,0,0,,111.01,111.72,110.85,111.23,1121
1777581000,2026-04-30T20:30:00.000Z,0,0,,111.27,111.82,110.99,111.17,494
1777582800,2026-04-30T21:00:00.000Z,0,0,,111.21,111.28,110.61,110.69,58
1777584600,2026-04-30T21:30:00.000Z,0,0,,110.77,110.88,110.49,110.85,62
1777593600,2026-05-01T00:00:00.000Z,0,0,,111.34,111.83,111.06,111.56,392
1777595400,2026-05-01T00:30:00.000Z,0,0,,111.52,111.84,111.33,111.7,248
1777597200,2026-05-01T01:00:00.000Z,0,0,,111.69,112.05,111.69,111.72,364
1777599000,2026-05-01T01:30:00.000Z,0,0,,111.7,111.72,111.24,111.41,387
1777600800,2026-05-01T02:00:00.000Z,0,0,,111.37,111.97,111.2,111.83,280
1777602600,2026-05-01T02:30:00.000Z,0,0,,111.86,112.22,111.33,111.35,336
1777604400,2026-05-01T03:00:00.000Z,0,0,,111.37,111.6,111.26,111.59,197
1777606200,2026-05-01T03:30:00.000Z,0,0,,111.57,111.59,111.37,111.45,149
1777608000,2026-05-01T04:00:00.000Z,0,0,,111.41,111.49,111.11,111.25,211
1777609800,2026-05-01T04:30:00.000Z,0,0,,111.29,111.29,110.86,110.9,262
1777611600,2026-05-01T05:00:00.000Z,0,0,,110.91,111.17,110.91,111.09,243
1777613400,2026-05-01T05:30:00.000Z,0,0,,111.08,111.22,110.84,110.93,263
1777615200,2026-05-01T06:00:00.000Z,0,0,,110.93,111.91,110.93,111.82,554
1777617000,2026-05-01T06:30:00.000Z,0,0,,111.88,112.45,111.75,111.89,1019
1777618800,2026-05-01T07:00:00.000Z,0,0,,111.87,112.09,110.33,110.77,2279
1777620600,2026-05-01T07:30:00.000Z,0,0,,110.76,111.53,110.57,111.46,1915
1777622400,2026-05-01T08:00:00.000Z,0,0,,111.48,111.68,110.68,111.14,2913
1777624200,2026-05-01T08:30:00.000Z,0,0,,111.16,111.79,111.15,111.59,1043
1777626000,2026-05-01T09:00:00.000Z,0,0,,111.64,112.28,111.61,111.73,1356
1777627800,2026-05-01T09:30:00.000Z,0,0,,111.76,111.82,111.13,111.31,1321
1777629600,2026-05-01T10:00:00.000Z,0,0,,111.33,111.57,111.16,111.38,529
1777631400,2026-05-01T10:30:00.000Z,0,0,,111.4,111.71,111.07,111.21,780
1777633200,2026-05-01T11:00:00.000Z,0,0,,111.24,111.41,110.74,111.07,1001
1777635000,2026-05-01T11:30:00.000Z,0,0,,111.11,111.23,110.81,110.89,999
1777636800,2026-05-01T12:00:00.000Z,0,0,,110.91,111.23,109.7,110.19,3640
1777638600,2026-05-01T12:30:00.000Z,0,0,,110.16,111,109.96,110.71,2118
1777640400,2026-05-01T13:00:00.000Z,0,0,,110.73,110.79,109.38,109.48,3030
1777642200,2026-05-01T13:30:00.000Z,0,0,,109.51,109.8,107.75,108.11,4628
1777644000,2026-05-01T14:00:00.000Z,0,0,,108.16,108.21,106.23,107.54,5491
1777645800,2026-05-01T14:30:00.000Z,0,0,,107.56,108.64,107.43,108.43,3104
1777647600,2026-05-01T15:00:00.000Z,0,0,,108.46,109.1,108.28,108.68,3886
1777649400,2026-05-01T15:30:00.000Z,0,0,,108.7,108.72,107.45,107.67,2863
1777651200,2026-05-01T16:00:00.000Z,0,0,,107.71,108.64,107.14,108.61,3622
1777653000,2026-05-01T16:30:00.000Z,0,0,,108.63,108.66,107.87,108.3,2069
1777654800,2026-05-01T17:00:00.000Z,0,0,,108.32,108.35,107.91,108.13,1184
1777656600,2026-05-01T17:30:00.000Z,0,0,,108.15,108.27,107.31,107.63,1564
1777658400,2026-05-01T18:00:00.000Z,0,0,,107.66,108.63,107.43,108,2769
1777660200,2026-05-01T18:30:00.000Z,0,0,,108.04,108.75,107.96,108.53,1376
1777662000,2026-05-01T19:00:00.000Z,0,0,,108.52,108.56,108.19,108.33,562
1777663800,2026-05-01T19:30:00.000Z,0,0,,108.35,108.7,108.16,108.6,587
1777665600,2026-05-01T20:00:00.000Z,0,0,,108.59,109.06,108.47,108.93,543
1777667400,2026-05-01T20:30:00.000Z,0,0,,108.92,109.19,108.72,108.83,515
1777669200,2026-05-01T21:00:00.000Z,0,0,,108.99,109.21,108.99,109.05,25
1777671000,2026-05-01T21:30:00.000Z,0,0,,109.07,109.21,109.04,109.21,28
1777845600,2026-05-03T22:00:00.000Z,0,0,,106.6,107.8,105.55,107.51,1602
1777847400,2026-05-03T22:30:00.000Z,0,0,,107.44,107.76,107.2,107.44,372
1777849200,2026-05-03T23:00:00.000Z,0,0,,107.4,108,107.32,108,218
1777851000,2026-05-03T23:30:00.000Z,0,0,,107.94,108.2,107.76,108.16,248
1777852800,2026-05-04T00:00:00.000Z,0,0,,108.18,108.8,108.18,108.59,375
1777854600,2026-05-04T00:30:00.000Z,0,0,,108.52,108.56,107.51,107.56,496
1777856400,2026-05-04T01:00:00.000Z,0,0,,107.6,108.29,107.54,108.26,313
1777858200,2026-05-04T01:30:00.000Z,0,0,,108.27,108.29,108,108.01,256
1777860000,2026-05-04T02:00:00.000Z,0,0,,108.02,108.58,107.85,108.54,386
1777861800,2026-05-04T02:30:00.000Z,0,0,,108.55,108.55,108.18,108.29,108
1777863600,2026-05-04T03:00:00.000Z,0,0,,108.31,108.59,108.25,108.46,170
1777865400,2026-05-04T03:30:00.000Z,0,0,,108.43,108.81,108.39,108.43,215
1777867200,2026-05-04T04:00:00.000Z,0,0,,108.45,108.45,107.84,108.17,283
1777869000,2026-05-04T04:30:00.000Z,0,0,,108.23,108.28,108.02,108.14,151
1777870800,2026-05-04T05:00:00.000Z,0,0,,108.15,108.23,106.53,107.65,1149
1777872600,2026-05-04T05:30:00.000Z,0,0,,107.59,107.76,107.15,107.27,381
1777874400,2026-05-04T06:00:00.000Z,0,0,,107.31,108.11,107.16,107.88,757
1777876200,2026-05-04T06:30:00.000Z,0,0,,107.88,108.97,107.65,108.73,943
1777878000,2026-05-04T07:00:00.000Z,0,0,,108.7,109.33,108.68,108.9,1121
1777879800,2026-05-04T07:30:00.000Z,0,0,,108.92,110.12,108.9,110.08,1683
1777881600,2026-05-04T08:00:00.000Z,0,0,,110.1,110.98,109.86,110.09,3600
1777883400,2026-05-04T08:30:00.000Z,0,0,,110.11,110.12,109.44,109.63,2051
1777885200,2026-05-04T09:00:00.000Z,0,0,,109.65,109.94,109.12,109.82,951
1777887000,2026-05-04T09:30:00.000Z,0,0,,109.81,109.94,109.42,109.85,542
1777888800,2026-05-04T10:00:00.000Z,0,0,,109.83,114.3,109.76,113.63,8906
1777890600,2026-05-04T10:30:00.000Z,0,0,,113.68,113.83,111.15,112.22,5628
1777892400,2026-05-04T11:00:00.000Z,0,0,,112.23,112.51,111.53,111.77,1639
1777894200,2026-05-04T11:30:00.000Z,0,0,,111.82,112.75,111,111.36,2254
1777896000,2026-05-04T12:00:00.000Z,0,0,,111.37,111.41,110.3,110.64,2013
1777897800,2026-05-04T12:30:00.000Z,0,0,,110.59,111.06,109.83,110.57,2202
1777899600,2026-05-04T13:00:00.000Z,0,0,,110.57,112.06,109.75,110.73,5472
1777901400,2026-05-04T13:30:00.000Z,0,0,,110.75,111.08,110.24,110.59,1942
1777903200,2026-05-04T14:00:00.000Z,0,0,,110.61,111.15,109.88,110.93,2975
1777905000,2026-05-04T14:30:00.000Z,0,0,,110.95,112.35,110.66,112.14,3142
1777906800,2026-05-04T15:00:00.000Z,0,0,,112.19,114.26,111.76,113.83,7433
1777908600,2026-05-04T15:30:00.000Z,0,0,,113.88,114.58,113.65,114.07,4334
1777910400,2026-05-04T16:00:00.000Z,0,0,,114.09,115.3,113.73,114.46,5832
1777912200,2026-05-04T16:30:00.000Z,0,0,,114.48,115.06,114.34,114.83,2636
1777914000,2026-05-04T17:00:00.000Z,0,0,,114.84,114.92,113.53,113.61,3598
1777915800,2026-05-04T17:30:00.000Z,0,0,,113.63,114.16,113.54,113.59,1677
1777917600,2026-05-04T18:00:00.000Z,0,0,,113.63,114.88,113.06,114.27,3289
1777919400,2026-05-04T18:30:00.000Z,0,0,,114.29,114.79,114.08,114.28,1320
1777921200,2026-05-04T19:00:00.000Z,0,0,,114.3,114.54,113.47,114.05,1835
1777923000,2026-05-04T19:30:00.000Z,0,0,,114.02,114.25,113.82,114.02,550
1777924800,2026-05-04T20:00:00.000Z,0,0,,114.02,114.11,113.53,113.66,403
1777926600,2026-05-04T20:30:00.000Z,0,0,,113.61,113.99,113.47,113.83,269
1777928400,2026-05-04T21:00:00.000Z,0,0,,113.87,114.21,113.79,114.15,35
1777930200,2026-05-04T21:30:00.000Z,0,0,,114.2,114.22,113.92,114.07,41
1777939200,2026-05-05T00:00:00.000Z,0,0,,114.03,114.03,113.4,113.95,363
1777941000,2026-05-05T00:30:00.000Z,0,0,,113.9,114.07,113.69,113.83,219
1777942800,2026-05-05T01:00:00.000Z,0,0,,113.81,113.96,113.7,113.82,268
1777944600,2026-05-05T01:30:00.000Z,0,0,,113.82,113.85,113.45,113.61,280
1777946400,2026-05-05T02:00:00.000Z,0,0,,113.62,113.63,113.15,113.34,375
1777948200,2026-05-05T02:30:00.000Z,0,0,,113.37,113.4,112.81,113.07,730
1777950000,2026-05-05T03:00:00.000Z,0,0,,113.08,113.26,112.99,113.25,141
1777951800,2026-05-05T03:30:00.000Z,0,0,,113.24,113.31,113.15,113.23,135
1777953600,2026-05-05T04:00:00.000Z,0,0,,113.17,113.26,112.93,112.93,107
1777955400,2026-05-05T04:30:00.000Z,0,0,,112.98,113.21,112.77,113.12,184
1777957200,2026-05-05T05:00:00.000Z,0,0,,113.15,113.56,113.13,113.49,623
1777959000,2026-05-05T05:30:00.000Z,0,0,,113.47,113.64,113.34,113.39,352
1777960800,2026-05-05T06:00:00.000Z,0,0,,113.4,114.44,113.08,114.06,1474
1777962600,2026-05-05T06:30:00.000Z,0,0,,114.07,114.11,113.53,113.72,1176
1777964400,2026-05-05T07:00:00.000Z,0,0,,113.7,113.76,113.22,113.61,1463
1777966200,2026-05-05T07:30:00.000Z,0,0,,113.62,114.1,112.22,113.64,2748
1777968000,2026-05-05T08:00:00.000Z,0,0,,113.66,113.81,112.36,113.05,4058
1777969800,2026-05-05T08:30:00.000Z,0,0,,113.07,113.13,111.9,112.31,2342
1777971600,2026-05-05T09:00:00.000Z,0,0,,112.33,113.24,112.32,112.67,1439
1777973400,2026-05-05T09:30:00.000Z,0,0,,112.68,113.14,112.54,112.85,1001
1777975200,2026-05-05T10:00:00.000Z,0,0,,112.83,113.15,112.75,112.88,781
1777977000,2026-05-05T10:30:00.000Z,0,0,,112.89,113.24,112.3,113.05,1113
1777978800,2026-05-05T11:00:00.000Z,0,0,,113.08,113.76,112.71,112.92,1421
1777980600,2026-05-05T11:30:00.000Z,0,0,,112.94,113.09,112.4,112.45,898
1777982400,2026-05-05T12:00:00.000Z,0,0,,112.46,112.91,111.47,111.59,3543
1777984200,2026-05-05T12:30:00.000Z,0,0,,111.65,112.23,111.39,112.03,1707
1777986000,2026-05-05T13:00:00.000Z,0,0,,112.04,112.2,110.85,111.29,2422
1777987800,2026-05-05T13:30:00.000Z,0,0,,111.29,111.57,110.99,111.02,2089
1777989600,2026-05-05T14:00:00.000Z,0,0,,111.03,111.94,110.03,111,6739
1777991400,2026-05-05T14:30:00.000Z,0,0,,111.02,111.51,110.73,110.79,2668
1777993200,2026-05-05T15:00:00.000Z,0,0,,110.82,111.28,110.42,110.65,3584
1777995000,2026-05-05T15:30:00.000Z,0,0,,110.67,110.74,109.6,110.48,2963
1777996800,2026-05-05T16:00:00.000Z,0,0,,110.49,110.74,110.34,110.61,1458
1777998600,2026-05-05T16:30:00.000Z,0,0,,110.62,110.76,110.19,110.63,1260
1778000400,2026-05-05T17:00:00.000Z,0,0,,110.61,110.7,109.92,109.96,1396
1778002200,2026-05-05T17:30:00.000Z,0,0,,109.97,110.21,109.64,110.12,1436
1778004000,2026-05-05T18:00:00.000Z,0,0,,110.15,110.39,109.68,109.75,2120
1778005800,2026-05-05T18:30:00.000Z,0,0,,109.77,110,109.61,109.68,795
1778007600,2026-05-05T19:00:00.000Z,0,0,,109.69,110,109.61,109.97,504
1778009400,2026-05-05T19:30:00.000Z,0,0,,110,110.38,109.96,110.26,745
1778011200,2026-05-05T20:00:00.000Z,0,0,,110.3,110.43,110.09,110.4,366
1778013000,2026-05-05T20:30:00.000Z,0,0,,110.39,110.59,110.23,110.51,506
1778014800,2026-05-05T21:00:00.000Z,0,0,,110.5,110.84,110.34,110.34,57
1778016600,2026-05-05T21:30:00.000Z,0,0,,110.48,110.6,110.28,110.3,55
1778025600,2026-05-06T00:00:00.000Z,0,0,,107.92,109.02,107.55,108.89,926
1778027400,2026-05-06T00:30:00.000Z,0,0,,108.88,108.91,108.54,108.62,380
1778029200,2026-05-06T01:00:00.000Z,0,0,,108.57,108.87,107.96,108.45,976
1778031000,2026-05-06T01:30:00.000Z,0,0,,108.44,108.47,107.57,107.99,784
1778032800,2026-05-06T02:00:00.000Z,0,0,,107.99,108.16,107.95,108.08,492
1778034600,2026-05-06T02:30:00.000Z,0,0,,108.1,108.2,107.92,108.01,366
1778036400,2026-05-06T03:00:00.000Z,0,0,,108.03,108.48,107.99,108.4,246
1778038200,2026-05-06T03:30:00.000Z,0,0,,108.42,108.42,107.96,108.09,191
1778040000,2026-05-06T04:00:00.000Z,0,0,,108.14,108.26,107.91,107.94,125
1778041800,2026-05-06T04:30:00.000Z,0,0,,107.93,108.09,107.76,108.08,203
1778043600,2026-05-06T05:00:00.000Z,0,0,,108.1,109.02,108.02,108.54,428
1778045400,2026-05-06T05:30:00.000Z,0,0,,108.59,108.75,107.9,107.99,479
1778047200,2026-05-06T06:00:00.000Z,0,0,,108.02,108.4,107.34,108,1127
1778049000,2026-05-06T06:30:00.000Z,0,0,,108.03,108.79,107.8,108.42,992
1778050800,2026-05-06T07:00:00.000Z,0,0,,108.44,108.79,107.89,107.99,1162
1778052600,2026-05-06T07:30:00.000Z,0,0,,107.96,108.36,105.61,105.71,3536
1778054400,2026-05-06T08:00:00.000Z,0,0,,105.71,107.01,105.5,106.79,4648
1778056200,2026-05-06T08:30:00.000Z,0,0,,106.81,106.95,102.75,103.22,8345
1778058000,2026-05-06T09:00:00.000Z,0,0,,103.24,104.18,102.22,103.22,6191
1778059800,2026-05-06T09:30:00.000Z,0,0,,103.2,103.38,101.32,101.47,6725
1778061600,2026-05-06T10:00:00.000Z,0,0,,101.46,101.51,100.31,101.18,5342
1778063400,2026-05-06T10:30:00.000Z,0,0,,101.22,101.22,98.17,98.24,9683
1778065200,2026-05-06T11:00:00.000Z,0,0,,98.28,98.71,96.75,98.13,8350
1778067000,2026-05-06T11:30:00.000Z,0,0,,98.14,100.33,97.81,100.23,5894
1778068800,2026-05-06T12:00:00.000Z,0,0,,100.24,104.22,100.16,102.23,8920
1778070600,2026-05-06T12:30:00.000Z,0,0,,102.26,103.29,102.16,102.93,3801
1778072400,2026-05-06T13:00:00.000Z,0,0,,102.92,104.11,102.8,103.27,4624
1778074200,2026-05-06T13:30:00.000Z,0,0,,103.3,103.61,102.18,102.77,3159
1778076000,2026-05-06T14:00:00.000Z,0,0,,102.76,103.69,101.68,102.35,4314
1778077800,2026-05-06T14:30:00.000Z,0,0,,102.42,102.49,101.22,101.71,4691
1778079600,2026-05-06T15:00:00.000Z,0,0,,101.73,102.83,101.58,101.68,4801
1778081400,2026-05-06T15:30:00.000Z,0,0,,101.69,102.49,101.42,102.19,3079
1778083200,2026-05-06T16:00:00.000Z,0,0,,102.2,102.6,101.72,101.8,1745
1778085000,2026-05-06T16:30:00.000Z,0,0,,101.82,102.98,101.34,102.51,2307
1778086800,2026-05-06T17:00:00.000Z,0,0,,102.49,102.59,101.75,101.79,1417
1778088600,2026-05-06T17:30:00.000Z,0,0,,101.8,101.95,101.48,101.58,1396
1778090400,2026-05-06T18:00:00.000Z,0,0,,101.6,101.65,100.61,101.37,3472
1778092200,2026-05-06T18:30:00.000Z,0,0,,101.4,101.41,100.88,101.35,1005
1778094000,2026-05-06T19:00:00.000Z,0,0,,101.41,101.41,100.9,101.28,887
1778095800,2026-05-06T19:30:00.000Z,0,0,,101.29,101.63,101.09,101.48,767
1778097600,2026-05-06T20:00:00.000Z,0,0,,101.5,101.76,101.28,101.62,459
1778099400,2026-05-06T20:30:00.000Z,0,0,,101.64,102.36,101.46,102,487
1778101200,2026-05-06T21:00:00.000Z,0,0,,102.07,102.1,101.9,101.94,23
1778103000,2026-05-06T21:30:00.000Z,0,0,,101.94,102.01,101.8,101.97,18
1778112000,2026-05-07T00:00:00.000Z,0,0,,101.92,102.55,101.75,102.13,457
1778113800,2026-05-07T00:30:00.000Z,0,0,,102.21,102.38,102.02,102.19,247
1778115600,2026-05-07T01:00:00.000Z,0,0,,102.22,102.46,101.75,101.86,589
1778117400,2026-05-07T01:30:00.000Z,0,0,,101.84,102.02,101.65,101.7,407
1778119200,2026-05-07T02:00:00.000Z,0,0,,101.67,101.95,101.13,101.83,546
1778121000,2026-05-07T02:30:00.000Z,0,0,,101.82,101.91,101.65,101.8,269
1778122800,2026-05-07T03:00:00.000Z,0,0,,101.84,102.2,101.83,102.08,228
1778124600,2026-05-07T03:30:00.000Z,0,0,,102.12,102.18,101.72,102.04,136
1778126400,2026-05-07T04:00:00.000Z,0,0,,102.07,102.1,101.9,101.95,82
1778128200,2026-05-07T04:30:00.000Z,0,0,,101.97,101.98,101.69,101.73,141
1778130000,2026-05-07T05:00:00.000Z,0,0,,101.74,101.98,101.74,101.9,232
1778131800,2026-05-07T05:30:00.000Z,0,0,,101.88,101.91,101.64,101.74,268
1778133600,2026-05-07T06:00:00.000Z,0,0,,101.77,101.88,101.29,101.7,605
1778135400,2026-05-07T06:30:00.000Z,0,0,,101.67,101.73,100.24,100.84,1806
1778137200,2026-05-07T07:00:00.000Z,0,0,,100.87,101,97.44,98.85,6091
1778139000,2026-05-07T07:30:00.000Z,0,0,,98.86,99.99,98.68,99.55,2368
1778140800,2026-05-07T08:00:00.000Z,0,0,,99.57,100.86,99.19,100.07,4247
1778142600,2026-05-07T08:30:00.000Z,0,0,,100.08,100.18,98.94,99.04,1952
1778144400,2026-05-07T09:00:00.000Z,0,0,,99.08,99.36,98.67,98.7,1473
1778146200,2026-05-07T09:30:00.000Z,0,0,,98.73,99.26,98.2,99,2139
1778148000,2026-05-07T10:00:00.000Z,0,0,,99.03,99.26,98.32,98.9,2137
1778149800,2026-05-07T10:30:00.000Z,0,0,,98.88,99.51,98.81,98.99,1297
1778151600,2026-05-07T11:00:00.000Z,0,0,,98.97,99.06,97.78,97.97,1916
1778153400,2026-05-07T11:30:00.000Z,0,0,,97.94,98.31,97.72,98.09,1550
1778155200,2026-05-07T12:00:00.000Z,0,0,,98.11,98.26,96.85,96.92,3546
1778157000,2026-05-07T12:30:00.000Z,0,0,,96.91,97.22,96.03,96.86,3245
1778158800,2026-05-07T13:00:00.000Z,0,0,,96.89,98,96.89,97.42,4113
1778160600,2026-05-07T13:30:00.000Z,0,0,,97.44,98.57,97.04,97.18,4260
1778162400,2026-05-07T14:00:00.000Z,0,0,,97.22,97.31,96.33,97.06,3910
1778164200,2026-05-07T14:30:00.000Z,0,0,,97.08,97.66,96.92,97.25,2907
1778166000,2026-05-07T15:00:00.000Z,1,0,,97.26,98.88,97.23,98.27,5339
1778167800,2026-05-07T15:30:00.000Z,0,0,,98.29,99.27,97.87,99.14,2962
1778169600,2026-05-07T16:00:00.000Z,0,0,,99.16,100.72,99.09,99.97,4312
1778171400,2026-05-07T16:30:00.000Z,0,0,,99.99,101.01,99.89,100.82,2495
1778173200,2026-05-07T17:00:00.000Z,0,0,,100.81,102.5,100.47,102.11,4791
1778175000,2026-05-07T17:30:00.000Z,0,0,,102.15,102.35,100.22,100.61,4202
1778176800,2026-05-07T18:00:00.000Z,0,0,,100.62,100.8,99.93,100.02,3641
1778178600,2026-05-07T18:30:00.000Z,0,0,,100.03,101.72,99.99,100.97,4269
1778180400,2026-05-07T19:00:00.000Z,0,0,,100.96,102.85,100.79,102.4,2961
1778182200,2026-05-07T19:30:00.000Z,0,0,,102.45,102.69,101.21,101.76,2463
1778184000,2026-05-07T20:00:00.000Z,0,0,,101.73,101.89,100,101.24,2159
1778185800,2026-05-07T20:30:00.000Z,0,0,,101.27,103.39,101.08,103.06,2215
1778187600,2026-05-07T21:00:00.000Z,0,0,,103.06,103.88,103.04,103.41,332
1778189400,2026-05-07T21:30:00.000Z,0,0,,103.44,103.61,103.21,103.38,100
1778198400,2026-05-08T00:00:00.000Z,0,0,,102.52,102.92,101.86,102.71,691
1778200200,2026-05-08T00:30:00.000Z,0,0,,102.74,102.75,102.15,102.21,222
1778202000,2026-05-08T01:00:00.000Z,0,0,,102.14,102.14,100.99,101.43,1093
1778203800,2026-05-08T01:30:00.000Z,0,0,,101.42,101.61,101.32,101.59,266
1778205600,2026-05-08T02:00:00.000Z,0,0,,101.58,101.61,101.33,101.54,246
1778207400,2026-05-08T02:30:00.000Z,0,0,,101.53,101.92,100.75,101.33,622
1778209200,2026-05-08T03:00:00.000Z,0,0,,101.32,101.32,101.07,101.23,129
1778211000,2026-05-08T03:30:00.000Z,0,0,,101.2,101.31,100.99,101.19,87
1778212800,2026-05-08T04:00:00.000Z,0,0,,101.16,101.92,101.16,101.75,155
1778214600,2026-05-08T04:30:00.000Z,0,0,,101.71,101.87,101.2,101.32,232
1778216400,2026-05-08T05:00:00.000Z,0,0,,101.27,101.51,100.88,101.37,290
1778218200,2026-05-08T05:30:00.000Z,0,0,,101.4,101.43,100.91,101,238
1778220000,2026-05-08T06:00:00.000Z,0,0,,100.99,101.36,99.62,100.09,1245
1778221800,2026-05-08T06:30:00.000Z,0,0,,100.11,101.01,100.02,100.63,1223
1778223600,2026-05-08T07:00:00.000Z,0,0,,100.67,101.58,100.26,101.26,1571
1778225400,2026-05-08T07:30:00.000Z,0,0,,101.26,101.34,100.67,101.07,1385
1778227200,2026-05-08T08:00:00.000Z,0,0,,101.06,101.42,100.11,100.22,3519
1778229000,2026-05-08T08:30:00.000Z,0,0,,100.24,100.6,99.81,100.31,2002
1778230800,2026-05-08T09:00:00.000Z,0,0,,100.29,100.41,99.55,99.73,1485
1778232600,2026-05-08T09:30:00.000Z,0,0,,99.71,100.98,99.64,100.86,1706
1778234400,2026-05-08T10:00:00.000Z,0,0,,100.89,100.95,99.94,100.05,1316
1778236200,2026-05-08T10:30:00.000Z,0,0,,100.07,100.79,99.89,100.31,1330
1778238000,2026-05-08T11:00:00.000Z,0,0,,100.33,100.77,99.88,100.45,1330
1778239800,2026-05-08T11:30:00.000Z,0,0,,100.46,100.97,100.46,100.57,998
1778241600,2026-05-08T12:00:00.000Z,0,0,,100.6,100.73,100.14,100.35,1422
1778243400,2026-05-08T12:30:00.000Z,0,0,,100.34,100.86,99.94,100.67,1779
1778245200,2026-05-08T13:00:00.000Z,0,0,,100.63,100.86,99.64,99.87,2979
1778247000,2026-05-08T13:30:00.000Z,0,0,,99.88,100.42,99.64,100.16,2324
1778248800,2026-05-08T14:00:00.000Z,0,0,,100.15,101.49,100.14,101.45,3961
1778250600,2026-05-08T14:30:00.000Z,0,0,,101.48,101.83,100.9,101.48,2705
1778252400,2026-05-08T15:00:00.000Z,0,0,,101.51,102.25,101.21,101.67,4680
1778254200,2026-05-08T15:30:00.000Z,0,0,,101.69,102.16,101.16,101.7,3259
1778256000,2026-05-08T16:00:00.000Z,0,0,,101.71,101.77,101.24,101.28,1818
1778257800,2026-05-08T16:30:00.000Z,0,0,,101.29,101.73,101.2,101.62,1136
1778259600,2026-05-08T17:00:00.000Z,0,0,,101.63,101.65,100.88,101.03,1227
1778261400,2026-05-08T17:30:00.000Z,0,0,,101.04,101.27,100.88,101.11,1159
1778263200,2026-05-08T18:00:00.000Z,0,0,,101.15,101.5,100.24,101.26,4115
1778265000,2026-05-08T18:30:00.000Z,0,0,,101.3,101.48,100.84,101.21,1090
1778266800,2026-05-08T19:00:00.000Z,0,0,,101.25,101.37,101.02,101.05,468
1778268600,2026-05-08T19:30:00.000Z,0,0,,101.07,101.17,100.46,100.64,841
1778270400,2026-05-08T20:00:00.000Z,0,0,,100.66,100.78,100.44,100.65,427
1778272200,2026-05-08T20:30:00.000Z,0,0,,100.63,100.64,100.08,100.47,427
1778274000,2026-05-08T21:00:00.000Z,0,0,,100.52,100.66,100.16,100.16,57
1778275800,2026-05-08T21:30:00.000Z,0,0,,100.14,100.28,100.06,100.24,38
1778450400,2026-05-10T22:00:00.000Z,0,0,,104,104.8,103.82,103.87,1516
1778452200,2026-05-10T22:30:00.000Z,0,0,,103.89,104.59,103.87,104.41,485
1778454000,2026-05-10T23:00:00.000Z,0,0,,104.43,104.56,104.36,104.48,265
1778455800,2026-05-10T23:30:00.000Z,0,0,,104.47,104.98,104.37,104.94,320
1778457600,2026-05-11T00:00:00.000Z,0,0,,104.9,104.99,104.51,104.57,242
1778459400,2026-05-11T00:30:00.000Z,0,0,,104.55,105.54,104.54,105.03,628
1778461200,2026-05-11T01:00:00.000Z,0,0,,105.01,105.04,104.45,104.72,897
1778463000,2026-05-11T01:30:00.000Z,0,0,,104.73,105.19,104.59,104.62,517
1778464800,2026-05-11T02:00:00.000Z,0,0,,104.61,104.76,104.47,104.74,210
1778466600,2026-05-11T02:30:00.000Z,0,0,,104.69,105.43,104.67,105.38,311
1778468400,2026-05-11T03:00:00.000Z,0,0,,105.41,105.8,105.38,105.53,383
1778470200,2026-05-11T03:30:00.000Z,0,0,,105.5,105.68,105.39,105.68,201
1778472000,2026-05-11T04:00:00.000Z,0,0,,105.68,105.9,105.65,105.73,178
1778473800,2026-05-11T04:30:00.000Z,0,0,,105.71,105.99,105.69,105.92,98
1778475600,2026-05-11T05:00:00.000Z,0,0,,105.91,105.96,105.35,105.5,528
1778477400,2026-05-11T05:30:00.000Z,0,0,,105.53,105.68,105.23,105.32,451
1778479200,2026-05-11T06:00:00.000Z,0,0,,105.3,105.61,105.22,105.34,588
1778481000,2026-05-11T06:30:00.000Z,0,0,,105.34,105.34,104.38,104.5,1155
1778482800,2026-05-11T07:00:00.000Z,0,0,,104.51,105.04,104.36,104.86,1224
1778484600,2026-05-11T07:30:00.000Z,0,0,,104.87,105.01,104.41,104.48,1282
1778486400,2026-05-11T08:00:00.000Z,0,0,,104.46,104.61,103.22,103.92,3832
1778488200,2026-05-11T08:30:00.000Z,0,0,,103.94,104.11,103.72,103.98,1364
1778490000,2026-05-11T09:00:00.000Z,0,0,,104.01,104.24,103.72,103.87,977
1778491800,2026-05-11T09:30:00.000Z,0,0,,103.88,104.12,103.61,104.06,712
1778493600,2026-05-11T10:00:00.000Z,0,0,,104.08,104.13,103.29,103.69,1552
1778495400,2026-05-11T10:30:00.000Z,0,0,,103.68,104.01,103.44,103.99,1029
1778497200,2026-05-11T11:00:00.000Z,0,0,,104.01,104.09,103.81,103.98,563
1778499000,2026-05-11T11:30:00.000Z,0,0,,104,104.46,103.76,104.26,867
1778500800,2026-05-11T12:00:00.000Z,0,0,,104.27,104.53,103.63,103.7,1134
1778502600,2026-05-11T12:30:00.000Z,0,0,,103.72,104.75,102.87,103.91,2871
1778504400,2026-05-11T13:00:00.000Z,0,0,,103.93,104.02,102.87,103.21,2523
1778506200,2026-05-11T13:30:00.000Z,0,0,,103.22,103.57,102.81,103.1,2147
1778508000,2026-05-11T14:00:00.000Z,0,0,,103.12,103.71,103.09,103.67,1386
1778509800,2026-05-11T14:30:00.000Z,0,0,,103.68,104.29,103.45,103.81,2514
1778511600,2026-05-11T15:00:00.000Z,0,0,,103.78,104.11,103.43,103.62,2359
1778513400,2026-05-11T15:30:00.000Z,0,0,,103.63,104.47,103.43,104,2436
1778515200,2026-05-11T16:00:00.000Z,0,0,,104.01,104.81,103.97,104.7,1473
1778517000,2026-05-11T16:30:00.000Z,0,0,,104.72,105.64,104.61,105.08,2498
1778518800,2026-05-11T17:00:00.000Z,0,0,,105.09,105.1,104.37,104.43,1165
1778520600,2026-05-11T17:30:00.000Z,0,0,,104.47,104.54,104.12,104.36,991
1778522400,2026-05-11T18:00:00.000Z,0,0,,104.35,105.09,103.89,104.2,4698
1778524200,2026-05-11T18:30:00.000Z,0,0,,104.22,104.37,104.05,104.31,821
1778526000,2026-05-11T19:00:00.000Z,0,0,,104.27,104.31,104.06,104.24,265
1778527800,2026-05-11T19:30:00.000Z,0,0,,104.26,104.48,104.07,104.28,545
1778529600,2026-05-11T20:00:00.000Z,0,0,,104.29,104.9,104.18,104.26,940
1778531400,2026-05-11T20:30:00.000Z,0,0,,104.28,104.49,104.2,104.34,218
1778533200,2026-05-11T21:00:00.000Z,0,0,,104.36,104.81,104.31,104.64,105
1778535000,2026-05-11T21:30:00.000Z,0,0,,104.73,104.78,104.5,104.57,34
1778544000,2026-05-12T00:00:00.000Z,0,0,,104.23,104.8,104.23,104.75,236
1778545800,2026-05-12T00:30:00.000Z,0,0,,104.73,104.88,104.59,104.87,158
1778547600,2026-05-12T01:00:00.000Z,0,0,,104.86,105.11,104.51,104.98,372
1778549400,2026-05-12T01:30:00.000Z,0,0,,104.99,105.25,104.9,105.16,392
1778551200,2026-05-12T02:00:00.000Z,0,0,,105.21,105.35,105.11,105.19,158
1778553000,2026-05-12T02:30:00.000Z,0,0,,105.25,105.34,105.04,105.08,118
1778554800,2026-05-12T03:00:00.000Z,0,0,,105.12,105.21,105.08,105.17,90
1778556600,2026-05-12T03:30:00.000Z,0,0,,105.13,105.22,104.98,105.22,80
1778558400,2026-05-12T04:00:00.000Z,0,0,,105.16,105.16,104.67,104.93,132
1778560200,2026-05-12T04:30:00.000Z,0,0,,104.95,104.97,104.76,104.96,73
1778562000,2026-05-12T05:00:00.000Z,0,0,,104.99,104.99,104.71,104.85,97
1778563800,2026-05-12T05:30:00.000Z,0,0,,104.84,105.36,104.74,105.15,208
1778565600,2026-05-12T06:00:00.000Z,0,0,,105.11,105.65,105.09,105.39,735
1778567400,2026-05-12T06:30:00.000Z,0,0,,105.44,106.6,105.36,106.37,1532
1778569200,2026-05-12T07:00:00.000Z,0,0,,106.4,106.56,105.92,106.17,1482
1778571000,2026-05-12T07:30:00.000Z,0,0,,106.14,106.51,106.11,106.47,959
1778572800,2026-05-12T08:00:00.000Z,0,0,,106.46,107.29,106.41,106.97,3186
1778574600,2026-05-12T08:30:00.000Z,0,0,,107,107.13,106.62,106.71,1415
1778576400,2026-05-12T09:00:00.000Z,0,0,,106.76,107.6,106.68,107.34,1769
1778578200,2026-05-12T09:30:00.000Z,0,0,,107.36,107.4,106.69,107.15,1613
1778580000,2026-05-12T10:00:00.000Z,0,0,,107.14,107.43,106.9,107.22,1106
1778581800,2026-05-12T10:30:00.000Z,0,0,,107.24,108.05,107.2,107.8,1317
1778583600,2026-05-12T11:00:00.000Z,0,0,,107.81,108.22,107.33,107.37,1566
1778585400,2026-05-12T11:30:00.000Z,0,0,,107.41,107.67,107.27,107.52,612
1778587200,2026-05-12T12:00:00.000Z,0,0,,107.53,108.1,107.35,107.88,1455
1778589000,2026-05-12T12:30:00.000Z,0,0,,107.91,107.95,107.04,107.19,1646
1778590800,2026-05-12T13:00:00.000Z,0,0,,107.22,108.01,107.11,107.99,1700
1778592600,2026-05-12T13:30:00.000Z,0,0,,108.01,108.32,107.73,108.01,1815
1778594400,2026-05-12T14:00:00.000Z,0,0,,108.01,108.04,107.61,107.96,1570
1778596200,2026-05-12T14:30:00.000Z,0,0,,107.95,108.12,107.47,107.93,1796
1778598000,2026-05-12T15:00:00.000Z,0,0,,107.96,108.45,107.83,108.09,2860
1778599800,2026-05-12T15:30:00.000Z,0,0,,108.12,108.16,107.29,107.65,1783
1778601600,2026-05-12T16:00:00.000Z,0,0,,107.67,107.85,107.33,107.66,1056
1778603400,2026-05-12T16:30:00.000Z,0,0,,107.69,107.81,107.35,107.4,983
1778605200,2026-05-12T17:00:00.000Z,0,0,,107.41,107.41,107.13,107.21,905
1778607000,2026-05-12T17:30:00.000Z,0,0,,107.22,107.55,107.12,107.4,1146
1778608800,2026-05-12T18:00:00.000Z,0,0,,107.41,108.19,107.24,107.93,3265
1778610600,2026-05-12T18:30:00.000Z,0,0,,107.95,108.19,107.87,108.03,817
1778612400,2026-05-12T19:00:00.000Z,0,0,,108.02,108.02,107.65,107.73,365
1778614200,2026-05-12T19:30:00.000Z,0,0,,107.72,107.94,107.64,107.83,358
1778616000,2026-05-12T20:00:00.000Z,0,0,,107.82,107.91,107.64,107.73,179
1778617800,2026-05-12T20:30:00.000Z,0,0,,107.7,107.74,107.3,107.44,516
1778619600,2026-05-12T21:00:00.000Z,0,0,,107.5,107.7,107.32,107.68,135
1778621400,2026-05-12T21:30:00.000Z,0,0,,107.6,107.77,107.46,107.68,48
1778630400,2026-05-13T00:00:00.000Z,0,0,,107.56,107.56,107.03,107.03,540
1778632200,2026-05-13T00:30:00.000Z,0,0,,107.04,107.27,106.09,106.91,629
1778634000,2026-05-13T01:00:00.000Z,0,0,,106.92,106.97,106.69,106.86,226
1778635800,2026-05-13T01:30:00.000Z,0,0,,106.87,107.13,106.82,107.11,196
1778637600,2026-05-13T02:00:00.000Z,0,0,,107.1,107.19,106.97,107.1,117
1778639400,2026-05-13T02:30:00.000Z,0,0,,107.09,107.17,106.11,106.58,450
1778641200,2026-05-13T03:00:00.000Z,0,0,,106.61,106.74,106.36,106.61,410
1778643000,2026-05-13T03:30:00.000Z,0,0,,106.67,106.67,106.35,106.59,165
1778644800,2026-05-13T04:00:00.000Z,0,0,,106.58,106.59,106.41,106.43,75
1778646600,2026-05-13T04:30:00.000Z,0,0,,106.43,106.52,106.2,106.31,211
1778648400,2026-05-13T05:00:00.000Z,0,0,,106.29,106.46,106.2,106.24,120
1778650200,2026-05-13T05:30:00.000Z,0,0,,106.29,106.38,106.12,106.23,302
1778652000,2026-05-13T06:00:00.000Z,0,0,,106.24,106.66,106.14,106.29,711
1778653800,2026-05-13T06:30:00.000Z,0,0,,106.31,106.66,106.29,106.52,499
1778655600,2026-05-13T07:00:00.000Z,0,0,,106.53,106.91,106.26,106.35,1050
1778657400,2026-05-13T07:30:00.000Z,0,0,,106.37,106.94,106.31,106.85,821
1778659200,2026-05-13T08:00:00.000Z,0,0,,106.88,107.22,106.7,106.87,2269
1778661000,2026-05-13T08:30:00.000Z,0,0,,106.89,107.54,106.82,107.33,1223
1778662800,2026-05-13T09:00:00.000Z,0,0,,107.37,107.78,107.19,107.33,941
1778664600,2026-05-13T09:30:00.000Z,0,0,,107.34,107.51,107.06,107.18,714
1778666400,2026-05-13T10:00:00.000Z,0,0,,107.2,107.92,107.17,107.91,704
1778668200,2026-05-13T10:30:00.000Z,0,0,,107.92,108.19,107.8,108.15,934
1778670000,2026-05-13T11:00:00.000Z,0,0,,108.15,108.28,107.82,107.94,858
1778671800,2026-05-13T11:30:00.000Z,0,0,,107.97,108.01,107.45,107.52,758
1778673600,2026-05-13T12:00:00.000Z,0,0,,107.51,107.67,107.29,107.63,763
1778675400,2026-05-13T12:30:00.000Z,0,0,,107.65,108.13,107.59,107.63,1028
1778677200,2026-05-13T13:00:00.000Z,0,0,,107.61,107.65,107.3,107.53,1195
1778679000,2026-05-13T13:30:00.000Z,0,0,,107.57,107.57,107.13,107.54,1385
1778680800,2026-05-13T14:00:00.000Z,0,0,,107.57,108.19,107.55,108.08,1393
1778682600,2026-05-13T14:30:00.000Z,0,0,,108.1,108.26,107.23,107.7,2540
1778684400,2026-05-13T15:00:00.000Z,0,0,,107.74,107.85,107.07,107.13,2578
1778686200,2026-05-13T15:30:00.000Z,0,1,,107.14,107.29,106.41,106.73,2189
1778688000,2026-05-13T16:00:00.000Z,0,0,,106.74,106.76,105.61,105.93,2397
1778689800,2026-05-13T16:30:00.000Z,0,0,,105.96,106.45,105.82,106.34,1563
1778691600,2026-05-13T17:00:00.000Z,0,0,,106.32,106.46,106.13,106.17,872
1778693400,2026-05-13T17:30:00.000Z,0,0,,106.19,106.2,105.83,105.92,949
1778695200,2026-05-13T18:00:00.000Z,0,0,,105.94,106.02,105.55,105.61,1477
1778697000,2026-05-13T18:30:00.000Z,0,0,,105.62,105.77,105.46,105.7,917
1778698800,2026-05-13T19:00:00.000Z,0,0,,105.71,105.86,105.63,105.77,402
1778700600,2026-05-13T19:30:00.000Z,0,0,,105.79,105.95,105.73,105.85,338
1778702400,2026-05-13T20:00:00.000Z,0,0,,105.86,106.08,105.72,105.77,317
1778704200,2026-05-13T20:30:00.000Z,0,0,,105.75,105.78,105.31,105.61,295
1778706000,2026-05-13T21:00:00.000Z,0,0,,105.7,105.86,105.59,105.86,14
1778707800,2026-05-13T21:30:00.000Z,0,0,,105.81,105.85,105.71,105.71,25
1778716800,2026-05-14T00:00:00.000Z,0,0,,105.78,105.9,105.5,105.71,196
1778718600,2026-05-14T00:30:00.000Z,0,0,,105.73,105.88,105.58,105.69,64
1778720400,2026-05-14T01:00:00.000Z,0,0,,105.65,106.19,105.53,105.66,360
1778722200,2026-05-14T01:30:00.000Z,0,0,,105.68,105.74,105.27,105.68,364
1778724000,2026-05-14T02:00:00.000Z,0,0,,105.61,105.89,105.49,105.77,197
1778725800,2026-05-14T02:30:00.000Z,0,0,,105.78,106.12,105.74,106.08,122
1778727600,2026-05-14T03:00:00.000Z,0,0,,106.05,106.12,105.77,105.83,129
1778729400,2026-05-14T03:30:00.000Z,0,0,,105.86,106.2,105.86,105.92,128
1778731200,2026-05-14T04:00:00.000Z,0,0,,105.91,106.06,105.91,105.98,37
1778733000,2026-05-14T04:30:00.000Z,0,0,,106.03,106.1,105.91,105.98,69
1778734800,2026-05-14T05:00:00.000Z,0,0,,105.99,106.35,105.99,106.19,199
1778736600,2026-05-14T05:30:00.000Z,0,0,,106.21,106.4,106.03,106.09,252
1778738400,2026-05-14T06:00:00.000Z,0,0,,106.11,106.12,105.64,105.88,333
1778740200,2026-05-14T06:30:00.000Z,0,0,,105.86,105.86,104.57,105.79,1526
1778742000,2026-05-14T07:00:00.000Z,0,0,,105.8,106.2,105.7,105.89,1198
1778743800,2026-05-14T07:30:00.000Z,0,0,,105.93,106.75,105.88,106.63,1070
1778745600,2026-05-14T08:00:00.000Z,0,0,,106.66,107.13,106.17,106.37,3842
1778747400,2026-05-14T08:30:00.000Z,0,0,,106.39,106.51,105.81,106.26,1665
1778749200,2026-05-14T09:00:00.000Z,0,0,,106.25,106.84,106.09,106.53,1216
1778751000,2026-05-14T09:30:00.000Z,0,0,,106.55,106.61,105.78,105.98,945
1778752800,2026-05-14T10:00:00.000Z,0,0,,106.05,106.12,104.99,105.49,2538
1778754600,2026-05-14T10:30:00.000Z,0,0,,105.5,106.29,105.3,105.66,1680
1778756400,2026-05-14T11:00:00.000Z,0,0,,105.69,105.87,105.32,105.42,899
1778758200,2026-05-14T11:30:00.000Z,0,0,,105.4,105.57,104.59,104.84,1317
1778760000,2026-05-14T12:00:00.000Z,0,0,,104.85,105.04,103.88,104.98,2403
1778761800,2026-05-14T12:30:00.000Z,0,0,,105,105.23,104.74,104.8,1197
1778763600,2026-05-14T13:00:00.000Z,0,0,,104.83,105.19,104.72,104.9,1264
1778765400,2026-05-14T13:30:00.000Z,0,0,,104.92,105.55,104.71,105.36,2331
1778767200,2026-05-14T14:00:00.000Z,0,0,,105.38,106.12,105.24,105.71,1512
1778769000,2026-05-14T14:30:00.000Z,0,0,,105.69,105.88,104.72,104.94,1923
1778770800,2026-05-14T15:00:00.000Z,0,0,,104.96,105.41,104.84,105.09,2370
1778772600,2026-05-14T15:30:00.000Z,0,0,,105.1,105.15,104.66,104.89,1291
1778774400,2026-05-14T16:00:00.000Z,0,0,,104.88,105.05,104.47,104.98,1035
1778776200,2026-05-14T16:30:00.000Z,0,0,,104.97,105.44,104.87,105.2,945
1778778000,2026-05-14T17:00:00.000Z,0,0,,105.19,105.71,105.08,105.6,692
1778779800,2026-05-14T17:30:00.000Z,0,0,,105.63,106.14,105.59,105.97,904
1778781600,2026-05-14T18:00:00.000Z,0,0,,105.99,106.23,105.64,105.75,1675
1778783400,2026-05-14T18:30:00.000Z,0,0,,105.77,106.21,105.67,105.93,569
1778785200,2026-05-14T19:00:00.000Z,0,0,,105.94,106.21,105.84,106.13,309
1778787000,2026-05-14T19:30:00.000Z,0,0,,106.12,106.56,106.11,106.54,457
1778788800,2026-05-14T20:00:00.000Z,0,0,,106.55,106.79,106.39,106.49,409
1778790600,2026-05-14T20:30:00.000Z,0,0,,106.49,106.65,106.48,106.62,163
1778792400,2026-05-14T21:00:00.000Z,0,0,,106.7,106.73,106.34,106.57,46
1778794200,2026-05-14T21:30:00.000Z,0,0,,106.55,106.9,106.52,106.58,58
1778803200,2026-05-15T00:00:00.000Z,0,0,,106.58,106.58,106.3,106.43,239
1778805000,2026-05-15T00:30:00.000Z,0,0,,106.43,106.65,106.39,106.45,161
1778806800,2026-05-15T01:00:00.000Z,0,0,,106.46,107.2,106.26,107.1,306
1778808600,2026-05-15T01:30:00.000Z,0,0,,107.09,107.49,106.73,106.91,564
1778810400,2026-05-15T02:00:00.000Z,0,0,,106.93,107.3,106.89,107.24,161
1778812200,2026-05-15T02:30:00.000Z,0,0,,107.29,107.49,106.69,107.2,661
1778814000,2026-05-15T03:00:00.000Z,0,0,,107.23,107.27,106.98,107.09,183
1778815800,2026-05-15T03:30:00.000Z,0,0,,107.06,107.13,106.87,106.88,117
1778817600,2026-05-15T04:00:00.000Z,0,0,,106.92,107.11,106.92,106.97,55
1778819400,2026-05-15T04:30:00.000Z,0,0,,106.98,107.06,106.9,106.91,68
1778821200,2026-05-15T05:00:00.000Z,0,0,,106.93,107.11,106.91,107.01,126
1778823000,2026-05-15T05:30:00.000Z,0,0,,107.02,107.99,107.02,107.57,629
1778824800,2026-05-15T06:00:00.000Z,0,0,,107.6,107.85,107.39,107.53,749
1778826600,2026-05-15T06:30:00.000Z,0,0,,107.54,107.61,107.29,107.47,574
1778828400,2026-05-15T07:00:00.000Z,0,0,,107.49,107.66,106.94,107.21,794
1778830200,2026-05-15T07:30:00.000Z,0,0,,107.23,107.83,107.16,107.79,1015
1778832000,2026-05-15T08:00:00.000Z,0,0,,107.81,109.24,107.63,109.1,3698
1778833800,2026-05-15T08:30:00.000Z,0,0,,109.13,109.44,108.94,109.02,2274
1778835600,2026-05-15T09:00:00.000Z,0,0,,109.04,109.32,108.64,109.07,1313
1778837400,2026-05-15T09:30:00.000Z,0,0,,109.11,109.68,108.99,109.35,1522
1778839200,2026-05-15T10:00:00.000Z,0,0,,109.33,109.35,108.29,108.57,1833
1778841000,2026-05-15T10:30:00.000Z,0,1,,108.6,108.76,107.15,107.57,3908
1778842800,2026-05-15T11:00:00.000Z,0,0,,107.57,108.36,107.36,108.23,1521
1778844600,2026-05-15T11:30:00.000Z,0,0,,108.22,108.65,108.08,108.52,842
1778846400,2026-05-15T12:00:00.000Z,0,0,,108.55,108.6,107.84,108.16,1201
1778848200,2026-05-15T12:30:00.000Z,0,0,,108.21,108.43,108.16,108.27,774
1778850000,2026-05-15T13:00:00.000Z,0,0,,108.3,108.33,107.78,108.1,1036
1778851800,2026-05-15T13:30:00.000Z,0,0,,108.09,108.73,107.95,108.65,1352
1778853600,2026-05-15T14:00:00.000Z,0,0,,108.68,108.84,107.95,108.5,1731
1778855400,2026-05-15T14:30:00.000Z,0,0,,108.53,109.38,108.45,109.05,1999
1778857200,2026-05-15T15:00:00.000Z,0,0,,109.03,109.14,108.64,108.78,2093
1778859000,2026-05-15T15:30:00.000Z,0,0,,108.79,109.75,108.6,109.44,1767
1778860800,2026-05-15T16:00:00.000Z,0,0,,109.46,109.75,109.13,109.21,1244
1778862600,2026-05-15T16:30:00.000Z,0,0,,109.24,109.31,109.02,109.14,824
1778864400,2026-05-15T17:00:00.000Z,0,0,,109.17,109.21,108.82,109.1,810
1778866200,2026-05-15T17:30:00.000Z,0,0,,109.12,109.26,108.95,109,1003
1778868000,2026-05-15T18:00:00.000Z,0,0,,108.98,109.45,108.96,109.34,2160
1778869800,2026-05-15T18:30:00.000Z,0,0,,109.36,109.63,109.21,109.25,603
1778871600,2026-05-15T19:00:00.000Z,0,0,,109.29,109.5,109.17,109.32,526
1778873400,2026-05-15T19:30:00.000Z,0,0,,109.27,109.47,109.17,109.33,475
1778875200,2026-05-15T20:00:00.000Z,0,0,,109.32,109.63,109.31,109.38,374
1778877000,2026-05-15T20:30:00.000Z,0,0,,109.39,109.42,109.09,109.21,372
1778878800,2026-05-15T21:00:00.000Z,0,0,,109.16,109.46,109.16,109.29,23
1778880600,2026-05-15T21:30:00.000Z,0,0,,109.48,109.48,109.25,109.48,19
1779055200,2026-05-17T22:00:00.000Z,0,0,,109.75,111.35,109.62,110.72,1287
1779057000,2026-05-17T22:30:00.000Z,0,0,,110.65,110.68,110.31,110.34,132
1779058800,2026-05-17T23:00:00.000Z,0,0,,110.36,110.77,110.33,110.76,138
1779060600,2026-05-17T23:30:00.000Z,0,0,,110.76,110.77,110.46,110.52,127
1779062400,2026-05-18T00:00:00.000Z,0,0,,110.53,110.55,110.16,110.37,406
1779064200,2026-05-18T00:30:00.000Z,0,0,,110.33,111.21,110.33,110.99,306
1779066000,2026-05-18T01:00:00.000Z,0,0,,111.01,112,110.61,111.81,1075
1779067800,2026-05-18T01:30:00.000Z,0,0,,111.82,111.83,111.04,111.31,658
1779069600,2026-05-18T02:00:00.000Z,0,0,,111.33,111.69,111.25,111.32,562
1779071400,2026-05-18T02:30:00.000Z,0,0,,111.33,111.46,111.19,111.31,303
1779073200,2026-05-18T03:00:00.000Z,0,0,,111.32,111.35,111.15,111.24,240
1779075000,2026-05-18T03:30:00.000Z,0,0,,111.25,111.41,111.18,111.18,115
1779076800,2026-05-18T04:00:00.000Z,0,0,,111.2,111.36,111.1,111.35,171
1779078600,2026-05-18T04:30:00.000Z,0,0,,111.36,111.37,111.05,111.21,182
1779080400,2026-05-18T05:00:00.000Z,0,0,,111.2,111.38,110.94,111.25,211
1779082200,2026-05-18T05:30:00.000Z,0,0,,111.24,111.35,110.66,110.94,395
1779084000,2026-05-18T06:00:00.000Z,0,0,,110.89,111.47,110.86,111.35,861
1779085800,2026-05-18T06:30:00.000Z,0,0,,111.32,111.5,110.9,110.99,774
1779087600,2026-05-18T07:00:00.000Z,0,1,,110.98,111.02,109.98,110.09,1320
1779089400,2026-05-18T07:30:00.000Z,0,0,,110.09,110.51,109.56,110.34,1945
1779091200,2026-05-18T08:00:00.000Z,0,0,,110.37,110.7,109.74,110.27,2531
1779093000,2026-05-18T08:30:00.000Z,0,0,,110.29,110.44,109.9,110,1293
1779094800,2026-05-18T09:00:00.000Z,0,0,,109.97,110.5,109.83,110.18,1088
1779096600,2026-05-18T09:30:00.000Z,0,0,,110.2,110.2,109.81,110.08,901
1779098400,2026-05-18T10:00:00.000Z,0,0,,110.07,110.36,109.96,110.16,634
1779100200,2026-05-18T10:30:00.000Z,0,0,,110.18,110.61,110.12,110.53,632
1779102000,2026-05-18T11:00:00.000Z,0,0,,110.56,111.38,110.43,110.59,1773
1779103800,2026-05-18T11:30:00.000Z,0,0,,110.61,110.68,108.5,109.16,5320
1779105600,2026-05-18T12:00:00.000Z,0,0,,109.19,109.94,109,109.48,1722
1779107400,2026-05-18T12:30:00.000Z,0,0,,109.46,109.47,106.87,107.51,6170
1779109200,2026-05-18T13:00:00.000Z,0,0,,107.54,108.34,107.38,107.71,3580
1779111000,2026-05-18T13:30:00.000Z,0,0,,107.71,108.52,107.44,107.91,3007
1779112800,2026-05-18T14:00:00.000Z,0,0,,107.92,109.41,107.88,109.33,3796
1779114600,2026-05-18T14:30:00.000Z,0,0,,109.36,110.34,109.25,110.18,2337
1779116400,2026-05-18T15:00:00.000Z,0,0,,110.19,111.11,110.01,111,4766
1779118200,2026-05-18T15:30:00.000Z,0,0,,111.01,111.19,110.75,110.91,1755
1779120000,2026-05-18T16:00:00.000Z,0,0,,110.92,111.64,110.79,111.37,1813
1779121800,2026-05-18T16:30:00.000Z,0,0,,111.4,111.54,110.79,110.98,1238
1779123600,2026-05-18T17:00:00.000Z,0,0,,110.99,111.16,110.2,110.52,1517
1779125400,2026-05-18T17:30:00.000Z,0,0,,110.53,110.95,110.49,110.86,709
1779127200,2026-05-18T18:00:00.000Z,0,0,,110.85,112.72,110.85,112.11,2971
1779129000,2026-05-18T18:30:00.000Z,0,0,,112.12,112.24,111.74,112.18,1159
1779130800,2026-05-18T19:00:00.000Z,0,0,,112.21,112.4,109.29,109.66,5633
1779132600,2026-05-18T19:30:00.000Z,0,0,,109.67,109.71,108.59,109.14,1435
1779134400,2026-05-18T20:00:00.000Z,0,0,,109.13,109.13,108.04,108.59,963
1779136200,2026-05-18T20:30:00.000Z,0,0,,108.62,109.44,108.52,109.29,656
1779138000,2026-05-18T21:00:00.000Z,0,0,,109.27,109.81,109.27,109.58,67
1779139800,2026-05-18T21:30:00.000Z,0,0,,109.69,109.73,109.58,109.68,45
1779148800,2026-05-19T00:00:00.000Z,0,0,,109.1,109.53,109.01,109.38,337
1779150600,2026-05-19T00:30:00.000Z,0,0,,109.39,109.4,109.07,109.26,297
1779152400,2026-05-19T01:00:00.000Z,0,0,,109.26,109.9,109.26,109.72,659
1779154200,2026-05-19T01:30:00.000Z,0,0,,109.7,109.78,109.34,109.49,353
1779156000,2026-05-19T02:00:00.000Z,0,0,,109.51,109.85,109.41,109.56,139
1779157800,2026-05-19T02:30:00.000Z,0,0,,109.54,110.13,109.54,110.01,333
1779159600,2026-05-19T03:00:00.000Z,0,0,,110.02,110.21,109.87,109.95,164
1779161400,2026-05-19T03:30:00.000Z,0,0,,109.91,109.97,109.77,109.95,107
1779163200,2026-05-19T04:00:00.000Z,0,0,,109.91,109.97,109.71,109.84,105
1779165000,2026-05-19T04:30:00.000Z,0,0,,109.82,110,109.66,109.73,164
1779166800,2026-05-19T05:00:00.000Z,0,0,,109.76,110.5,109.69,110.13,368
1779168600,2026-05-19T05:30:00.000Z,0,0,,110.15,110.59,110.11,110.16,334
1779170400,2026-05-19T06:00:00.000Z,0,0,,110.17,110.6,109.62,110.22,813
1779172200,2026-05-19T06:30:00.000Z,0,0,,110.26,110.63,110.11,110.49,770
1779174000,2026-05-19T07:00:00.000Z,0,0,,110.5,110.77,110.26,110.35,938
1779175800,2026-05-19T07:30:00.000Z,0,0,,110.33,110.55,109.83,109.98,1512
1779177600,2026-05-19T08:00:00.000Z,0,0,,110.01,110.81,109.86,110.35,2843
1779179400,2026-05-19T08:30:00.000Z,0,0,,110.37,110.47,110.09,110.32,844
1779181200,2026-05-19T09:00:00.000Z,0,0,,110.33,110.67,110.13,110.42,959
1779183000,2026-05-19T09:30:00.000Z,0,0,,110.41,110.51,109.67,109.89,760
1779184800,2026-05-19T10:00:00.000Z,0,0,,109.9,110.31,109.84,110.17,536
1779186600,2026-05-19T10:30:00.000Z,0,0,,110.16,111.27,110.13,110.59,2290
1779188400,2026-05-19T11:00:00.000Z,0,0,,110.61,111.19,110.58,110.99,1197
1779190200,2026-05-19T11:30:00.000Z,0,0,,111.04,111.1,110.81,111.04,484
1779192000,2026-05-19T12:00:00.000Z,0,0,,111.06,111.07,110.29,110.51,992
1779193800,2026-05-19T12:30:00.000Z,0,0,,110.53,110.64,110.17,110.54,837
1779195600,2026-05-19T13:00:00.000Z,0,0,,110.53,111.48,110.17,111.28,1835
1779197400,2026-05-19T13:30:00.000Z,0,0,,111.29,111.58,110.14,110.39,2454
1779199200,2026-05-19T14:00:00.000Z,0,0,,110.4,110.83,109.57,110.26,3776
1779201000,2026-05-19T14:30:00.000Z,0,0,,110.28,110.89,109.9,110.69,2364
1779202800,2026-05-19T15:00:00.000Z,0,0,,110.7,110.86,110.19,110.58,2579
1779204600,2026-05-19T15:30:00.000Z,0,0,,110.62,110.99,110.35,110.9,1314
1779206400,2026-05-19T16:00:00.000Z,0,0,,110.91,111.11,110.69,110.83,939
1779208200,2026-05-19T16:30:00.000Z,0,0,,110.88,111.12,110.56,110.71,892
1779210000,2026-05-19T17:00:00.000Z,0,0,,110.73,110.98,110.62,110.77,602
1779211800,2026-05-19T17:30:00.000Z,0,0,,110.8,110.8,110.2,110.55,1442
1779213600,2026-05-19T18:00:00.000Z,0,0,,110.51,111.56,110.21,111.49,2206
1779215400,2026-05-19T18:30:00.000Z,0,0,,111.51,111.79,111.28,111.63,1207
1779217200,2026-05-19T19:00:00.000Z,0,0,,111.64,111.64,111.08,111.4,678
1779219000,2026-05-19T19:30:00.000Z,0,0,,111.42,111.46,111.21,111.4,237
1779220800,2026-05-19T20:00:00.000Z,0,0,,111.41,111.52,111.07,111.16,340
1779222600,2026-05-19T20:30:00.000Z,0,0,,111.12,111.13,110.82,110.99,380
1779224400,2026-05-19T21:00:00.000Z,0,0,,111.02,111.3,110.83,110.83,50
1779226200,2026-05-19T21:30:00.000Z,0,0,,110.93,111.01,110.91,110.91,6
1779235200,2026-05-20T00:00:00.000Z,0,0,,110.99,111.06,110.67,110.77,225
1779237000,2026-05-20T00:30:00.000Z,0,0,,110.73,110.93,110.68,110.87,110
1779238800,2026-05-20T01:00:00.000Z,0,0,,110.86,111.47,110.86,111.17,365
1779240600,2026-05-20T01:30:00.000Z,0,0,,111.16,111.43,110.16,110.65,515
1779242400,2026-05-20T02:00:00.000Z,0,0,,110.68,111.06,110.47,111.02,252
1779244200,2026-05-20T02:30:00.000Z,0,0,,111.03,111.49,111.01,111.27,289
1779246000,2026-05-20T03:00:00.000Z,0,0,,111.28,111.41,111,111.03,199
1779247800,2026-05-20T03:30:00.000Z,0,0,,111.04,111.05,110.54,110.66,208
1779249600,2026-05-20T04:00:00.000Z,0,0,,110.65,110.65,110.25,110.47,198
1779251400,2026-05-20T04:30:00.000Z,0,0,,110.46,110.94,110.46,110.88,166
1779253200,2026-05-20T05:00:00.000Z,0,0,,110.85,110.85,110.61,110.7,110
1779255000,2026-05-20T05:30:00.000Z,0,0,,110.71,110.95,110.52,110.84,201
1779256800,2026-05-20T06:00:00.000Z,0,0,,110.87,111.02,110.03,110.14,784
1779258600,2026-05-20T06:30:00.000Z,0,0,,110.13,110.43,109.77,109.87,848
1779260400,2026-05-20T07:00:00.000Z,0,0,,109.85,110.25,109.56,109.72,1037
1779262200,2026-05-20T07:30:00.000Z,0,0,,109.74,110.27,109.67,110.03,1061
1779264000,2026-05-20T08:00:00.000Z,0,0,,110.04,110.11,109.52,109.76,2034
1779265800,2026-05-20T08:30:00.000Z,0,0,,109.78,109.83,108.69,108.93,2196
1779267600,2026-05-20T09:00:00.000Z,0,0,,108.98,109.5,108.5,109.32,1394
1779269400,2026-05-20T09:30:00.000Z,0,0,,109.34,109.56,109.15,109.21,599
1779271200,2026-05-20T10:00:00.000Z,0,0,,109.24,109.35,108.93,109.01,629
1779273000,2026-05-20T10:30:00.000Z,0,0,,109.02,109.03,107.77,108.32,1844
1779274800,2026-05-20T11:00:00.000Z,0,0,,108.34,108.94,108.27,108.7,695
1779276600,2026-05-20T11:30:00.000Z,0,0,,108.69,109.41,108.66,109.09,1225
1779278400,2026-05-20T12:00:00.000Z,0,0,,109.08,109.18,107.91,107.95,1376
1779280200,2026-05-20T12:30:00.000Z,0,0,,107.96,108.56,107.52,108.41,1670
1779282000,2026-05-20T13:00:00.000Z,0,0,,108.45,108.89,108.07,108.88,1583
1779283800,2026-05-20T13:30:00.000Z,0,0,,108.89,108.98,108.42,108.94,1305
1779285600,2026-05-20T14:00:00.000Z,0,0,,108.95,109.46,106.1,106.99,8776
1779287400,2026-05-20T14:30:00.000Z,0,0,,106.98,107.49,106.02,106.96,4855
1779289200,2026-05-20T15:00:00.000Z,0,0,,106.99,107.13,103.24,106.23,12335
1779291000,2026-05-20T15:30:00.000Z,0,0,,106.27,106.33,105.22,105.75,3807
1779292800,2026-05-20T16:00:00.000Z,0,0,,105.79,106.2,104.9,105.99,2627
1779294600,2026-05-20T16:30:00.000Z,0,0,,105.95,106.07,104.44,104.65,2656
1779296400,2026-05-20T17:00:00.000Z,0,0,,104.66,104.86,103.86,104.23,3110
1779298200,2026-05-20T17:30:00.000Z,0,0,,104.22,105.19,103.96,105.17,2374
1779300000,2026-05-20T18:00:00.000Z,0,0,,105.19,105.42,104.81,104.93,2746
1779301800,2026-05-20T18:30:00.000Z,0,0,,104.96,105.1,104.57,104.7,1200
1779303600,2026-05-20T19:00:00.000Z,0,0,,104.71,105.01,104.49,104.94,615
1779305400,2026-05-20T19:30:00.000Z,0,0,,104.92,105.13,104.44,105.07,868
1779307200,2026-05-20T20:00:00.000Z,0,0,,105.07,105.11,104.78,104.91,374
1779309000,2026-05-20T20:30:00.000Z,0,0,,104.94,105.57,104.85,105.47,340
1779310800,2026-05-20T21:00:00.000Z,0,0,,105.51,105.51,105.27,105.27,15
1779312600,2026-05-20T21:30:00.000Z,0,0,,105.36,105.38,105.08,105.15,33
1779321600,2026-05-21T00:00:00.000Z,0,0,,105.25,106.64,105.19,106.1,622
1779323400,2026-05-21T00:30:00.000Z,0,0,,106.11,106.16,105.73,105.79,219
1779325200,2026-05-21T01:00:00.000Z,0,0,,105.8,105.86,105.3,105.46,485
1779327000,2026-05-21T01:30:00.000Z,0,0,,105.49,105.59,105.15,105.27,246
1779328800,2026-05-21T02:00:00.000Z,0,0,,105.28,105.54,105.2,105.35,137
1779330600,2026-05-21T02:30:00.000Z,0,0,,105.34,106.01,105.34,105.88,332
1779332400,2026-05-21T03:00:00.000Z,0,0,,105.95,105.96,105.73,105.75,211
1779334200,2026-05-21T03:30:00.000Z,0,0,,105.74,105.86,105.64,105.79,117
1779336000,2026-05-21T04:00:00.000Z,0,0,,105.78,105.97,105.77,105.93,105
1779337800,2026-05-21T04:30:00.000Z,0,0,,105.96,105.97,105.5,105.54,152
1779339600,2026-05-21T05:00:00.000Z,0,0,,105.52,105.89,105.45,105.87,154
1779341400,2026-05-21T05:30:00.000Z,0,0,,105.9,106.8,105.83,106.08,613
1779343200,2026-05-21T06:00:00.000Z,0,0,,106.17,106.58,105.67,106.13,1056
1779345000,2026-05-21T06:30:00.000Z,0,0,,106.14,106.68,106.13,106.26,643
1779346800,2026-05-21T07:00:00.000Z,0,0,,106.29,106.61,106.26,106.3,572
1779348600,2026-05-21T07:30:00.000Z,0,0,,106.33,106.33,105.91,105.91,592
1779350400,2026-05-21T08:00:00.000Z,0,0,,105.92,105.96,104.72,105.45,3223
1779352200,2026-05-21T08:30:00.000Z,0,0,,105.47,106.16,104.87,105.04,2161
1779354000,2026-05-21T09:00:00.000Z,0,0,,105.09,105.1,104.09,104.14,1875
1779355800,2026-05-21T09:30:00.000Z,0,0,,104.13,104.49,103.68,104.18,1470
1779357600,2026-05-21T10:00:00.000Z,0,0,,104.19,106.34,104.06,106.15,2922
1779359400,2026-05-21T10:30:00.000Z,1,0,,106.17,107.72,106.1,107.37,4331
1779361200,2026-05-21T11:00:00.000Z,0,0,,107.37,107.41,106.53,106.78,2081
1779363000,2026-05-21T11:30:00.000Z,0,0,,106.81,107.06,106.67,106.93,1304
1779364800,2026-05-21T12:00:00.000Z,0,0,,106.96,107.51,106.86,107.45,1157
1779366600,2026-05-21T12:30:00.000Z,0,0,,107.49,107.57,106.68,107.34,2878
1779368400,2026-05-21T13:00:00.000Z,0,0,,107.33,108.77,106.95,108.51,3568
1779370200,2026-05-21T13:30:00.000Z,0,0,,108.54,109.3,106.54,106.77,6107
1779372000,2026-05-21T14:00:00.000Z,0,0,,106.8,107.89,106.58,107.07,3178
1779373800,2026-05-21T14:30:00.000Z,0,0,,107.09,107.77,106.69,107.65,1840
1779375600,2026-05-21T15:00:00.000Z,0,0,,107.67,108.5,107.42,108.16,4234
1779377400,2026-05-21T15:30:00.000Z,0,0,,108.19,108.25,107.03,107.05,1714
1779379200,2026-05-21T16:00:00.000Z,0,0,,107.04,107.09,106.21,106.72,2482
1779381000,2026-05-21T16:30:00.000Z,0,0,,106.75,106.93,106.41,106.42,873
1779382800,2026-05-21T17:00:00.000Z,0,0,,106.41,106.82,103.74,104.75,7273
1779384600,2026-05-21T17:30:00.000Z,0,0,,104.77,105.21,102.17,102.74,5199
1779386400,2026-05-21T18:00:00.000Z,0,0,,102.76,103.92,102.41,102.63,5112
1779388200,2026-05-21T18:30:00.000Z,0,0,,102.63,104.94,102.51,104.66,4500
1779390000,2026-05-21T19:00:00.000Z,0,0,,104.69,104.76,103.82,104.07,1534
1779391800,2026-05-21T19:30:00.000Z,0,0,,104.1,104.96,103.7,104.09,1565
1779393600,2026-05-21T20:00:00.000Z,0,0,,104.08,104.7,103.89,104.66,399
1779395400,2026-05-21T20:30:00.000Z,0,0,,104.7,104.97,104.6,104.91,383
1779397200,2026-05-21T21:00:00.000Z,0,0,,104.95,104.98,104.78,104.79,42
1779399000,2026-05-21T21:30:00.000Z,0,0,,104.78,105.01,104.78,104.91,27
1779408000,2026-05-22T00:00:00.000Z,0,0,,104.62,104.97,104.42,104.92,261
1779409800,2026-05-22T00:30:00.000Z,0,0,,104.86,104.98,104.58,104.79,122
1779411600,2026-05-22T01:00:00.000Z,0,0,,104.82,105.13,104.57,104.93,287
1779413400,2026-05-22T01:30:00.000Z,0,0,,104.91,104.95,104.35,104.38,259
1779415200,2026-05-22T02:00:00.000Z,0,0,,104.39,104.74,104.38,104.57,178
1779417000,2026-05-22T02:30:00.000Z,0,0,,104.56,104.56,104.08,104.17,230
1779418800,2026-05-22T03:00:00.000Z,0,0,,104.18,104.31,104,104.29,152
1779420600,2026-05-22T03:30:00.000Z,0,0,,104.32,104.32,104.19,104.25,46
1779422400,2026-05-22T04:00:00.000Z,0,0,,104.26,104.26,103.77,104.06,106
1779424200,2026-05-22T04:30:00.000Z,0,0,,104.1,104.28,104.03,104.24,81
1779426000,2026-05-22T05:00:00.000Z,0,0,,104.25,104.66,104.22,104.62,162
1779427800,2026-05-22T05:30:00.000Z,1,0,,104.61,105.45,104.58,105.29,367
1779429600,2026-05-22T06:00:00.000Z,0,0,,105.31,105.61,104.81,104.85,446
1779431400,2026-05-22T06:30:00.000Z,0,0,,104.83,105.26,104.76,104.86,389
1779433200,2026-05-22T07:00:00.000Z,0,0,,104.85,105.45,104.81,105.07,720
1779435000,2026-05-22T07:30:00.000Z,0,0,,105.06,105.85,105.06,105.35,1329
1779436800,2026-05-22T08:00:00.000Z,0,0,,105.36,105.69,105,105.33,2492
1779438600,2026-05-22T08:30:00.000Z,0,0,,105.34,106.36,105.29,105.7,1873
1779440400,2026-05-22T09:00:00.000Z,0,0,,105.73,106.07,105.71,105.77,823
1779442200,2026-05-22T09:30:00.000Z,0,0,,105.8,105.84,104.79,105.39,919
1779444000,2026-05-22T10:00:00.000Z,0,0,,105.38,105.49,104.6,105.46,856
1779445800,2026-05-22T10:30:00.000Z,0,0,,105.44,105.81,105.06,105.3,657
1779447600,2026-05-22T11:00:00.000Z,0,0,,105.31,105.63,105.21,105.59,469
1779449400,2026-05-22T11:30:00.000Z,0,0,,105.6,105.63,104.17,104.39,938
1779451200,2026-05-22T12:00:00.000Z,0,0,,104.42,104.62,102.68,103.58,3979
1779453000,2026-05-22T12:30:00.000Z,0,0,,103.6,103.89,103.02,103.05,1273
1779454800,2026-05-22T13:00:00.000Z,0,0,,103.07,103.63,102.25,103.34,2935
1779456600,2026-05-22T13:30:00.000Z,0,0,,103.36,104.7,103.16,104.33,3306
1779458400,2026-05-22T14:00:00.000Z,0,0,,104.38,104.71,104.2,104.28,1406
1779460200,2026-05-22T14:30:00.000Z,0,0,,104.31,104.54,103.97,104.23,1191
1779462000,2026-05-22T15:00:00.000Z,0,0,,104.24,104.58,103.93,103.96,1729
1779463800,2026-05-22T15:30:00.000Z,0,0,,103.98,104.01,103.39,103.54,1311
1779465600,2026-05-22T16:00:00.000Z,0,0,,103.58,103.87,103.29,103.31,1207
1779467400,2026-05-22T16:30:00.000Z,0,0,,103.31,103.82,102.96,103.46,832
1779469200,2026-05-22T17:00:00.000Z,0,0,,103.45,103.95,101.34,101.53,3645
1779471000,2026-05-22T17:30:00.000Z,0,0,,101.59,102.86,101.43,102.67,2375
1779472800,2026-05-22T18:00:00.000Z,0,0,,102.72,103.72,102.62,103.69,2344
1779474600,2026-05-22T18:30:00.000Z,0,0,,103.7,103.73,102.94,103.15,917
1779476400,2026-05-22T19:00:00.000Z,0,0,,103.16,104,103.14,103.92,805
1779478200,2026-05-22T19:30:00.000Z,0,0,,103.95,104.03,103.22,103.38,594
1779480000,2026-05-22T20:00:00.000Z,0,0,,103.37,103.59,102.92,103.22,331
1779481800,2026-05-22T20:30:00.000Z,0,0,,103.28,104.14,103.17,104.01,701
1779483600,2026-05-22T21:00:00.000Z,1,0,,103.95,104.17,103.75,103.97,37
1779485400,2026-05-22T21:30:00.000Z,0,0,,104.05,104.26,104.05,104.24,29
1779660000,2026-05-24T22:00:00.000Z,0,0,,100.73,100.73,98.12,98.73,1755
1779661800,2026-05-24T22:30:00.000Z,0,0,,98.78,98.96,98.15,98.31,575
1779663600,2026-05-24T23:00:00.000Z,0,0,,98.32,98.39,98.08,98.3,238
1779665400,2026-05-24T23:30:00.000Z,0,0,,98.31,98.31,95.12,95.84,245
1779667200,2026-05-25T00:00:00.000Z,0,0,,95.84,96.02,95.56,95.72,346
1779669000,2026-05-25T00:30:00.000Z,0,0,,95.65,95.9,94.76,95.79,687
1779670800,2026-05-25T01:00:00.000Z,0,0,,95.85,96.55,95.7,96.41,856
1779672600,2026-05-25T01:30:00.000Z,0,0,,96.41,96.67,96.3,96.4,522
1779674400,2026-05-25T02:00:00.000Z,0,0,,96.38,96.53,96.05,96.07,290
1779676200,2026-05-25T02:30:00.000Z,0,0,,96.03,96.09,95.55,95.55,493
1779678000,2026-05-25T03:00:00.000Z,0,0,,95.57,95.59,94.71,94.78,741
1779679800,2026-05-25T03:30:00.000Z,0,0,,94.8,94.98,94.11,94.74,609
1779681600,2026-05-25T04:00:00.000Z,0,0,,94.76,95.12,94.76,94.91,200
1779683400,2026-05-25T04:30:00.000Z,0,0,,94.89,95.01,94.71,94.83,171
1779685200,2026-05-25T05:00:00.000Z,0,0,,94.81,94.87,94.46,94.75,262
1779687000,2026-05-25T05:30:00.000Z,0,0,,94.74,94.99,94.63,94.86,335
1779688800,2026-05-25T06:00:00.000Z,0,0,,94.88,95.34,94.75,95.18,562
1779690600,2026-05-25T06:30:00.000Z,0,0,,95.2,95.51,95.2,95.35,515
1779692400,2026-05-25T07:00:00.000Z,0,0,,95.37,96.6,95.27,96.36,1392
1779694200,2026-05-25T07:30:00.000Z,0,0,,96.35,96.44,95.39,95.53,1053
1779696000,2026-05-25T08:00:00.000Z,0,0,,95.54,96.38,95.41,96.33,1277
1779697800,2026-05-25T08:30:00.000Z,0,0,,96.34,96.45,95.53,95.61,966
1779699600,2026-05-25T09:00:00.000Z,0,0,,95.62,95.67,95.15,95.62,773
1779701400,2026-05-25T09:30:00.000Z,0,0,,95.65,95.66,94.74,94.89,950
1779703200,2026-05-25T10:00:00.000Z,0,0,,94.91,94.94,94.44,94.88,817
1779705000,2026-05-25T10:30:00.000Z,0,0,,94.87,94.98,94.42,94.49,652
1779706800,2026-05-25T11:00:00.000Z,0,0,,94.51,95.02,94.4,94.86,572
1779708600,2026-05-25T11:30:00.000Z,0,0,,94.84,94.85,94.19,94.47,896
1779710400,2026-05-25T12:00:00.000Z,0,0,,94.49,94.62,94.01,94.52,877
1779712200,2026-05-25T12:30:00.000Z,0,0,,94.53,95.24,94.48,95.17,752
1779714000,2026-05-25T13:00:00.000Z,1,0,,95.22,95.57,95.06,95.5,891
1779715800,2026-05-25T13:30:00.000Z,0,0,,95.51,95.63,95.04,95.13,817
1779717600,2026-05-25T14:00:00.000Z,0,0,,95.15,95.32,94.89,94.91,600
1779719400,2026-05-25T14:30:00.000Z,0,0,,94.92,95.4,94.91,95.32,696
1779721200,2026-05-25T15:00:00.000Z,0,0,,95.34,95.74,94.45,94.68,2211
1779723000,2026-05-25T15:30:00.000Z,0,0,,94.71,94.81,94.48,94.77,727
1779724800,2026-05-25T16:00:00.000Z,0,0,,94.74,95.26,94.74,94.91,587
1779726600,2026-05-25T16:30:00.000Z,0,0,,94.93,94.98,93.29,93.34,2146
1779728400,2026-05-25T17:00:00.000Z,0,0,,93.39,93.88,93.21,93.63,798
1779753600,2026-05-26T00:00:00.000Z,0,0,,94.4,95.28,94.36,94.92,698
1779755400,2026-05-26T00:30:00.000Z,0,0,,94.93,95.16,94.75,95.09,249
1779757200,2026-05-26T01:00:00.000Z,0,0,,95.1,95.51,94.96,95.42,422
1779759000,2026-05-26T01:30:00.000Z,0,0,,95.45,95.57,95.12,95.24,363
1779760800,2026-05-26T02:00:00.000Z,0,0,,95.22,95.32,95.09,95.17,201
1779762600,2026-05-26T02:30:00.000Z,0,0,,95.16,95.2,94.84,94.99,359
1779764400,2026-05-26T03:00:00.000Z,0,0,,95,95.05,94.86,94.97,176
1779766200,2026-05-26T03:30:00.000Z,0,0,,94.96,95.14,94.91,95.08,108
1779768000,2026-05-26T04:00:00.000Z,0,0,,95.04,95.3,95,95.24,141
1779769800,2026-05-26T04:30:00.000Z,0,0,,95.27,95.58,95.12,95.5,306
1779771600,2026-05-26T05:00:00.000Z,0,0,,95.53,95.97,95.44,95.49,351
1779773400,2026-05-26T05:30:00.000Z,0,0,,95.52,95.64,95.18,95.36,547
1779775200,2026-05-26T06:00:00.000Z,0,0,,95.35,95.78,95.13,95.45,732
1779777000,2026-05-26T06:30:00.000Z,0,0,,95.46,95.66,94.93,95.19,632
1779778800,2026-05-26T07:00:00.000Z,0,0,,95.16,96.34,95.03,95.88,2019
1779780600,2026-05-26T07:30:00.000Z,0,0,,95.9,96.5,95.88,96.15,1773
1779782400,2026-05-26T08:00:00.000Z,0,0,,96.13,96.4,95.96,96.27,2275
1779784200,2026-05-26T08:30:00.000Z,0,0,,96.29,97.08,96.18,96.67,1826
1779786000,2026-05-26T09:00:00.000Z,0,0,,96.68,96.77,96.25,96.55,1285
1779787800,2026-05-26T09:30:00.000Z,0,0,,96.53,96.62,96.11,96.23,990
1779789600,2026-05-26T10:00:00.000Z,0,0,,96.22,96.29,95.27,95.33,1449
1779791400,2026-05-26T10:30:00.000Z,0,0,,95.34,95.62,95.03,95.58,1255
1779793200,2026-05-26T11:00:00.000Z,0,0,,95.6,95.98,95.49,95.79,925
1779795000,2026-05-26T11:30:00.000Z,0,0,,95.83,96.36,95.58,96.13,1321
1779796800,2026-05-26T12:00:00.000Z,0,0,,96.14,96.75,95.86,96.12,1413
1779798600,2026-05-26T12:30:00.000Z,0,0,,96.16,96.44,95.85,96.19,870
1779800400,2026-05-26T13:00:00.000Z,0,0,,96.22,96.49,95.96,96.48,1281
1779802200,2026-05-26T13:30:00.000Z,0,0,,96.51,97.78,96.22,97.43,3077
1779804000,2026-05-26T14:00:00.000Z,0,0,,97.39,97.61,96.74,96.89,2019
1779805800,2026-05-26T14:30:00.000Z,0,0,,96.91,97.56,96.4,97.34,2513
1779807600,2026-05-26T15:00:00.000Z,0,0,,97.33,97.81,97.12,97.76,2924
1779809400,2026-05-26T15:30:00.000Z,0,0,,97.77,97.77,97.12,97.17,1652
1779811200,2026-05-26T16:00:00.000Z,0,0,,97.18,97.47,97.05,97.11,965
1779813000,2026-05-26T16:30:00.000Z,0,0,,97.12,97.28,96.73,97.03,1145
1779814800,2026-05-26T17:00:00.000Z,0,0,,97.02,97.21,96.83,96.98,892
1779816600,2026-05-26T17:30:00.000Z,0,0,,97,97.07,96.51,96.72,1466
1779818400,2026-05-26T18:00:00.000Z,0,0,,96.74,97.2,96.42,96.66,2617
1779820200,2026-05-26T18:30:00.000Z,0,0,,96.67,96.85,96.23,96.45,1285
1779822000,2026-05-26T19:00:00.000Z,0,0,,96.47,96.89,96.45,96.75,1068
1779823800,2026-05-26T19:30:00.000Z,0,0,,96.79,96.82,96.45,96.47,745
1779825600,2026-05-26T20:00:00.000Z,0,0,,96.48,96.7,96.17,96.67,418
1779827400,2026-05-26T20:30:00.000Z,0,0,,96.65,96.82,96.5,96.58,245
1779829200,2026-05-26T21:00:00.000Z,0,0,,96.53,96.67,96.23,96.32,43
1779831000,2026-05-26T21:30:00.000Z,0,0,,96.3,96.35,96.24,96.29,26
1779840000,2026-05-27T00:00:00.000Z,0,0,,96.37,96.45,95.88,96.1,415
1779841800,2026-05-27T00:30:00.000Z,0,0,,96.09,96.17,95.83,95.97,248
1779843600,2026-05-27T01:00:00.000Z,0,0,,96,96.23,95.55,95.89,587
1779845400,2026-05-27T01:30:00.000Z,0,0,,95.85,95.96,95.66,95.82,253
1779847200,2026-05-27T02:00:00.000Z,0,0,,95.82,95.82,95.42,95.56,309
1779849000,2026-05-27T02:30:00.000Z,0,0,,95.61,95.74,95.17,95.4,456
1779850800,2026-05-27T03:00:00.000Z,0,0,,95.43,95.43,94.94,95.06,472
1779852600,2026-05-27T03:30:00.000Z,0,0,,95.05,95.25,95.01,95.06,214
1779854400,2026-05-27T04:00:00.000Z,0,0,,95.07,95.12,94.89,94.98,203
1779856200,2026-05-27T04:30:00.000Z,0,0,,95,95.12,94.94,95.04,314
1779858000,2026-05-27T05:00:00.000Z,0,0,,95.02,95.18,94.86,95.02,305
1779859800,2026-05-27T05:30:00.000Z,0,0,,95.03,95.3,94.81,94.93,549
1779861600,2026-05-27T06:00:00.000Z,0,0,,94.93,95.14,94.66,95,792
1779863400,2026-05-27T06:30:00.000Z,0,0,,95.04,95.16,94.56,94.7,972
1779865200,2026-05-27T07:00:00.000Z,0,0,,94.72,94.92,94.2,94.46,1229
1779867000,2026-05-27T07:30:00.000Z,0,0,,94.45,94.69,94.2,94.27,1282
1779868800,2026-05-27T08:00:00.000Z,0,0,,94.28,94.38,93.58,93.75,2502
1779870600,2026-05-27T08:30:00.000Z,0,0,,93.76,93.95,92.87,93.36,2190
1779872400,2026-05-27T09:00:00.000Z,0,0,,93.39,93.77,92.97,93.27,1618
1779874200,2026-05-27T09:30:00.000Z,0,0,,93.27,93.82,93.27,93.37,1147
1779876000,2026-05-27T10:00:00.000Z,0,0,,93.38,93.86,93.35,93.81,651
1779877800,2026-05-27T10:30:00.000Z,0,0,,93.84,94.07,93.69,93.85,837
1779879600,2026-05-27T11:00:00.000Z,0,0,,93.86,94.48,93.76,94.28,1598
1779881400,2026-05-27T11:30:00.000Z,0,0,,94.3,94.51,94.05,94.16,986
1779883200,2026-05-27T12:00:00.000Z,0,0,,94.18,94.37,92.18,92.44,5225
1779885000,2026-05-27T12:30:00.000Z,0,0,,92.42,92.92,91.75,92.58,4212
1779886800,2026-05-27T13:00:00.000Z,0,0,,92.63,93.48,92.52,93.35,2819
1779888600,2026-05-27T13:30:00.000Z,0,0,,93.39,93.52,92.98,93.39,2012
1779890400,2026-05-27T14:00:00.000Z,0,0,,93.4,93.84,93.11,93.21,2478
1779892200,2026-05-27T14:30:00.000Z,0,0,,93.25,94.25,93.11,94.16,3165
1779894000,2026-05-27T15:00:00.000Z,0,0,,94.15,94.58,93.97,94.03,3243
1779895800,2026-05-27T15:30:00.000Z,0,0,,94.04,94.25,93.35,93.42,3748
1779897600,2026-05-27T16:00:00.000Z,0,0,,93.43,93.78,93.11,93.28,2018
1779899400,2026-05-27T16:30:00.000Z,0,0,,93.29,93.45,92.79,93.29,1277
1779901200,2026-05-27T17:00:00.000Z,0,0,,93.31,93.57,93.03,93.19,1187
1779903000,2026-05-27T17:30:00.000Z,0,0,,93.21,93.23,92.51,92.81,1238
1779904800,2026-05-27T18:00:00.000Z,0,0,,92.8,92.88,92.1,92.22,2432
1779906600,2026-05-27T18:30:00.000Z,0,0,,92.25,92.62,92.13,92.47,765
1779908400,2026-05-27T19:00:00.000Z,0,0,,92.46,92.97,92.35,92.87,434
1779910200,2026-05-27T19:30:00.000Z,0,0,,92.89,93.12,92.7,92.92,616
1779912000,2026-05-27T20:00:00.000Z,0,0,,92.94,93.09,92.82,92.96,225
1779913800,2026-05-27T20:30:00.000Z,0,0,,92.97,93.02,92.84,92.92,147
1779915600,2026-05-27T21:00:00.000Z,0,0,,92.91,93.02,92.9,92.98,11
1779917400,2026-05-27T21:30:00.000Z,0,0,,92.94,92.99,92.83,92.87,6
1779926400,2026-05-28T00:00:00.000Z,0,0,,93.8,94.25,93.57,93.93,636
1779928200,2026-05-28T00:30:00.000Z,0,0,,93.96,94.27,93.95,94.13,273
1779930000,2026-05-28T01:00:00.000Z,0,0,,94.13,94.13,93.74,93.8,406
1779931800,2026-05-28T01:30:00.000Z,0,0,,93.83,94.03,93.64,93.86,296
1779933600,2026-05-28T02:00:00.000Z,0,0,,93.85,93.93,93.66,93.84,216
1779935400,2026-05-28T02:30:00.000Z,0,0,,93.84,94.59,93.55,94.54,842
1779937200,2026-05-28T03:00:00.000Z,0,0,,94.55,95.5,94.55,95.09,1137
1779939000,2026-05-28T03:30:00.000Z,0,0,,95.1,95.75,95.09,95.7,598
1779940800,2026-05-28T04:00:00.000Z,0,0,,95.71,95.98,95.47,95.86,551
1779942600,2026-05-28T04:30:00.000Z,0,0,,95.87,95.88,95.53,95.71,290
1779944400,2026-05-28T05:00:00.000Z,0,0,,95.69,95.75,95.5,95.59,272
1779946200,2026-05-28T05:30:00.000Z,0,0,,95.59,95.59,94.88,95.04,685
1779948000,2026-05-28T06:00:00.000Z,0,0,,95.02,95.09,94.69,94.88,662
1779949800,2026-05-28T06:30:00.000Z,0,0,,94.91,94.97,94.35,94.73,801
1779951600,2026-05-28T07:00:00.000Z,0,0,,94.72,95,94.46,94.89,1076
1779953400,2026-05-28T07:30:00.000Z,0,0,,94.9,95,94.45,94.53,1222
1779955200,2026-05-28T08:00:00.000Z,0,0,,94.56,94.76,94.2,94.54,2930
1779957000,2026-05-28T08:30:00.000Z,0,0,,94.57,94.76,94.31,94.36,1224
1779958800,2026-05-28T09:00:00.000Z,0,0,,94.38,94.48,93.83,94.06,1065
1779960600,2026-05-28T09:30:00.000Z,0,0,,94.05,94.39,93.45,93.84,1182
1779962400,2026-05-28T10:00:00.000Z,0,0,,93.89,94.12,93.71,93.98,801
1779964200,2026-05-28T10:30:00.000Z,0,0,,93.98,95.14,93.98,94.74,1547
1779966000,2026-05-28T11:00:00.000Z,0,0,,94.76,95.04,94.5,94.85,1333
1779967800,2026-05-28T11:30:00.000Z,0,0,,94.9,95.1,94.76,94.8,1054
1779969600,2026-05-28T12:00:00.000Z,0,0,,94.79,94.89,94.48,94.51,971
1779971400,2026-05-28T12:30:00.000Z,0,0,,94.53,94.58,93.83,93.87,1575
1779973200,2026-05-28T13:00:00.000Z,0,0,,93.89,94.43,93.65,94.4,1626
1779975000,2026-05-28T13:30:00.000Z,0,0,,94.43,94.84,94.06,94.29,1802
1779976800,2026-05-28T14:00:00.000Z,0,0,,94.27,94.66,90.79,92.85,9885
1779978600,2026-05-28T14:30:00.000Z,0,0,,92.82,93.69,92.56,93.02,4870
1779980400,2026-05-28T15:00:00.000Z,0,0,,93.06,93.48,92.5,93.33,3058
1779982200,2026-05-28T15:30:00.000Z,0,0,,93.32,93.34,92.78,93.1,2397
1779984000,2026-05-28T16:00:00.000Z,0,0,,93.11,93.58,92.17,92.54,3161
1779985800,2026-05-28T16:30:00.000Z,0,0,,92.56,92.66,91.59,91.81,2287
1779987600,2026-05-28T17:00:00.000Z,0,0,,91.84,92.59,91.76,92.5,1864
1779989400,2026-05-28T17:30:00.000Z,0,0,,92.48,92.54,92.23,92.4,1343
1779991200,2026-05-28T18:00:00.000Z,0,0,,92.42,92.94,92.21,92.7,4429
1779993000,2026-05-28T18:30:00.000Z,0,0,,92.73,93.28,92.7,93.03,1238
1779994800,2026-05-28T19:00:00.000Z,0,0,,93.04,93.14,92.89,93.07,457
1779996600,2026-05-28T19:30:00.000Z,0,0,,93.09,93.29,92.79,93.29,782
1779998400,2026-05-28T20:00:00.000Z,0,0,,93.31,93.47,92.67,92.69,639
1780000200,2026-05-28T20:30:00.000Z,0,0,,92.71,92.88,92.44,92.44,479
1780002000,2026-05-28T21:00:00.000Z,0,0,,92.42,92.55,92.01,92.28,93
1780003800,2026-05-28T21:30:00.000Z,0,0,,92.41,92.49,92.35,92.41,8
1780012800,2026-05-29T00:00:00.000Z,0,0,,92.34,92.5,91.73,91.94,424
1780014600,2026-05-29T00:30:00.000Z,0,0,,91.97,92.44,91.92,92.37,161
1780016400,2026-05-29T01:00:00.000Z,0,0,,92.34,92.49,91.68,92.32,578
1780018200,2026-05-29T01:30:00.000Z,0,0,,92.35,92.43,91.86,91.89,296
1780020000,2026-05-29T02:00:00.000Z,0,0,,91.91,92.13,91.61,91.99,365
1780021800,2026-05-29T02:30:00.000Z,0,0,,92.03,92.21,91.89,91.97,221
1780023600,2026-05-29T03:00:00.000Z,0,0,,91.96,92.03,91.54,91.77,380
1780025400,2026-05-29T03:30:00.000Z,0,0,,91.79,92.45,91.77,92.27,567
1780027200,2026-05-29T04:00:00.000Z,0,0,,92.29,92.36,91.4,91.73,1569
1780029000,2026-05-29T04:30:00.000Z,0,0,,91.75,92.01,91.49,91.69,521
1780030800,2026-05-29T05:00:00.000Z,0,0,,91.71,91.81,91.7,91.75,177
1780032600,2026-05-29T05:30:00.000Z,0,0,,91.78,92.07,91.63,91.94,586
1780034400,2026-05-29T06:00:00.000Z,0,0,,91.95,92.01,91.41,91.47,596
1780036200,2026-05-29T06:30:00.000Z,0,0,,91.48,91.66,91.28,91.49,770
1780038000,2026-05-29T07:00:00.000Z,0,0,,91.5,92.03,91.38,91.91,966
1780039800,2026-05-29T07:30:00.000Z,0,0,,91.94,92.8,91.89,92.64,1392
1780041600,2026-05-29T08:00:00.000Z,0,0,,92.63,92.95,92.45,92.58,1290
1780043400,2026-05-29T08:30:00.000Z,0,0,,92.61,92.77,92.26,92.46,1094
1780045200,2026-05-29T09:00:00.000Z,0,0,,92.47,92.48,90.69,90.86,4032
1780047000,2026-05-29T09:30:00.000Z,0,0,,90.87,91.21,90.66,91.16,1434
1780048800,2026-05-29T10:00:00.000Z,0,0,,91.16,91.48,91.04,91.31,840
1780050600,2026-05-29T10:30:00.000Z,0,0,,91.36,91.43,90.5,91.06,1532
1780052400,2026-05-29T11:00:00.000Z,0,0,,91.05,91.21,90.78,90.89,1180
1780054200,2026-05-29T11:30:00.000Z,0,0,,90.91,91.78,90.9,91.12,1425
1780056000,2026-05-29T12:00:00.000Z,0,0,,91.17,91.54,91.07,91.19,972
1780057800,2026-05-29T12:30:00.000Z,0,0,,91.2,91.6,90.91,91.02,1996
1780059600,2026-05-29T13:00:00.000Z,0,0,,91.02,91.3,90.46,91.03,2793
1780061400,2026-05-29T13:30:00.000Z,0,0,,91.05,91.39,90.83,91.29,1849
1780063200,2026-05-29T14:00:00.000Z,0,0,,91.28,91.96,91.25,91.89,2195
1780065000,2026-05-29T14:30:00.000Z,0,0,,91.91,92.21,90.79,91.18,4862
1780066800,2026-05-29T15:00:00.000Z,0,0,,91.21,91.25,89.93,90.68,6292
1780068600,2026-05-29T15:30:00.000Z,0,0,,90.69,91.3,90.47,91.08,3314
1780070400,2026-05-29T16:00:00.000Z,0,0,,91.07,91.34,90.96,91.09,1354
1780072200,2026-05-29T16:30:00.000Z,0,0,,91.08,91.08,90.28,90.57,2211
1780074000,2026-05-29T17:00:00.000Z,0,0,,90.59,91.17,90.54,90.99,1543
1780075800,2026-05-29T17:30:00.000Z,0,0,,91.02,91.16,90.54,91.08,1367
1780077600,2026-05-29T18:00:00.000Z,0,0,,91.06,91.47,90.9,91.14,2715
1780079400,2026-05-29T18:30:00.000Z,0,0,,91.17,91.75,90.78,91.48,1905
1780081200,2026-05-29T19:00:00.000Z,0,0,,91.5,91.6,91.29,91.46,600
1780083000,2026-05-29T19:30:00.000Z,0,0,,91.47,91.96,91.45,91.87,670
1780084800,2026-05-29T20:00:00.000Z,0,0,,91.87,91.95,91.56,91.69,290
1780086600,2026-05-29T20:30:00.000Z,0,0,,91.69,91.82,91.5,91.66,346
1780088400,2026-05-29T21:00:00.000Z,0,0,,91.52,91.54,91.09,91.17,23
1780090200,2026-05-29T21:30:00.000Z,0,0,,91.51,91.88,91.11,91.88,6
1780264800,2026-05-31T22:00:00.000Z,0,0,,92.58,93.47,92.2,93.14,618
1780266600,2026-05-31T22:30:00.000Z,0,0,,93.18,93.26,92.88,93.22,186
1780268400,2026-05-31T23:00:00.000Z,0,0,,93.25,93.25,92.69,92.86,117
1780270200,2026-05-31T23:30:00.000Z,0,0,,92.84,93.05,92.63,92.88,148
1780272000,2026-06-01T00:00:00.000Z,0,0,,92.89,93.39,92.89,93.29,181
1780273800,2026-06-01T00:30:00.000Z,0,0,,93.27,93.49,92.86,92.91,280
1780275600,2026-06-01T01:00:00.000Z,0,0,,92.94,93.31,92.57,93.26,404
1780277400,2026-06-01T01:30:00.000Z,0,0,,93.26,93.6,93.18,93.3,440
1780279200,2026-06-01T02:00:00.000Z,0,0,,93.33,93.49,93.18,93.29,193
1780281000,2026-06-01T02:30:00.000Z,0,0,,93.3,93.42,92.95,93.08,219
1780282800,2026-06-01T03:00:00.000Z,0,0,,93.07,93.43,92.92,93.13,306
1780284600,2026-06-01T03:30:00.000Z,0,0,,93.14,93.33,92.77,93.28,140
1780286400,2026-06-01T04:00:00.000Z,0,0,,93.33,93.45,93.22,93.23,89
1780288200,2026-06-01T04:30:00.000Z,0,0,,93.24,93.24,92.63,93.03,303
1780290000,2026-06-01T05:00:00.000Z,0,0,,93.07,93.2,92.9,93.15,102
1780291800,2026-06-01T05:30:00.000Z,0,0,,93.17,93.47,93.16,93.22,262
1780293600,2026-06-01T06:00:00.000Z,0,0,,93.24,93.69,93.2,93.63,493
1780295400,2026-06-01T06:30:00.000Z,0,0,,93.62,94.24,93.55,93.75,977
1780297200,2026-06-01T07:00:00.000Z,0,0,,93.76,94.01,93.68,93.92,834
1780299000,2026-06-01T07:30:00.000Z,0,0,,93.95,94.25,93.8,93.95,770
1780300800,2026-06-01T08:00:00.000Z,0,0,,93.93,94.38,93.76,94.24,1170
1780302600,2026-06-01T08:30:00.000Z,0,0,,94.27,94.65,94.12,94.22,1263
1780304400,2026-06-01T09:00:00.000Z,0,0,,94.23,94.49,93.9,94.33,913
1780306200,2026-06-01T09:30:00.000Z,0,0,,94.36,94.38,94.01,94.02,487
1780308000,2026-06-01T10:00:00.000Z,0,0,,94.03,94.21,93.84,93.99,687
1780309800,2026-06-01T10:30:00.000Z,0,0,,93.97,94.24,93.95,94.05,424
1780311600,2026-06-01T11:00:00.000Z,0,0,,94.07,94.18,93.74,93.77,628
1780313400,2026-06-01T11:30:00.000Z,0,0,,93.78,93.88,93.52,93.62,708
1780315200,2026-06-01T12:00:00.000Z,0,0,,93.65,93.71,93.09,93.25,1378
1780317000,2026-06-01T12:30:00.000Z,0,0,,93.26,93.34,92.62,93,1826
1780318800,2026-06-01T13:00:00.000Z,0,0,,93.02,96.1,92.93,95.87,8462
1780320600,2026-06-01T13:30:00.000Z,0,0,,95.87,97.29,95.36,97.21,5331
1780322400,2026-06-01T14:00:00.000Z,0,0,,97.26,97.45,96.03,97.32,4870
1780324200,2026-06-01T14:30:00.000Z,0,0,,97.32,97.62,96.92,97.52,2551
1780326000,2026-06-01T15:00:00.000Z,0,0,,97.53,97.79,96.81,96.99,3205
1780327800,2026-06-01T15:30:00.000Z,0,0,,97.01,97.11,95.65,96.98,4761
1780329600,2026-06-01T16:00:00.000Z,0,0,,96.97,97.58,96.66,97.21,2768
1780331400,2026-06-01T16:30:00.000Z,0,0,,97.2,97.51,95.84,95.91,4135
1780333200,2026-06-01T17:00:00.000Z,0,0,,95.93,96.36,94.54,94.79,2648
1780335000,2026-06-01T17:30:00.000Z,0,0,,94.77,95.34,94.15,94.9,4225
1780336800,2026-06-01T18:00:00.000Z,0,0,,94.89,95.21,94.51,94.97,2336
1780338600,2026-06-01T18:30:00.000Z,0,0,,94.98,95.42,94.94,95.32,645
1780340400,2026-06-01T19:00:00.000Z,0,0,,95.31,95.43,94.93,95.04,589
1780342200,2026-06-01T19:30:00.000Z,0,0,,95.04,95.41,94.96,95.29,422
1780344000,2026-06-01T20:00:00.000Z,0,0,,95.28,95.38,95.07,95.24,259
1780345800,2026-06-01T20:30:00.000Z,0,0,,95.25,95.54,95.1,95.32,375
1780347600,2026-06-01T21:00:00.000Z,0,0,,95.38,95.85,95.37,95.58,47
1780349400,2026-06-01T21:30:00.000Z,0,0,,95.61,95.75,95.23,95.24,43
1780358400,2026-06-02T00:00:00.000Z,0,0,,94.78,95.18,94.6,94.83,297
1780360200,2026-06-02T00:30:00.000Z,0,0,,94.85,95.4,94.77,95.34,194
1780362000,2026-06-02T01:00:00.000Z,0,0,,95.29,95.5,94.42,94.93,740
1780363800,2026-06-02T01:30:00.000Z,0,0,,94.95,94.95,94.32,94.57,287
1780365600,2026-06-02T02:00:00.000Z,0,0,,94.55,94.73,94.3,94.7,259
1780367400,2026-06-02T02:30:00.000Z,0,0,,94.69,94.82,94.4,94.69,391
1780369200,2026-06-02T03:00:00.000Z,0,0,,94.7,94.72,94.42,94.53,201
1780371000,2026-06-02T03:30:00.000Z,0,0,,94.54,94.61,94.21,94.34,130
1780372800,2026-06-02T04:00:00.000Z,0,0,,94.4,94.41,94.08,94.25,126
1780374600,2026-06-02T04:30:00.000Z,0,0,,94.24,94.32,94.11,94.14,70
1780376400,2026-06-02T05:00:00.000Z,0,0,,94.17,94.3,94.07,94.27,87
1780378200,2026-06-02T05:30:00.000Z,0,0,,94.29,94.38,93.83,94.32,377
1780380000,2026-06-02T06:00:00.000Z,0,0,,94.24,94.43,93.96,94.01,401
1780381800,2026-06-02T06:30:00.000Z,0,0,,94,94.58,93.84,94.37,617
1780383600,2026-06-02T07:00:00.000Z,0,0,,94.37,94.62,93.83,94.24,1301
1780385400,2026-06-02T07:30:00.000Z,0,0,,94.23,94.45,93.34,93.57,1450
1780387200,2026-06-02T08:00:00.000Z,0,0,,93.58,93.95,93.13,93.87,3406
1780389000,2026-06-02T08:30:00.000Z,0,0,,93.9,93.9,92.85,93.31,1794
1780390800,2026-06-02T09:00:00.000Z,0,0,,93.32,93.37,92.83,93.34,1066
1780392600,2026-06-02T09:30:00.000Z,0,0,,93.35,93.83,93.29,93.78,1168
1780394400,2026-06-02T10:00:00.000Z,0,0,,93.79,94.15,93.73,93.92,781
1780396200,2026-06-02T10:30:00.000Z,0,0,,93.9,93.96,93.72,93.82,547
1780398000,2026-06-02T11:00:00.000Z,0,0,,93.83,93.93,93.53,93.86,580
1780399800,2026-06-02T11:30:00.000Z,0,0,,93.85,93.98,93.74,93.79,476
1780401600,2026-06-02T12:00:00.000Z,0,0,,93.81,93.87,93.48,93.59,791
1780403400,2026-06-02T12:30:00.000Z,0,0,,93.6,94.35,93.58,94.05,1432
1780405200,2026-06-02T13:00:00.000Z,0,0,,94.06,95.01,94.03,94.86,2928
1780407000,2026-06-02T13:30:00.000Z,0,0,,94.89,95.16,94.67,95.02,1909
1780408800,2026-06-02T14:00:00.000Z,0,0,,95.05,95.39,94.8,95.12,2332
1780410600,2026-06-02T14:30:00.000Z,0,0,,95.14,95.15,94.61,94.9,1764
1780412400,2026-06-02T15:00:00.000Z,0,0,,94.9,94.99,94.51,94.71,2363
1780414200,2026-06-02T15:30:00.000Z,0,0,,94.72,95.79,94.71,95.47,1997
1780416000,2026-06-02T16:00:00.000Z,0,0,,95.49,95.83,95.12,95.79,1760
1780417800,2026-06-02T16:30:00.000Z,0,0,,95.8,96.06,95.64,95.71,1020
1780419600,2026-06-02T17:00:00.000Z,0,0,,95.73,96.08,95.47,96.07,1272
1780421400,2026-06-02T17:30:00.000Z,0,0,,96.04,96.26,95.97,96.13,892
1780423200,2026-06-02T18:00:00.000Z,0,0,,96.16,96.17,95.55,95.97,2545
1780425000,2026-06-02T18:30:00.000Z,0,0,,95.98,96.28,95.97,96.17,620
1780426800,2026-06-02T19:00:00.000Z,0,0,,96.16,96.19,95.92,95.96,427
1780428600,2026-06-02T19:30:00.000Z,0,0,,95.97,96.14,95.87,96.02,371
1780430400,2026-06-02T20:00:00.000Z,0,0,,96.05,96.08,95.86,95.9,151
1780432200,2026-06-02T20:30:00.000Z,0,0,,95.89,95.94,95.73,95.81,339
1780434000,2026-06-02T21:00:00.000Z,0,0,,95.79,95.96,95.73,95.74,11
1780435800,2026-06-02T21:30:00.000Z,0,0,,95.77,96.01,95.77,95.95,18
1780444800,2026-06-03T00:00:00.000Z,0,0,,96.78,97.16,96.58,96.97,761
1780446600,2026-06-03T00:30:00.000Z,0,0,,96.93,96.98,96.62,96.68,277
1780448400,2026-06-03T01:00:00.000Z,0,0,,96.7,97.25,96.44,97.01,509
1780450200,2026-06-03T01:30:00.000Z,0,0,,97.02,97.09,96.88,96.95,241
1780452000,2026-06-03T02:00:00.000Z,0,0,,96.97,97.01,96.73,96.8,186
1780453800,2026-06-03T02:30:00.000Z,0,0,,96.82,97.01,96.69,96.87,206
1780455600,2026-06-03T03:00:00.000Z,0,0,,96.92,96.93,96.71,96.82,124
1780457400,2026-06-03T03:30:00.000Z,0,0,,96.8,96.96,96.7,96.88,123
1780459200,2026-06-03T04:00:00.000Z,0,0,,96.9,97.1,96.89,97.01,82
1780461000,2026-06-03T04:30:00.000Z,0,0,,97.02,97.28,97.01,97.07,145
1780462800,2026-06-03T05:00:00.000Z,0,0,,97.08,97.2,96.97,97.16,125
1780464600,2026-06-03T05:30:00.000Z,0,0,,97.17,97.78,97.09,97.78,537
1780466400,2026-06-03T06:00:00.000Z,0,0,,97.78,97.84,97.44,97.56,820
1780468200,2026-06-03T06:30:00.000Z,0,0,,97.57,98,97.53,97.87,850
1780470000,2026-06-03T07:00:00.000Z,0,0,,97.87,98,97.57,97.89,1163
1780471800,2026-06-03T07:30:00.000Z,0,0,,97.91,98.12,97.72,97.95,973
1780473600,2026-06-03T08:00:00.000Z,0,0,,97.99,98.68,97.76,98.1,3196
1780475400,2026-06-03T08:30:00.000Z,0,0,,98.1,98.56,98.04,98.45,1242
1780477200,2026-06-03T09:00:00.000Z,0,0,,98.46,98.83,98.07,98.5,1256
1780479000,2026-06-03T09:30:00.000Z,0,0,,98.52,98.97,98.28,98.89,1229
1780480800,2026-06-03T10:00:00.000Z,0,0,,98.91,98.99,97.76,98.52,3506
1780482600,2026-06-03T10:30:00.000Z,0,0,,98.53,98.73,98.09,98.28,1070
1780484400,2026-06-03T11:00:00.000Z,0,0,,98.27,98.32,97.9,98,852
1780486200,2026-06-03T11:30:00.000Z,0,0,,98.02,98.19,97.78,97.93,721
1780488000,2026-06-03T12:00:00.000Z,0,0,,97.96,98.43,97.62,98.36,1240
1780489800,2026-06-03T12:30:00.000Z,0,0,,98.38,98.47,97.95,97.96,1205
1780491600,2026-06-03T13:00:00.000Z,0,0,,97.98,98.05,97.11,97.42,2149
1780493400,2026-06-03T13:30:00.000Z,0,0,,97.41,97.48,96.83,96.94,2202
1780495200,2026-06-03T14:00:00.000Z,0,0,,96.95,97.66,96.77,97.31,2483
1780497000,2026-06-03T14:30:00.000Z,0,0,,97.32,97.86,97.15,97.47,2019
1780498800,2026-06-03T15:00:00.000Z,0,0,,97.48,97.85,97.25,97.5,2389
1780500600,2026-06-03T15:30:00.000Z,0,0,,97.51,98.21,97.42,97.93,1946
1780502400,2026-06-03T16:00:00.000Z,0,0,,97.94,98.19,97.72,98.08,1203
1780504200,2026-06-03T16:30:00.000Z,0,0,,98.09,98.1,97.63,97.71,1219
1780506000,2026-06-03T17:00:00.000Z,0,0,,97.69,98.12,97.37,98.01,1226
1780507800,2026-06-03T17:30:00.000Z,0,0,,98.05,98.27,97.97,98.09,805
1780509600,2026-06-03T18:00:00.000Z,0,0,,98.08,98.21,97.67,97.84,1983
1780511400,2026-06-03T18:30:00.000Z,0,0,,97.87,98.33,97.83,97.96,802
1780513200,2026-06-03T19:00:00.000Z,0,0,,97.97,98.06,97.61,98.01,591
1780515000,2026-06-03T19:30:00.000Z,0,0,,97.98,98.06,97.85,97.97,456
1780516800,2026-06-03T20:00:00.000Z,0,0,,97.99,98.1,97.89,97.95,400
1780518600,2026-06-03T20:30:00.000Z,0,0,,97.94,98.11,97.7,97.86,403
1780520400,2026-06-03T21:00:00.000Z,0,0,,97.94,98,96.6,97.16,160
1780522200,2026-06-03T21:30:00.000Z,0,0,,97.19,97.52,97.02,97.38,58
1780531200,2026-06-04T00:00:00.000Z,0,0,,97.2,97.44,96.96,97.32,369
1780533000,2026-06-04T00:30:00.000Z,0,0,,97.34,97.38,96.92,96.93,199
1780534800,2026-06-04T01:00:00.000Z,0,0,,96.98,97.13,96.63,96.66,392
1780536600,2026-06-04T01:30:00.000Z,0,0,,96.65,96.83,96.45,96.66,260
1780538400,2026-06-04T02:00:00.000Z,0,0,,96.66,96.79,96.51,96.66,284
1780540200,2026-06-04T02:30:00.000Z,0,0,,96.68,96.68,96.52,96.54,154
1780542000,2026-06-04T03:00:00.000Z,0,0,,96.56,96.67,96.49,96.63,151
1780543800,2026-06-04T03:30:00.000Z,0,0,,96.66,97.21,96.66,96.86,192
1780545600,2026-06-04T04:00:00.000Z,0,0,,96.85,97.12,96.81,96.96,107
1780547400,2026-06-04T04:30:00.000Z,0,0,,96.99,97.04,96.87,96.89,127
1780549200,2026-06-04T05:00:00.000Z,0,0,,96.91,97.33,96.91,97.31,136
1780551000,2026-06-04T05:30:00.000Z,0,0,,97.3,97.3,96.83,96.83,237
1780552800,2026-06-04T06:00:00.000Z,0,0,,96.87,97.17,96.68,96.9,354
1780554600,2026-06-04T06:30:00.000Z,0,0,,96.91,97.04,96.65,96.92,394
1780556400,2026-06-04T07:00:00.000Z,0,0,,96.94,97.14,96.63,97.01,841
1780558200,2026-06-04T07:30:00.000Z,0,0,,97.03,97.29,96.79,97.09,970
1780560000,2026-06-04T08:00:00.000Z,0,0,,97.13,97.38,96.43,96.5,2906
1780561800,2026-06-04T08:30:00.000Z,0,0,,96.49,96.88,96.06,96.54,2086
1780563600,2026-06-04T09:00:00.000Z,0,0,,96.55,96.73,96.1,96.31,1211
1780565400,2026-06-04T09:30:00.000Z,0,0,,96.32,96.46,95.61,96.1,1461
1780567200,2026-06-04T10:00:00.000Z,0,0,,96.11,96.75,96.1,96.65,1076
1780569000,2026-06-04T10:30:00.000Z,0,0,,96.64,96.82,96.36,96.39,650
1780570800,2026-06-04T11:00:00.000Z,0,0,,96.4,96.43,95.25,95.41,1555
1780572600,2026-06-04T11:30:00.000Z,0,0,,95.4,95.7,94.36,94.39,2416
1780574400,2026-06-04T12:00:00.000Z,0,0,,94.4,94.92,93.93,94.75,3756
1780576200,2026-06-04T12:30:00.000Z,0,0,,94.76,94.95,94.44,94.74,1212
1780578000,2026-06-04T13:00:00.000Z,0,0,,94.76,95.39,94.66,95.32,1746
1780579800,2026-06-04T13:30:00.000Z,0,0,,95.33,95.41,94.63,94.8,1799
1780581600,2026-06-04T14:00:00.000Z,0,0,,94.82,95.27,94.62,95.18,1572
1780583400,2026-06-04T14:30:00.000Z,0,0,,95.19,95.44,95.07,95.35,1184
1780585200,2026-06-04T15:00:00.000Z,0,0,,95.36,95.46,94.76,94.79,2084
1780587000,2026-06-04T15:30:00.000Z,0,0,,94.84,95.34,94.72,95.07,1379
1780588800,2026-06-04T16:00:00.000Z,0,0,,95.06,95.17,94.83,95.08,763
1780590600,2026-06-04T16:30:00.000Z,0,0,,95.07,95.16,94.6,94.76,786
1780592400,2026-06-04T17:00:00.000Z,0,0,,94.77,94.88,94.53,94.55,594
1780594200,2026-06-04T17:30:00.000Z,0,0,,94.56,94.77,94.34,94.62,763
1780596000,2026-06-04T18:00:00.000Z,0,0,,94.64,95.21,94.14,95.13,2931
1780597800,2026-06-04T18:30:00.000Z,0,0,,95.16,95.44,95.03,95.28,980
1780599600,2026-06-04T19:00:00.000Z,0,0,,95.34,95.4,95.13,95.16,255
1780601400,2026-06-04T19:30:00.000Z,0,0,,95.15,95.36,95.06,95.27,265
1780603200,2026-06-04T20:00:00.000Z,0,0,,95.27,95.32,95.13,95.23,187
1780605000,2026-06-04T20:30:00.000Z,0,0,,95.25,95.3,95.1,95.13,124
1780606800,2026-06-04T21:00:00.000Z,0,0,,95.15,95.37,95.08,95.31,27
1780608600,2026-06-04T21:30:00.000Z,0,0,,95.35,95.43,95.2,95.35,42
1780617600,2026-06-05T00:00:00.000Z,0,0,,95.29,95.32,94.97,95.01,284
1780619400,2026-06-05T00:30:00.000Z,0,0,,94.98,95.19,94.92,94.95,175
1780621200,2026-06-05T01:00:00.000Z,0,0,,94.91,95.42,94.79,95.36,317
1780623000,2026-06-05T01:30:00.000Z,0,0,,95.39,95.5,95.21,95.46,187
1780624800,2026-06-05T02:00:00.000Z,0,0,,95.45,95.83,95.41,95.7,393
1780626600,2026-06-05T02:30:00.000Z,0,0,,95.73,95.9,95.7,95.74,267
1780628400,2026-06-05T03:00:00.000Z,0,0,,95.75,95.79,95.27,95.45,295
1780630200,2026-06-05T03:30:00.000Z,0,0,,95.42,95.49,95.29,95.42,140
1780632000,2026-06-05T04:00:00.000Z,0,0,,95.46,95.46,95.24,95.38,138
1780633800,2026-06-05T04:30:00.000Z,0,0,,95.4,95.43,95.27,95.36,126
1780635600,2026-06-05T05:00:00.000Z,0,0,,95.33,95.51,95.33,95.35,178
1780637400,2026-06-05T05:30:00.000Z,0,0,,95.34,95.56,95.29,95.31,286
1780639200,2026-06-05T06:00:00.000Z,0,0,,95.3,95.5,95.01,95.16,538
1780641000,2026-06-05T06:30:00.000Z,0,0,,95.15,95.22,94.98,95.08,489
1780642800,2026-06-05T07:00:00.000Z,0,0,,95.07,95.15,94.4,94.41,927
1780644600,2026-06-05T07:30:00.000Z,0,0,,94.44,94.99,94.35,94.89,975
1780646400,2026-06-05T08:00:00.000Z,0,0,,94.9,95.1,93.67,93.67,2754
1780648200,2026-06-05T08:30:00.000Z,0,0,,93.68,95.11,93.64,94.95,2215
1780650000,2026-06-05T09:00:00.000Z,0,0,,94.97,95.19,94.07,94.69,2552
1780651800,2026-06-05T09:30:00.000Z,0,0,,94.72,95.01,94.51,94.93,943
1780653600,2026-06-05T10:00:00.000Z,0,0,,94.94,95.04,94.55,94.68,684
1780655400,2026-06-05T10:30:00.000Z,0,0,,94.66,95.06,94.56,94.85,666
1780657200,2026-06-05T11:00:00.000Z,1,0,,94.86,95.43,94.81,94.89,950
1780659000,2026-06-05T11:30:00.000Z,0,0,,94.93,94.99,94.5,94.81,751
1780660800,2026-06-05T12:00:00.000Z,0,0,,94.83,95.16,94.68,94.9,579
1780662600,2026-06-05T12:30:00.000Z,0,0,,94.93,95.11,94.52,94.57,872
1780664400,2026-06-05T13:00:00.000Z,0,0,,94.58,94.76,93.87,94.32,1690
1780666200,2026-06-05T13:30:00.000Z,0,0,,94.32,94.39,93.73,93.98,1971
1780668000,2026-06-05T14:00:00.000Z,0,0,,93.97,94.14,93.1,93.91,3625
1780669800,2026-06-05T14:30:00.000Z,0,0,,93.89,94.12,93.54,93.88,1334
1780671600,2026-06-05T15:00:00.000Z,0,0,,93.91,94.06,93.51,93.71,2249
1780673400,2026-06-05T15:30:00.000Z,0,0,,93.72,93.83,93.2,93.46,1500
1780675200,2026-06-05T16:00:00.000Z,0,0,,93.49,93.67,92.8,92.99,1575
1780677000,2026-06-05T16:30:00.000Z,0,0,,93,93.05,92.67,92.98,1194
1780678800,2026-06-05T17:00:00.000Z,0,0,,93,93.15,92.77,92.84,784
1780680600,2026-06-05T17:30:00.000Z,0,0,,92.86,93.24,92.79,92.94,1012
1780682400,2026-06-05T18:00:00.000Z,0,0,,92.94,93.24,92.85,93.12,1941
1780684200,2026-06-05T18:30:00.000Z,0,0,,93.15,93.29,92.71,92.93,989
1780686000,2026-06-05T19:00:00.000Z,0,0,,92.94,93,92.74,92.85,415
1780687800,2026-06-05T19:30:00.000Z,0,0,,92.88,93.11,92.8,92.95,364
1780689600,2026-06-05T20:00:00.000Z,0,0,,92.96,93.16,92.91,93.11,288
1780691400,2026-06-05T20:30:00.000Z,0,0,,93.13,93.13,92.82,92.88,195
1780693200,2026-06-05T21:00:00.000Z,0,0,,92.94,93.07,92.82,92.88,24
1780695000,2026-06-05T21:30:00.000Z,0,0,,93.03,93.07,92.79,92.79,16
1780869600,2026-06-07T22:00:00.000Z,1,0,,95.5,96.47,95.39,95.8,1867
1780871400,2026-06-07T22:30:00.000Z,0,0,,95.79,95.93,95.29,95.56,643
1780873200,2026-06-07T23:00:00.000Z,0,0,,95.59,95.66,95.26,95.31,202
1780875000,2026-06-07T23:30:00.000Z,0,0,,95.32,95.62,95.2,95.46,192
1780876800,2026-06-08T00:00:00.000Z,0,0,,95.48,95.52,95.21,95.31,221
1780878600,2026-06-08T00:30:00.000Z,0,0,,95.33,95.44,95.1,95.21,317
1780880400,2026-06-08T01:00:00.000Z,0,0,,95.19,96.9,95,96.82,1970
1780882200,2026-06-08T01:30:00.000Z,0,0,,96.85,97.15,95.8,95.88,1514
1780884000,2026-06-08T02:00:00.000Z,0,0,,95.87,96.72,95.82,96.55,592
1780885800,2026-06-08T02:30:00.000Z,0,0,,96.56,96.93,96.06,96.45,1271
1780887600,2026-06-08T03:00:00.000Z,0,0,,96.43,96.79,96.3,96.43,400
1780889400,2026-06-08T03:30:00.000Z,0,0,,96.31,96.43,96.19,96.36,274
1780891200,2026-06-08T04:00:00.000Z,0,0,,96.41,96.8,96.36,96.71,281
1780893000,2026-06-08T04:30:00.000Z,0,0,,96.7,97.37,96.67,97.25,740
1780894800,2026-06-08T05:00:00.000Z,0,0,,97.23,97.47,96.92,97.08,489
1780896600,2026-06-08T05:30:00.000Z,0,0,,97.07,97.77,96.94,97.44,887
1780898400,2026-06-08T06:00:00.000Z,0,0,,97.39,97.6,96.92,97.19,1458
1780900200,2026-06-08T06:30:00.000Z,0,0,,97.21,97.83,97.2,97.64,1589
1780902000,2026-06-08T07:00:00.000Z,0,0,,97.63,97.87,97.21,97.39,1588
1780903800,2026-06-08T07:30:00.000Z,0,0,,97.4,97.76,96.95,97.59,1745
1780905600,2026-06-08T08:00:00.000Z,0,0,,97.59,98.08,97.14,97.14,3664
1780907400,2026-06-08T08:30:00.000Z,0,0,,97.17,97.73,96.92,97.39,1822
1780909200,2026-06-08T09:00:00.000Z,0,0,,97.38,97.5,97.02,97.29,956
1780911000,2026-06-08T09:30:00.000Z,0,0,,97.31,97.31,96.59,96.85,2128
1780912800,2026-06-08T10:00:00.000Z,0,0,,96.86,97.6,96.4,96.93,2024
1780914600,2026-06-08T10:30:00.000Z,0,0,,96.93,96.98,95.84,96.11,2663
1780916400,2026-06-08T11:00:00.000Z,0,0,,96.08,96.29,94.36,94.46,4965
1780918200,2026-06-08T11:30:00.000Z,0,0,,94.47,94.78,93.91,94.08,2090
1780920000,2026-06-08T12:00:00.000Z,0,0,,94.07,94.94,93.92,94.47,1897
1780921800,2026-06-08T12:30:00.000Z,0,0,,94.48,95.11,94.33,94.86,1292
1780923600,2026-06-08T13:00:00.000Z,0,0,,94.9,94.92,93.92,94.15,1791
1780925400,2026-06-08T13:30:00.000Z,0,0,,94.16,94.42,93.64,94.26,1936
1780927200,2026-06-08T14:00:00.000Z,0,0,,94.22,94.64,94.16,94.53,1378
1780929000,2026-06-08T14:30:00.000Z,0,0,,94.54,95.22,94.24,94.68,1941
1780930800,2026-06-08T15:00:00.000Z,0,0,,94.69,95.16,94.3,94.8,1957
1780932600,2026-06-08T15:30:00.000Z,0,0,,94.81,94.85,94.44,94.75,1167
1780934400,2026-06-08T16:00:00.000Z,0,0,,94.77,94.89,94.24,94.76,1083
1780936200,2026-06-08T16:30:00.000Z,0,0,,94.78,94.79,94.18,94.53,808
1780938000,2026-06-08T17:00:00.000Z,0,0,,94.56,94.56,94.11,94.11,831
1780939800,2026-06-08T17:30:00.000Z,0,0,,94.15,94.37,93.99,94.3,1003
1780941600,2026-06-08T18:00:00.000Z,0,0,,94.32,94.46,94.08,94.2,1487
1780943400,2026-06-08T18:30:00.000Z,0,0,,94.23,94.27,93.92,94.23,564
1780945200,2026-06-08T19:00:00.000Z,0,0,,94.23,94.35,94.11,94.31,290
1780947000,2026-06-08T19:30:00.000Z,0,0,,94.32,94.46,94.12,94.2,269
1780948800,2026-06-08T20:00:00.000Z,0,0,,94.23,94.51,94.15,94.16,367
1780950600,2026-06-08T20:30:00.000Z,0,0,,94.18,94.3,94.08,94.19,133
1780952400,2026-06-08T21:00:00.000Z,0,0,,94.21,94.34,94.01,94.01,20
1780954200,2026-06-08T21:30:00.000Z,0,0,,94.02,94.14,93.99,94.1,15
1780963200,2026-06-09T00:00:00.000Z,0,0,,94.41,94.42,93.96,93.97,192
1780965000,2026-06-09T00:30:00.000Z,0,0,,94,94.37,93.83,94.09,163
1780966800,2026-06-09T01:00:00.000Z,0,0,,94.06,94.17,93.72,93.77,310
1780968600,2026-06-09T01:30:00.000Z,0,0,,93.73,94.05,93.6,93.97,254
1780970400,2026-06-09T02:00:00.000Z,0,0,,93.96,94.04,93.52,93.91,155
1780972200,2026-06-09T02:30:00.000Z,0,0,,93.88,93.89,93.47,93.61,201
1780974000,2026-06-09T03:00:00.000Z,0,0,,93.63,93.69,93.38,93.49,250
1780975800,2026-06-09T03:30:00.000Z,0,0,,93.48,93.48,93.11,93.33,224
1780977600,2026-06-09T04:00:00.000Z,0,0,,93.36,93.52,93.29,93.52,86
1780979400,2026-06-09T04:30:00.000Z,0,0,,93.53,93.62,93.35,93.52,119
1780981200,2026-06-09T05:00:00.000Z,0,0,,93.51,93.57,93.17,93.28,147
1780983000,2026-06-09T05:30:00.000Z,0,0,,93.25,93.4,93.01,93.34,343
1780984800,2026-06-09T06:00:00.000Z,0,0,,93.33,93.36,92.81,93.1,827
1780986600,2026-06-09T06:30:00.000Z,0,0,,93.13,93.37,92.9,93.24,735
1780988400,2026-06-09T07:00:00.000Z,0,0,,93.22,93.44,92.96,93.09,827
1780990200,2026-06-09T07:30:00.000Z,0,0,,93.08,93.2,92.67,92.93,1204
1780992000,2026-06-09T08:00:00.000Z,0,0,,92.98,93.11,92.35,92.53,2524
1780993800,2026-06-09T08:30:00.000Z,0,0,,92.55,92.68,92,92.53,1590
1780995600,2026-06-09T09:00:00.000Z,0,0,,92.55,92.67,92.06,92.14,878
1780997400,2026-06-09T09:30:00.000Z,0,0,,92.11,92.53,92.03,92.49,802
1780999200,2026-06-09T10:00:00.000Z,0,0,,92.49,92.79,92.43,92.56,765
1781001000,2026-06-09T10:30:00.000Z,0,0,,92.58,92.67,92,92.25,850
1781002800,2026-06-09T11:00:00.000Z,0,0,,92.23,92.73,92.2,92.55,637
1781004600,2026-06-09T11:30:00.000Z,0,0,,92.54,93.07,92.49,92.78,1139
1781006400,2026-06-09T12:00:00.000Z,0,0,,92.76,93.05,92.51,92.98,883
1781008200,2026-06-09T12:30:00.000Z,0,0,,92.99,93.05,92.39,92.49,1195
1781010000,2026-06-09T13:00:00.000Z,0,0,,92.5,92.89,91.91,91.95,2757
1781011800,2026-06-09T13:30:00.000Z,0,0,,91.99,92.01,90.82,91.11,4112
1781013600,2026-06-09T14:00:00.000Z,0,0,,91.1,91.62,90.74,90.74,2354
1781015400,2026-06-09T14:30:00.000Z,0,0,,90.77,91.47,90.67,91.2,1862
1781017200,2026-06-09T15:00:00.000Z,0,0,,91.19,91.26,90.71,91.01,1773
1781019000,2026-06-09T15:30:00.000Z,0,0,,91.02,91.12,90.14,90.16,2052
1781020800,2026-06-09T16:00:00.000Z,0,0,,90.17,90.25,89.57,90.16,2532
1781022600,2026-06-09T16:30:00.000Z,0,0,,90.17,92.97,89.91,91.43,8713
1781024400,2026-06-09T17:00:00.000Z,0,0,,91.44,91.94,90.76,91.11,2628
1781026200,2026-06-09T17:30:00.000Z,0,0,,91.15,91.85,91.09,91.51,1573
1781028000,2026-06-09T18:00:00.000Z,0,0,,91.53,91.93,91.33,91.39,2587
1781029800,2026-06-09T18:30:00.000Z,0,0,,91.41,91.64,91.25,91.41,787
1781031600,2026-06-09T19:00:00.000Z,0,0,,91.44,91.57,91.29,91.47,312
1781033400,2026-06-09T19:30:00.000Z,0,0,,91.45,91.9,91.36,91.56,594
1781035200,2026-06-09T20:00:00.000Z,0,0,,91.61,91.8,91.51,91.72,413
1781037000,2026-06-09T20:30:00.000Z,0,0,,91.7,92.03,91.54,91.84,386
1781038800,2026-06-09T21:00:00.000Z,0,0,,91.83,92.32,91.56,92.31,238
1781040600,2026-06-09T21:30:00.000Z,0,0,,92.28,92.56,92.15,92.33,99
1781049600,2026-06-10T00:00:00.000Z,0,0,,92.6,93.09,92.15,92.95,865
1781051400,2026-06-10T00:30:00.000Z,0,0,,92.92,93.26,92.18,92.25,519
1781053200,2026-06-10T01:00:00.000Z,0,0,,92.24,92.49,91.66,91.97,762
1781055000,2026-06-10T01:30:00.000Z,0,0,,91.98,92.74,91.94,92.59,478
1781056800,2026-06-10T02:00:00.000Z,0,0,,92.61,92.77,92.05,92.25,324
1781058600,2026-06-10T02:30:00.000Z,0,0,,92.26,92.37,92.04,92.29,200
1781060400,2026-06-10T03:00:00.000Z,0,0,,92.3,92.46,92.2,92.34,130
1781062200,2026-06-10T03:30:00.000Z,0,0,,92.34,92.34,91.87,91.95,140
1781064000,2026-06-10T04:00:00.000Z,0,0,,91.93,92.15,91.93,92.12,98
1781065800,2026-06-10T04:30:00.000Z,0,0,,92.2,92.2,91.87,91.88,121
1781067600,2026-06-10T05:00:00.000Z,0,0,,91.92,91.99,91.32,91.45,300
1781069400,2026-06-10T05:30:00.000Z,0,0,,91.45,91.55,91.15,91.33,577
1781071200,2026-06-10T06:00:00.000Z,0,0,,91.34,91.4,90.8,91.17,813
1781073000,2026-06-10T06:30:00.000Z,0,0,,91.19,91.57,91.04,91.52,617
1781074800,2026-06-10T07:00:00.000Z,0,0,,91.54,91.56,90.93,91.5,1050
1781076600,2026-06-10T07:30:00.000Z,0,0,,91.49,91.99,91.38,91.4,1176
1781078400,2026-06-10T08:00:00.000Z,0,0,,91.4,92.33,91.31,91.98,2579
1781080200,2026-06-10T08:30:00.000Z,0,0,,92.01,92.14,90.77,91.06,1516
1781082000,2026-06-10T09:00:00.000Z,0,0,,91.09,91.21,90.79,91.14,984
1781083800,2026-06-10T09:30:00.000Z,0,0,,91.13,91.68,90.93,91.16,919
1781085600,2026-06-10T10:00:00.000Z,0,0,,91.18,91.61,91.12,91.28,613
1781087400,2026-06-10T10:30:00.000Z,0,0,,91.34,91.37,90.86,91.16,815
1781089200,2026-06-10T11:00:00.000Z,0,0,,91.14,93.47,90.91,92.93,7021
1781091000,2026-06-10T11:30:00.000Z,0,0,,92.96,93.37,92.72,93.08,2380
1781092800,2026-06-10T12:00:00.000Z,0,0,,93.09,93.14,92.56,92.75,2201
1781094600,2026-06-10T12:30:00.000Z,0,0,,92.72,92.81,91.81,92.13,1700
1781096400,2026-06-10T13:00:00.000Z,0,0,,92.12,92.73,92.02,92.37,1451
1781098200,2026-06-10T13:30:00.000Z,0,0,,92.39,92.89,92.08,92.76,1460
1781100000,2026-06-10T14:00:00.000Z,0,0,,92.77,92.93,92.52,92.73,1508
1781101800,2026-06-10T14:30:00.000Z,0,0,,92.67,93.21,92.65,93.12,2093
1781103600,2026-06-10T15:00:00.000Z,0,0,,93.13,93.17,92.44,92.57,1504
1781105400,2026-06-10T15:30:00.000Z,0,0,,92.6,94.36,92.44,93.66,5043
1781107200,2026-06-10T16:00:00.000Z,0,0,,93.67,94.29,93.56,93.92,2328
1781109000,2026-06-10T16:30:00.000Z,0,0,,93.93,94.14,93.8,93.96,1040
1781110800,2026-06-10T17:00:00.000Z,0,0,,93.95,94.32,93.76,94.27,786
1781112600,2026-06-10T17:30:00.000Z,0,0,,94.29,94.65,93.88,93.92,1511
1781114400,2026-06-10T18:00:00.000Z,0,0,,93.94,94,92.86,93.01,2219
1781116200,2026-06-10T18:30:00.000Z,0,0,,93.01,93.53,93,93.29,1159
1781118000,2026-06-10T19:00:00.000Z,0,0,,93.3,93.61,93.25,93.42,533
1781119800,2026-06-10T19:30:00.000Z,0,0,,93.43,93.57,93.37,93.38,335
1781121600,2026-06-10T20:00:00.000Z,0,0,,93.39,94.01,93.24,93.94,676
1781123400,2026-06-10T20:30:00.000Z,0,0,,93.95,94.75,93.89,94.71,721
1781125200,2026-06-10T21:00:00.000Z,0,0,,94.73,94.84,94.46,94.78,121
1781127000,2026-06-10T21:30:00.000Z,0,0,,94.8,95,94.8,94.99,223
1781136000,2026-06-11T00:00:00.000Z,0,0,,95,95.5,94.66,95.21,1088
1781137800,2026-06-11T00:30:00.000Z,0,0,,95.2,95.34,94.96,95.14,316
1781139600,2026-06-11T01:00:00.000Z,0,0,,95.13,95.18,94.28,94.34,876
1781141400,2026-06-11T01:30:00.000Z,0,0,,94.4,94.58,94.08,94.5,359
1781143200,2026-06-11T02:00:00.000Z,0,0,,94.51,94.86,94.29,94.7,275
1781145000,2026-06-11T02:30:00.000Z,0,0,,94.71,94.78,94.31,94.4,235
1781146800,2026-06-11T03:00:00.000Z,0,0,,94.45,94.81,94.39,94.73,141
1781148600,2026-06-11T03:30:00.000Z,0,0,,94.72,94.97,94.59,94.69,155
1781150400,2026-06-11T04:00:00.000Z,0,0,,94.71,94.87,94.51,94.57,145
1781152200,2026-06-11T04:30:00.000Z,0,0,,94.55,94.61,93.93,94.07,314
1781154000,2026-06-11T05:00:00.000Z,0,0,,94.08,94.12,93.72,93.9,219
1781155800,2026-06-11T05:30:00.000Z,0,0,,93.89,93.89,93.21,93.53,578
1781157600,2026-06-11T06:00:00.000Z,0,0,,93.54,93.89,93.29,93.37,694
1781159400,2026-06-11T06:30:00.000Z,0,0,,93.36,93.61,93.29,93.38,546
1781161200,2026-06-11T07:00:00.000Z,0,0,,93.4,93.44,92.7,92.77,1399
1781163000,2026-06-11T07:30:00.000Z,0,0,,92.77,92.8,92.26,92.74,1531
1781164800,2026-06-11T08:00:00.000Z,0,0,,92.77,92.84,92.05,92.38,2483
1781166600,2026-06-11T08:30:00.000Z,0,0,,92.41,92.46,91.72,92.14,1548
1781168400,2026-06-11T09:00:00.000Z,0,0,,92.16,92.62,92.13,92.3,940
1781170200,2026-06-11T09:30:00.000Z,0,0,,92.29,92.69,91.96,92.19,801
1781172000,2026-06-11T10:00:00.000Z,0,0,,92.18,92.34,91.83,92.09,867
1781173800,2026-06-11T10:30:00.000Z,0,0,,92.11,92.25,91.61,91.96,963
1781175600,2026-06-11T11:00:00.000Z,0,0,,91.97,92.33,91.84,92.09,1110
1781177400,2026-06-11T11:30:00.000Z,0,0,,92.12,92.22,91.63,91.95,1232
1781179200,2026-06-11T12:00:00.000Z,0,0,,91.98,94.15,91.78,93.4,4850
1781181000,2026-06-11T12:30:00.000Z,0,0,,93.44,94.09,92.71,92.89,4463
1781182800,2026-06-11T13:00:00.000Z,0,0,,92.91,93.56,92.85,93.09,1789
1781184600,2026-06-11T13:30:00.000Z,0,0,,93.11,93.15,91.99,92.12,2900
1781186400,2026-06-11T14:00:00.000Z,0,0,,92.13,92.76,92.12,92.7,1310
1781188200,2026-06-11T14:30:00.000Z,0,0,,92.71,93.02,92.48,92.63,1016
1781190000,2026-06-11T15:00:00.000Z,0,0,,92.65,93.06,92.51,93.03,1786
1781191800,2026-06-11T15:30:00.000Z,0,0,,93.04,93.83,92.91,93.54,1759
1781193600,2026-06-11T16:00:00.000Z,0,0,,93.55,94.02,93.14,93.75,1308
1781195400,2026-06-11T16:30:00.000Z,0,0,,93.76,93.94,93.24,93.41,1205
1781197200,2026-06-11T17:00:00.000Z,0,0,,93.43,93.49,91.05,91.1,3134
1781199000,2026-06-11T17:30:00.000Z,0,0,,91.13,91.23,89.46,90.19,9654
1781200800,2026-06-11T18:00:00.000Z,0,0,,90.22,91.11,89.84,90.48,5440
1781202600,2026-06-11T18:30:00.000Z,0,0,,90.49,91.01,90.46,90.53,1473
1781204400,2026-06-11T19:00:00.000Z,0,0,,90.54,90.55,89.29,89.33,2749
1781206200,2026-06-11T19:30:00.000Z,0,0,,89.31,89.33,88.58,89.18,2666
1781208000,2026-06-11T20:00:00.000Z,0,0,,89.19,89.19,88.44,88.71,1059
1781209800,2026-06-11T20:30:00.000Z,0,0,,88.7,89.26,88.61,89.11,489
1781211600,2026-06-11T21:00:00.000Z,0,0,,89.15,89.27,89.09,89.23,50
1781213400,2026-06-11T21:30:00.000Z,0,0,,89.22,89.22,89.11,89.14,39
1781222400,2026-06-12T00:00:00.000Z,0,0,,88.87,89.17,88.79,88.96,400
1781224200,2026-06-12T00:30:00.000Z,0,0,,88.97,89.43,88.91,89.35,256
1781226000,2026-06-12T01:00:00.000Z,0,0,,89.37,89.72,89.35,89.4,756
1781227800,2026-06-12T01:30:00.000Z,0,0,,89.38,89.47,89.23,89.36,383
1781229600,2026-06-12T02:00:00.000Z,0,0,,89.37,89.45,89.23,89.45,221
1781231400,2026-06-12T02:30:00.000Z,0,0,,89.44,89.44,89.03,89.34,245
1781233200,2026-06-12T03:00:00.000Z,0,0,,89.27,89.56,89.27,89.31,204
1781235000,2026-06-12T03:30:00.000Z,0,0,,89.29,89.31,88.74,88.76,282
1781236800,2026-06-12T04:00:00.000Z,0,0,,88.77,88.85,88.53,88.64,226
1781238600,2026-06-12T04:30:00.000Z,0,0,,88.65,88.85,88.58,88.59,109
1781240400,2026-06-12T05:00:00.000Z,0,0,,88.6,88.6,88.35,88.42,331
1781242200,2026-06-12T05:30:00.000Z,0,0,,88.44,88.68,88.16,88.57,459
1781244000,2026-06-12T06:00:00.000Z,0,0,,88.54,88.64,88.31,88.48,693
1781245800,2026-06-12T06:30:00.000Z,0,0,,88.47,88.63,88.2,88.56,725
1781247600,2026-06-12T07:00:00.000Z,0,0,,88.57,88.86,88.41,88.56,1131
1781249400,2026-06-12T07:30:00.000Z,0,0,,88.55,88.69,87.46,87.58,2039
1781251200,2026-06-12T08:00:00.000Z,0,0,,87.59,87.63,85.96,85.96,5137
1781253000,2026-06-12T08:30:00.000Z,0,0,,85.98,86.64,85.8,86.57,3021
1781254800,2026-06-12T09:00:00.000Z,0,0,,86.6,86.78,86.21,86.49,1849
1781256600,2026-06-12T09:30:00.000Z,0,0,,86.48,86.89,86.24,86.85,1012
1781258400,2026-06-12T10:00:00.000Z,0,0,,86.88,87.75,86.72,87.61,1978
1781260200,2026-06-12T10:30:00.000Z,0,0,,87.65,87.9,87.13,87.31,1522
1781262000,2026-06-12T11:00:00.000Z,0,0,,87.32,87.41,86.83,87.09,942
1781263800,2026-06-12T11:30:00.000Z,0,0,,87.11,87.98,86.93,87.75,1094
1781265600,2026-06-12T12:00:00.000Z,0,0,,87.72,88.05,87.55,87.97,1037
1781267400,2026-06-12T12:30:00.000Z,0,0,,88,88.49,87.9,88.02,1755
1781269200,2026-06-12T13:00:00.000Z,0,0,,88.03,88.55,87.88,88.19,1376
1781271000,2026-06-12T13:30:00.000Z,0,0,,88.21,89.82,88.15,89.64,4590
1781272800,2026-06-12T14:00:00.000Z,0,0,,89.68,89.9,88.9,89.27,2364
1781274600,2026-06-12T14:30:00.000Z,0,0,,89.29,89.39,87.43,87.66,4062
1781276400,2026-06-12T15:00:00.000Z,0,0,,87.66,87.76,86.81,86.99,3520
1781278200,2026-06-12T15:30:00.000Z,0,0,,87,87.32,86.64,86.91,2328
1781280000,2026-06-12T16:00:00.000Z,0,0,,86.92,87.28,86.72,87.24,1977
1781281800,2026-06-12T16:30:00.000Z,0,0,,87.25,87.48,86.95,87.31,1162
1781283600,2026-06-12T17:00:00.000Z,0,0,,87.35,87.48,86.98,87.02,1468
1781285400,2026-06-12T17:30:00.000Z,0,0,,87.06,87.55,87.04,87.4,866
1781287200,2026-06-12T18:00:00.000Z,0,0,,87.39,87.54,87.18,87.29,1468
1781289000,2026-06-12T18:30:00.000Z,0,0,,87.31,87.33,86.83,86.97,782
1781290800,2026-06-12T19:00:00.000Z,0,0,,86.98,87.09,86.86,86.94,503
1781292600,2026-06-12T19:30:00.000Z,0,0,,86.93,87.16,86.74,86.79,634
1781294400,2026-06-12T20:00:00.000Z,0,0,,86.76,86.97,86.72,86.77,273
1781296200,2026-06-12T20:30:00.000Z,0,0,,86.78,86.87,86.71,86.77,254
1781298000,2026-06-12T21:00:00.000Z,0,0,,86.83,86.87,86.79,86.79,21
1781299800,2026-06-12T21:30:00.000Z,0,0,,86.86,86.87,86.71,86.79,22
1781474400,2026-06-14T22:00:00.000Z,0,0,,85,85.93,83.51,84.28,2640
1781476200,2026-06-14T22:30:00.000Z,0,0,,84.3,84.49,83.97,84.12,828
1781478000,2026-06-14T23:00:00.000Z,0,0,,84.16,84.19,83.64,83.87,396
1781479800,2026-06-14T23:30:00.000Z,0,0,,83.89,83.96,83.72,83.82,135
1781481600,2026-06-15T00:00:00.000Z,0,0,,83.83,83.89,83.31,83.81,618
1781483400,2026-06-15T00:30:00.000Z,0,0,,83.82,84.21,83.71,83.88,355
1781485200,2026-06-15T01:00:00.000Z,0,0,,83.89,84.17,83.39,83.57,775
1781487000,2026-06-15T01:30:00.000Z,0,0,,83.56,84.01,83.47,83.96,416
1781488800,2026-06-15T02:00:00.000Z,0,0,,83.94,83.94,83.39,83.41,185
1781490600,2026-06-15T02:30:00.000Z,0,0,,83.39,83.39,83.04,83.15,475
1781492400,2026-06-15T03:00:00.000Z,0,0,,83.11,83.29,83.04,83.12,246
1781494200,2026-06-15T03:30:00.000Z,0,0,,83.14,83.45,83.14,83.3,234
1781496000,2026-06-15T04:00:00.000Z,0,0,,83.29,83.37,83.2,83.29,124
1781497800,2026-06-15T04:30:00.000Z,0,0,,83.33,83.4,83.19,83.25,180
1781499600,2026-06-15T05:00:00.000Z,0,0,,83.26,83.61,83.21,83.56,343
1781501400,2026-06-15T05:30:00.000Z,0,0,,83.53,83.86,83.49,83.69,491
1781503200,2026-06-15T06:00:00.000Z,0,0,,83.71,83.96,83.29,83.6,993
1781505000,2026-06-15T06:30:00.000Z,0,0,,83.62,83.77,83.32,83.39,696
1781506800,2026-06-15T07:00:00.000Z,0,0,,83.44,83.55,82.75,82.77,1109
1781508600,2026-06-15T07:30:00.000Z,0,0,,82.8,83.4,82.67,83.29,1135
1781510400,2026-06-15T08:00:00.000Z,0,0,,83.3,83.63,82.96,82.98,2844
1781512200,2026-06-15T08:30:00.000Z,0,0,,82.99,83.28,82.85,83.06,1484
1781514000,2026-06-15T09:00:00.000Z,0,0,,83.05,83.15,82.52,82.77,1553
1781515800,2026-06-15T09:30:00.000Z,0,0,,82.79,83.18,82.7,82.9,1169
1781517600,2026-06-15T10:00:00.000Z,0,0,,82.92,83.01,82.68,82.93,863
1781519400,2026-06-15T10:30:00.000Z,0,0,,82.93,83.3,82.92,83.2,847
1781521200,2026-06-15T11:00:00.000Z,0,0,,83.23,83.23,82.77,82.85,812
1781523000,2026-06-15T11:30:00.000Z,0,0,,82.87,83.2,82.78,83.1,626
1781524800,2026-06-15T12:00:00.000Z,0,0,,83.09,83.32,82.9,83.06,1085
1781526600,2026-06-15T12:30:00.000Z,0,0,,83.01,83.22,82.84,83.11,659
1781528400,2026-06-15T13:00:00.000Z,1,0,,83.12,83.39,83.05,83.22,1292
1781530200,2026-06-15T13:30:00.000Z,0,0,,83.21,83.34,82.84,82.92,1296
1781532000,2026-06-15T14:00:00.000Z,0,0,,82.9,82.95,82.4,82.5,1409
1781533800,2026-06-15T14:30:00.000Z,0,0,,82.52,83.16,82.4,83.14,1474
1781535600,2026-06-15T15:00:00.000Z,0,0,,83.16,83.45,82.86,83.16,1755
1781537400,2026-06-15T15:30:00.000Z,0,0,,83.18,83.35,82.66,82.76,1559
1781539200,2026-06-15T16:00:00.000Z,0,0,,82.76,82.94,82.59,82.69,908
1781541000,2026-06-15T16:30:00.000Z,0,0,,82.7,83.23,82.7,83.21,629
1781542800,2026-06-15T17:00:00.000Z,0,0,,83.23,83.43,83.08,83.23,781
1781544600,2026-06-15T17:30:00.000Z,0,0,,83.26,83.31,82.9,83.19,764
1781546400,2026-06-15T18:00:00.000Z,0,0,,83.21,83.38,83.02,83.27,2287
1781548200,2026-06-15T18:30:00.000Z,0,0,,83.28,83.46,83.16,83.35,615
1781550000,2026-06-15T19:00:00.000Z,0,0,,83.38,83.63,83.33,83.48,388
1781551800,2026-06-15T19:30:00.000Z,0,0,,83.51,83.78,83.47,83.58,427
1781553600,2026-06-15T20:00:00.000Z,0,0,,83.62,83.88,83.56,83.64,201
1781555400,2026-06-15T20:30:00.000Z,0,0,,83.63,83.69,83.44,83.49,129
1781557200,2026-06-15T21:00:00.000Z,0,0,,83.47,83.59,83.34,83.59,16
1781559000,2026-06-15T21:30:00.000Z,0,0,,83.64,83.64,83.35,83.35,4
1781568000,2026-06-16T00:00:00.000Z,0,0,,83.8,83.8,83.53,83.64,165
1781569800,2026-06-16T00:30:00.000Z,0,0,,83.59,83.73,83.53,83.64,110
1781571600,2026-06-16T01:00:00.000Z,0,0,,83.63,83.69,83.25,83.36,313
1781573400,2026-06-16T01:30:00.000Z,0,0,,83.34,83.51,83.15,83.24,341
1781575200,2026-06-16T02:00:00.000Z,0,0,,83.26,83.36,83.15,83.33,162
1781577000,2026-06-16T02:30:00.000Z,0,0,,83.27,83.35,82.89,82.99,480
1781578800,2026-06-16T03:00:00.000Z,0,0,,83.01,83.06,82.86,82.94,220
1781580600,2026-06-16T03:30:00.000Z,0,0,,82.96,82.98,82.85,82.95,87
1781582400,2026-06-16T04:00:00.000Z,0,0,,82.96,83.07,82.89,82.94,98
1781584200,2026-06-16T04:30:00.000Z,0,0,,82.91,82.97,82.78,82.83,103
1781586000,2026-06-16T05:00:00.000Z,0,0,,82.8,82.84,82.65,82.65,114
1781587800,2026-06-16T05:30:00.000Z,0,0,,82.67,82.82,82.55,82.81,351
1781589600,2026-06-16T06:00:00.000Z,0,0,,82.78,82.81,82.62,82.64,407
1781591400,2026-06-16T06:30:00.000Z,0,0,,82.67,83.05,82.61,82.8,496
1781593200,2026-06-16T07:00:00.000Z,0,0,,82.83,82.87,82.24,82.28,1110
1781595000,2026-06-16T07:30:00.000Z,0,0,,82.29,82.33,81.8,81.88,1620
1781596800,2026-06-16T08:00:00.000Z,0,0,,81.89,82.09,81.04,81.17,3960
1781598600,2026-06-16T08:30:00.000Z,0,0,,81.18,81.51,81,81.14,1670
1781600400,2026-06-16T09:00:00.000Z,0,0,,81.17,81.57,81.16,81.45,1139
1781602200,2026-06-16T09:30:00.000Z,0,0,,81.46,81.84,81.35,81.51,764
1781604000,2026-06-16T10:00:00.000Z,0,0,,81.5,81.52,81,81.1,800
1781605800,2026-06-16T10:30:00.000Z,0,0,,81.09,81.2,80.89,81.02,777
1781607600,2026-06-16T11:00:00.000Z,0,0,,81.04,81.14,80.81,80.88,735
1781609400,2026-06-16T11:30:00.000Z,0,0,,80.89,81.06,80.72,80.83,996
1781611200,2026-06-16T12:00:00.000Z,0,0,,80.84,80.84,79.96,80.09,1730
1781613000,2026-06-16T12:30:00.000Z,0,0,,80.08,80.21,79.61,80.11,2148
1781614800,2026-06-16T13:00:00.000Z,0,0,,80.14,80.7,80.06,80.37,1848
1781616600,2026-06-16T13:30:00.000Z,0,0,,80.4,80.86,80.29,80.56,1428
1781618400,2026-06-16T14:00:00.000Z,0,0,,80.58,80.72,80.11,80.21,1375
1781620200,2026-06-16T14:30:00.000Z,0,0,,80.22,80.27,79.81,80.01,1480
1781622000,2026-06-16T15:00:00.000Z,0,0,,80.03,80.33,79.8,79.84,2276
1781623800,2026-06-16T15:30:00.000Z,0,0,,79.85,79.96,78.63,78.97,2824
1781625600,2026-06-16T16:00:00.000Z,0,0,,78.99,79.17,78.66,78.71,1695
1781627400,2026-06-16T16:30:00.000Z,0,0,,78.7,78.98,78.45,78.73,1582
1781629200,2026-06-16T17:00:00.000Z,0,0,,78.75,79.02,78.54,78.68,1228
1781631000,2026-06-16T17:30:00.000Z,0,0,,78.7,78.89,78.46,78.83,1122
1781632800,2026-06-16T18:00:00.000Z,0,0,,78.85,79.06,78.64,78.96,1880
1781634600,2026-06-16T18:30:00.000Z,0,0,,78.98,79.44,78.86,79.28,785
1781636400,2026-06-16T19:00:00.000Z,0,0,,79.29,79.95,79.21,79.92,775
1781638200,2026-06-16T19:30:00.000Z,0,0,,79.91,80,79.61,79.64,588
1781640000,2026-06-16T20:00:00.000Z,0,0,,79.68,79.69,79.36,79.36,372
1781641800,2026-06-16T20:30:00.000Z,0,0,,79.33,79.53,79.32,79.48,248
1781643600,2026-06-16T21:00:00.000Z,0,0,,79.42,79.54,79.06,79.48,39
1781645400,2026-06-16T21:30:00.000Z,0,0,,79.27,79.52,79.27,79.33,14
1781654400,2026-06-17T00:00:00.000Z,0,0,,79.41,79.57,79.27,79.48,255
1781656200,2026-06-17T00:30:00.000Z,0,0,,79.53,79.55,79.33,79.5,139
1781658000,2026-06-17T01:00:00.000Z,0,0,,79.51,79.56,79.15,79.2,259
1781659800,2026-06-17T01:30:00.000Z,0,0,,79.17,79.43,78.96,79,298
1781661600,2026-06-17T02:00:00.000Z,0,0,,79.02,79.13,78.9,78.99,129
1781663400,2026-06-17T02:30:00.000Z,0,0,,79.02,79.15,78.91,78.99,218
1781665200,2026-06-17T03:00:00.000Z,0,0,,79.01,79.01,78.7,78.7,218
1781667000,2026-06-17T03:30:00.000Z,0,0,,78.72,78.83,78.38,78.47,213
1781668800,2026-06-17T04:00:00.000Z,0,0,,78.48,78.76,78.46,78.71,122
1781670600,2026-06-17T04:30:00.000Z,0,0,,78.69,78.73,78.36,78.48,173
1781672400,2026-06-17T05:00:00.000Z,0,0,,78.44,78.5,78.09,78.14,307
1781674200,2026-06-17T05:30:00.000Z,0,0,,78.15,79.21,78.06,78.99,698
1781676000,2026-06-17T06:00:00.000Z,0,0,,79.03,79.19,78.79,78.82,637
1781677800,2026-06-17T06:30:00.000Z,0,0,,78.79,78.87,78.09,78.42,984
1781679600,2026-06-17T07:00:00.000Z,0,0,,78.43,78.77,77.75,78.69,1525
1781681400,2026-06-17T07:30:00.000Z,0,0,,78.7,78.76,78.05,78.57,1145
1781683200,2026-06-17T08:00:00.000Z,0,0,,78.6,79.24,78.36,79.13,2543
1781685000,2026-06-17T08:30:00.000Z,0,0,,79.16,79.51,78.94,79.08,1420
1781686800,2026-06-17T09:00:00.000Z,0,0,,79.04,79.32,78.63,78.79,946
1781688600,2026-06-17T09:30:00.000Z,0,0,,78.77,79.07,78.49,78.99,918
1781690400,2026-06-17T10:00:00.000Z,0,0,,79.01,79.44,78.99,79.18,734
1781692200,2026-06-17T10:30:00.000Z,0,0,,79.19,79.43,78.7,79.3,986
1781694000,2026-06-17T11:00:00.000Z,0,0,,79.31,79.51,79.16,79.24,830
1781695800,2026-06-17T11:30:00.000Z,0,0,,79.25,79.97,79.25,79.69,1047
1781697600,2026-06-17T12:00:00.000Z,0,0,,79.71,79.88,79.43,79.73,941
1781699400,2026-06-17T12:30:00.000Z,0,0,,79.75,79.8,79.49,79.55,861
1781701200,2026-06-17T13:00:00.000Z,0,0,,79.58,79.96,79.48,79.92,1334
1781703000,2026-06-17T13:30:00.000Z,0,0,,79.93,80.28,79.83,80.09,1536
1781704800,2026-06-17T14:00:00.000Z,0,0,,80.1,80.78,79.75,80.23,2871
1781706600,2026-06-17T14:30:00.000Z,0,0,,80.26,82.97,80.17,80.57,6181
1781708400,2026-06-17T15:00:00.000Z,0,0,,80.59,80.81,79.47,79.66,3613
1781710200,2026-06-17T15:30:00.000Z,0,0,,79.69,80,79.37,79.49,1695
1781712000,2026-06-17T16:00:00.000Z,0,0,,79.51,79.89,79.35,79.58,1112
1781713800,2026-06-17T16:30:00.000Z,0,0,,79.61,79.69,79.1,79.16,998
1781715600,2026-06-17T17:00:00.000Z,0,0,,79.2,79.86,78.95,79.04,1513
1781717400,2026-06-17T17:30:00.000Z,0,0,,79.05,79.24,78.92,79.14,790
1781719200,2026-06-17T18:00:00.000Z,0,0,,79.17,79.72,79.08,79.61,1914
1781721000,2026-06-17T18:30:00.000Z,0,0,,79.63,79.76,79.25,79.26,858
1781722800,2026-06-17T19:00:00.000Z,0,0,,79.29,79.38,78.8,78.89,604
1781724600,2026-06-17T19:30:00.000Z,0,0,,78.91,79.11,78.8,78.88,462
1781726400,2026-06-17T20:00:00.000Z,0,0,,78.89,78.99,78.79,78.84,255
1781728200,2026-06-17T20:30:00.000Z,0,0,,78.86,78.86,78.57,78.72,193
1781730000,2026-06-17T21:00:00.000Z,0,0,,78.69,78.85,78.6,78.75,36
1781731800,2026-06-17T21:30:00.000Z,0,0,,78.7,78.85,78.59,78.67,29
1781740800,2026-06-18T00:00:00.000Z,0,0,,78.85,79.06,78.57,78.65,350
1781742600,2026-06-18T00:30:00.000Z,0,0,,78.64,78.91,78.59,78.83,182
1781744400,2026-06-18T01:00:00.000Z,0,0,,78.86,79.01,78.34,78.34,329
1781746200,2026-06-18T01:30:00.000Z,0,0,,78.34,78.53,78.21,78.37,219
1781748000,2026-06-18T02:00:00.000Z,0,0,,78.36,78.42,78.26,78.34,210
1781749800,2026-06-18T02:30:00.000Z,0,0,,78.35,78.66,78.31,78.43,234
1781751600,2026-06-18T03:00:00.000Z,0,0,,78.45,78.45,78.24,78.27,183
1781753400,2026-06-18T03:30:00.000Z,0,0,,78.26,78.33,78.16,78.16,141
1781755200,2026-06-18T04:00:00.000Z,0,0,,78.18,78.25,77.89,77.9,147
1781757000,2026-06-18T04:30:00.000Z,0,0,,77.92,77.98,77.74,77.79,206
1781758800,2026-06-18T05:00:00.000Z,0,0,,77.8,77.9,77.54,77.56,272
1781760600,2026-06-18T05:30:00.000Z,0,0,,77.58,77.93,77.52,77.69,450
1781762400,2026-06-18T06:00:00.000Z,0,0,,77.72,77.73,77.1,77.25,862
1781764200,2026-06-18T06:30:00.000Z,0,0,,77.24,77.95,77.16,77.86,1049
1781766000,2026-06-18T07:00:00.000Z,0,0,,77.85,78.42,77.65,78.03,1072
1781767800,2026-06-18T07:30:00.000Z,0,0,,78.05,78.19,77.76,78.02,999
1781769600,2026-06-18T08:00:00.000Z,0,0,,78.04,78.17,77.74,78.03,1753
1781771400,2026-06-18T08:30:00.000Z,0,0,,78.04,78.26,77.57,77.69,1203
1781773200,2026-06-18T09:00:00.000Z,0,0,,77.72,78.05,77.54,77.94,894
1781775000,2026-06-18T09:30:00.000Z,0,0,,77.94,78.14,77.64,77.69,761
1781776800,2026-06-18T10:00:00.000Z,0,0,,77.71,78.16,77.67,78.09,770
1781778600,2026-06-18T10:30:00.000Z,0,0,,78.07,78.98,78.03,78.47,1506
1781780400,2026-06-18T11:00:00.000Z,0,0,,78.48,78.7,78.26,78.65,755
1781782200,2026-06-18T11:30:00.000Z,0,0,,78.66,78.79,78.31,78.59,576
1781784000,2026-06-18T12:00:00.000Z,0,0,,78.6,78.67,78.17,78.52,606
1781785800,2026-06-18T12:30:00.000Z,0,0,,78.51,78.64,78.26,78.43,613
1781787600,2026-06-18T13:00:00.000Z,0,0,,78.44,78.57,77.81,78.13,2022
1781789400,2026-06-18T13:30:00.000Z,0,0,,78.12,78.12,76.91,77.03,2563
1781791200,2026-06-18T14:00:00.000Z,0,0,,77.05,77.25,76.66,76.94,1870
1781793000,2026-06-18T14:30:00.000Z,0,0,,76.92,77.31,76.9,77.07,1303
1781794800,2026-06-18T15:00:00.000Z,0,0,,77.08,77.4,76.54,77.26,2419
1781796600,2026-06-18T15:30:00.000Z,0,0,,77.28,77.69,77.25,77.66,1963
1781798400,2026-06-18T16:00:00.000Z,0,0,,77.68,78.03,77.57,77.67,1472
1781800200,2026-06-18T16:30:00.000Z,0,0,,77.68,78.19,77.43,78.09,997
1781802000,2026-06-18T17:00:00.000Z,1,0,,78.1,78.26,77.86,78.23,1254
1781803800,2026-06-18T17:30:00.000Z,0,0,,78.25,78.45,78.04,78.34,1533
1781805600,2026-06-18T18:00:00.000Z,0,0,,78.33,80.05,78.31,79.81,4639
1781807400,2026-06-18T18:30:00.000Z,0,0,,79.83,79.97,79.37,79.44,1116
1781809200,2026-06-18T19:00:00.000Z,0,0,,79.49,79.69,79.45,79.57,627
1781811000,2026-06-18T19:30:00.000Z,0,0,,79.59,79.67,79.4,79.63,364
1781812800,2026-06-18T20:00:00.000Z,0,0,,79.66,79.75,79.28,79.34,315
1781814600,2026-06-18T20:30:00.000Z,0,0,,79.33,79.46,79.2,79.42,178
1781816400,2026-06-18T21:00:00.000Z,0,0,,79.41,79.45,79.19,79.23,36
1781818200,2026-06-18T21:30:00.000Z,0,0,,79.19,79.27,79.12,79.25,17
1781827200,2026-06-19T00:00:00.000Z,0,0,,79.2,79.2,78.79,78.96,260
1781829000,2026-06-19T00:30:00.000Z,0,0,,78.94,79.05,78.91,78.91,42
1781830800,2026-06-19T01:00:00.000Z,0,0,,78.92,79.27,78.86,79.24,112
1781832600,2026-06-19T01:30:00.000Z,0,0,,79.21,79.58,79.21,79.56,196
1781834400,2026-06-19T02:00:00.000Z,0,0,,79.57,79.73,79.45,79.46,148
1781836200,2026-06-19T02:30:00.000Z,0,0,,79.47,79.57,79.41,79.5,57
1781838000,2026-06-19T03:00:00.000Z,0,0,,79.51,79.63,79.38,79.41,63
1781839800,2026-06-19T03:30:00.000Z,0,0,,79.46,79.46,79.06,79.15,75
1781841600,2026-06-19T04:00:00.000Z,0,0,,79.14,79.47,79.14,79.42,114
1781843400,2026-06-19T04:30:00.000Z,0,0,,79.43,79.77,79.42,79.56,224
1781845200,2026-06-19T05:00:00.000Z,0,0,,79.55,80.04,79.49,79.77,372
1781847000,2026-06-19T05:30:00.000Z,0,0,,79.78,80.34,79.78,80.07,531
1781848800,2026-06-19T06:00:00.000Z,0,0,,80.11,80.56,80.1,80.22,973
1781850600,2026-06-19T06:30:00.000Z,0,0,,80.24,80.77,79.93,80.03,703
1781852400,2026-06-19T07:00:00.000Z,0,0,,80.02,80.26,79.82,80.12,623
1781854200,2026-06-19T07:30:00.000Z,0,0,,80.11,80.53,79.99,80.13,768
1781856000,2026-06-19T08:00:00.000Z,0,0,,80.14,80.37,79.57,79.57,2254
1781857800,2026-06-19T08:30:00.000Z,0,0,,79.59,79.88,79.03,79.55,1544
1781859600,2026-06-19T09:00:00.000Z,0,0,,79.58,79.63,79.18,79.48,751
1781861400,2026-06-19T09:30:00.000Z,0,0,,79.45,79.56,79.1,79.3,690
1781863200,2026-06-19T10:00:00.000Z,0,0,,79.33,79.63,79.31,79.41,628
1781865000,2026-06-19T10:30:00.000Z,0,0,,79.43,79.93,79.42,79.6,997
1781866800,2026-06-19T11:00:00.000Z,0,0,,79.65,80.3,79.57,79.94,818
1781868600,2026-06-19T11:30:00.000Z,0,0,,79.91,80.19,79.58,79.88,632
1781870400,2026-06-19T12:00:00.000Z,0,0,,79.85,80.2,79.84,80.08,559
1781872200,2026-06-19T12:30:00.000Z,0,0,,80.11,80.56,79.01,79.11,2469
1781874000,2026-06-19T13:00:00.000Z,0,0,,79.12,79.61,78.77,79.43,1450
1781875800,2026-06-19T13:30:00.000Z,0,0,,79.42,79.8,79.3,79.75,871
1781877600,2026-06-19T14:00:00.000Z,0,0,,79.81,79.99,79.69,79.89,601
1781879400,2026-06-19T14:30:00.000Z,0,0,,79.88,80.13,79.78,80.07,569
1781881200,2026-06-19T15:00:00.000Z,0,0,,80.08,80.45,80.01,80.37,1393
1781883000,2026-06-19T15:30:00.000Z,0,0,,80.4,80.64,80.26,80.48,967
1781884800,2026-06-19T16:00:00.000Z,0,0,,80.5,80.81,80.39,80.44,518
1781886600,2026-06-19T16:30:00.000Z,0,0,,80.46,80.81,80.44,80.56,594
1781888400,2026-06-19T17:00:00.000Z,0,0,,80.6,80.61,80.1,80.37,580
1782079200,2026-06-21T22:00:00.000Z,0,0,,82.3,82.3,81.39,81.63,727
1782081000,2026-06-21T22:30:00.000Z,0,0,,81.6,81.61,81.24,81.49,123
1782082800,2026-06-21T23:00:00.000Z,0,0,,81.45,81.7,81.45,81.66,122
1782084600,2026-06-21T23:30:00.000Z,0,0,,81.73,81.79,81.53,81.56,168
1782086400,2026-06-22T00:00:00.000Z,0,0,,81.57,81.71,80.99,81.1,238
1782088200,2026-06-22T00:30:00.000Z,0,0,,81.12,81.51,80.8,80.89,251
1782090000,2026-06-22T01:00:00.000Z,0,0,,80.87,80.87,79.39,79.47,1025
1782091800,2026-06-22T01:30:00.000Z,0,0,,79.5,79.55,79.24,79.51,283
1782093600,2026-06-22T02:00:00.000Z,0,0,,79.49,79.49,79.14,79.22,243
1782095400,2026-06-22T02:30:00.000Z,0,0,,79.2,79.2,78.69,79.07,297
1782097200,2026-06-22T03:00:00.000Z,0,0,,79.05,79.51,79.01,79.5,359
1782099000,2026-06-22T03:30:00.000Z,0,0,,79.47,79.58,79.29,79.39,74
1782100800,2026-06-22T04:00:00.000Z,0,0,,79.3,79.44,79.24,79.3,67
1782102600,2026-06-22T04:30:00.000Z,0,0,,79.31,79.32,79.12,79.13,97
1782104400,2026-06-22T05:00:00.000Z,0,0,,79.12,79.14,78.82,78.83,142
1782106200,2026-06-22T05:30:00.000Z,0,0,,78.84,79.19,78.77,79.03,483
1782108000,2026-06-22T06:00:00.000Z,0,0,,79.05,79.13,78.58,78.86,444
1782109800,2026-06-22T06:30:00.000Z,0,0,,78.87,79.22,78.77,79.07,602
1782111600,2026-06-22T07:00:00.000Z,0,0,,79.07,79.36,78.97,79.29,558
1782113400,2026-06-22T07:30:00.000Z,0,0,,79.3,79.96,79.23,79.56,833
1782115200,2026-06-22T08:00:00.000Z,0,0,,79.57,80.13,79.18,79.21,3138
1782117000,2026-06-22T08:30:00.000Z,0,0,,79.25,79.6,79,79.11,1053
1782118800,2026-06-22T09:00:00.000Z,0,0,,79.13,79.39,78.96,79.22,499
1782120600,2026-06-22T09:30:00.000Z,0,0,,79.24,79.46,79.03,79.31,585
1782122400,2026-06-22T10:00:00.000Z,0,0,,79.29,79.38,79.12,79.35,462
1782124200,2026-06-22T10:30:00.000Z,0,0,,79.34,79.43,79.15,79.22,434
1782126000,2026-06-22T11:00:00.000Z,0,0,,79.26,79.34,78.38,79.28,1240
1782127800,2026-06-22T11:30:00.000Z,0,0,,79.3,79.3,78.86,78.92,592
1782129600,2026-06-22T12:00:00.000Z,0,0,,78.95,79.07,78.44,78.53,766
1782131400,2026-06-22T12:30:00.000Z,0,0,,78.55,78.78,78.32,78.56,831
1782133200,2026-06-22T13:00:00.000Z,0,0,,78.57,79.18,78.12,78.29,1890
1782135000,2026-06-22T13:30:00.000Z,0,0,,78.3,78.38,77.56,77.82,2133
1782136800,2026-06-22T14:00:00.000Z,0,0,,77.85,78.05,77.58,77.92,1428
1782138600,2026-06-22T14:30:00.000Z,0,0,,77.96,78.34,77.9,78.06,1288
1782140400,2026-06-22T15:00:00.000Z,0,0,,78.09,78.1,77.26,77.64,2511
1782142200,2026-06-22T15:30:00.000Z,0,0,,77.66,77.8,77.23,77.45,1545
1782144000,2026-06-22T16:00:00.000Z,0,0,,77.47,77.8,77.43,77.76,642
1782145800,2026-06-22T16:30:00.000Z,0,0,,77.78,77.99,77.69,77.71,873
1782147600,2026-06-22T17:00:00.000Z,0,0,,77.73,77.88,77.6,77.69,409
1782149400,2026-06-22T17:30:00.000Z,0,0,,77.68,77.88,77.37,77.4,684
1782151200,2026-06-22T18:00:00.000Z,0,0,,77.43,77.99,77.42,77.93,1498
1782153000,2026-06-22T18:30:00.000Z,0,0,,77.94,78.08,77.71,78.02,577
1782154800,2026-06-22T19:00:00.000Z,0,0,,78.02,78.22,78,78.2,311
1782156600,2026-06-22T19:30:00.000Z,0,0,,78.23,78.34,78.17,78.24,325
1782158400,2026-06-22T20:00:00.000Z,0,0,,78.25,78.27,77.93,77.95,249
1782160200,2026-06-22T20:30:00.000Z,0,0,,77.97,78.05,77.9,77.97,174
1782162000,2026-06-22T21:00:00.000Z,0,0,,77.96,77.96,77.93,77.93,2
1782163800,2026-06-22T21:30:00.000Z,0,0,,78.02,78.16,78.02,78.16,9
1782172800,2026-06-23T00:00:00.000Z,0,0,,78.13,78.2,78,78.06,91
1782174600,2026-06-23T00:30:00.000Z,0,0,,78.1,78.17,77.9,78.11,141
1782176400,2026-06-23T01:00:00.000Z,0,0,,78.13,78.19,77.69,78.12,315
1782178200,2026-06-23T01:30:00.000Z,0,0,,78.11,78.18,77.83,77.85,74
1782180000,2026-06-23T02:00:00.000Z,0,0,,77.82,78,77.69,77.98,111
1782181800,2026-06-23T02:30:00.000Z,0,0,,77.98,78.23,77.81,77.82,188
1782183600,2026-06-23T03:00:00.000Z,0,0,,77.81,77.85,77.49,77.53,338
1782185400,2026-06-23T03:30:00.000Z,0,0,,77.55,77.67,77.48,77.53,53
1782187200,2026-06-23T04:00:00.000Z,0,0,,77.55,77.65,77.48,77.51,42
1782189000,2026-06-23T04:30:00.000Z,0,0,,77.48,77.68,77.47,77.61,180
1782190800,2026-06-23T05:00:00.000Z,0,0,,77.6,77.67,77.4,77.44,102
1782192600,2026-06-23T05:30:00.000Z,0,0,,77.43,77.46,76.91,76.92,347
1782194400,2026-06-23T06:00:00.000Z,0,0,,76.95,77.03,76.72,76.74,611
1782196200,2026-06-23T06:30:00.000Z,0,0,,76.75,77.07,76.45,76.84,817
1782198000,2026-06-23T07:00:00.000Z,0,0,,76.85,76.9,76.43,76.46,722
1782199800,2026-06-23T07:30:00.000Z,0,0,,76.47,77.09,76.44,77.01,865
1782201600,2026-06-23T08:00:00.000Z,0,0,,77.03,77.59,77.01,77.55,1897
1782203400,2026-06-23T08:30:00.000Z,0,0,,77.56,77.75,77.37,77.4,879
1782205200,2026-06-23T09:00:00.000Z,0,0,,77.41,77.59,77.13,77.15,670
1782207000,2026-06-23T09:30:00.000Z,0,0,,77.13,77.53,77.08,77.44,513
1782208800,2026-06-23T10:00:00.000Z,0,0,,77.47,77.75,77.31,77.71,555
1782210600,2026-06-23T10:30:00.000Z,0,0,,77.72,77.98,77.59,77.89,678
1782212400,2026-06-23T11:00:00.000Z,0,0,,77.91,78,77.57,77.77,836
1782214200,2026-06-23T11:30:00.000Z,0,0,,77.8,78.06,77.6,77.79,612
1782216000,2026-06-23T12:00:00.000Z,0,0,,77.82,77.84,77.18,77.31,593
1782217800,2026-06-23T12:30:00.000Z,0,0,,77.29,77.61,77.19,77.55,568
1782219600,2026-06-23T13:00:00.000Z,0,0,,77.59,77.72,76.99,77.07,941
1782221400,2026-06-23T13:30:00.000Z,0,0,,77.07,77.25,76.83,76.94,1105
1782223200,2026-06-23T14:00:00.000Z,0,0,,76.97,76.97,76.47,76.55,1017
1782225000,2026-06-23T14:30:00.000Z,0,0,,76.54,77.33,76.54,77.07,2461
1782226800,2026-06-23T15:00:00.000Z,0,0,,77.08,77.4,76.9,76.98,1489
1782228600,2026-06-23T15:30:00.000Z,0,0,,77.01,77.11,76.58,76.88,1011
1782230400,2026-06-23T16:00:00.000Z,0,0,,76.89,77.16,76.89,76.97,500
1782232200,2026-06-23T16:30:00.000Z,0,0,,76.98,77,76.72,76.88,441
1782234000,2026-06-23T17:00:00.000Z,0,0,,76.9,77.21,76.9,77.12,531
1782235800,2026-06-23T17:30:00.000Z,0,0,,77.16,77.23,76.84,76.9,708
1782237600,2026-06-23T18:00:00.000Z,0,0,,76.95,77.34,76.92,77.13,1762
1782239400,2026-06-23T18:30:00.000Z,0,0,,77.16,77.24,77.06,77.17,371
1782241200,2026-06-23T19:00:00.000Z,0,0,,77.19,77.24,77.04,77.16,210
1782243000,2026-06-23T19:30:00.000Z,0,0,,77.18,77.23,77.03,77.07,164
1782244800,2026-06-23T20:00:00.000Z,0,0,,77.09,77.3,77.05,77.05,103
1782246600,2026-06-23T20:30:00.000Z,0,0,,77.07,77.12,76.84,76.87,145
1782248400,2026-06-23T21:00:00.000Z,0,0,,76.89,77.04,76.79,76.82,29
1782250200,2026-06-23T21:30:00.000Z,0,0,,76.97,77.17,76.97,76.99,29
1782259200,2026-06-24T00:00:00.000Z,0,0,,76.38,76.56,76.29,76.49,156
1782261000,2026-06-24T00:30:00.000Z,0,0,,76.5,76.5,76.36,76.42,55
1782262800,2026-06-24T01:00:00.000Z,0,0,,76.41,76.59,75.97,76.56,378
1782264600,2026-06-24T01:30:00.000Z,0,0,,76.59,76.65,76.2,76.28,236
1782266400,2026-06-24T02:00:00.000Z,0,0,,76.31,76.5,76.25,76.32,126
1782268200,2026-06-24T02:30:00.000Z,0,0,,76.31,76.32,75.84,75.84,304
1782270000,2026-06-24T03:00:00.000Z,0,0,,75.86,76.14,75.76,76.09,258
1782271800,2026-06-24T03:30:00.000Z,0,0,,76.11,76.15,76.01,76.14,42
1782273600,2026-06-24T04:00:00.000Z,0,0,,76.11,76.36,76.1,76.28,68
1782275400,2026-06-24T04:30:00.000Z,0,0,,76.27,76.33,76.23,76.23,31
1782277200,2026-06-24T05:00:00.000Z,0,0,,76.31,76.41,76.21,76.26,53
1782279000,2026-06-24T05:30:00.000Z,0,0,,76.3,76.34,76.05,76.11,200
1782280800,2026-06-24T06:00:00.000Z,0,0,,76.13,76.76,76.11,76.26,552
1782282600,2026-06-24T06:30:00.000Z,0,0,,76.24,76.24,76.04,76.17,479
1782284400,2026-06-24T07:00:00.000Z,0,0,,76.18,76.21,75.76,75.84,685
1782286200,2026-06-24T07:30:00.000Z,0,0,,75.88,76.01,75.56,75.57,674
1782288000,2026-06-24T08:00:00.000Z,0,0,,75.59,75.68,75.36,75.38,1641
1782289800,2026-06-24T08:30:00.000Z,0,0,,75.4,75.71,75.31,75.65,959
1782291600,2026-06-24T09:00:00.000Z,0,0,,75.68,75.7,75.22,75.38,710
1782293400,2026-06-24T09:30:00.000Z,0,0,,75.39,75.79,75.36,75.6,1013
1782295200,2026-06-24T10:00:00.000Z,0,0,,75.64,75.9,75.5,75.67,731
1782297000,2026-06-24T10:30:00.000Z,0,0,,75.66,75.79,75.35,75.46,576
1782298800,2026-06-24T11:00:00.000Z,0,0,,75.47,75.51,75.06,75.12,649
1782300600,2026-06-24T11:30:00.000Z,0,0,,75.12,75.35,74.6,74.6,1277
1782302400,2026-06-24T12:00:00.000Z,0,0,,74.62,74.74,74.43,74.65,1014
1782304200,2026-06-24T12:30:00.000Z,0,0,,74.66,74.75,74.51,74.51,739
1782306000,2026-06-24T13:00:00.000Z,0,0,,74.53,74.57,73.65,73.7,2211
1782307800,2026-06-24T13:30:00.000Z,0,0,,73.72,73.98,73.38,73.43,2083
1782309600,2026-06-24T14:00:00.000Z,0,0,,73.47,74.03,73.32,73.81,1812
1782311400,2026-06-24T14:30:00.000Z,0,0,,73.84,73.91,73.43,73.57,1295
1782313200,2026-06-24T15:00:00.000Z,0,0,,73.6,73.74,73.38,73.62,1648
1782315000,2026-06-24T15:30:00.000Z,0,0,,73.63,74.21,73.53,74.09,1499
1782316800,2026-06-24T16:00:00.000Z,0,0,,74.1,74.3,73.85,74.22,770
1782318600,2026-06-24T16:30:00.000Z,0,0,,74.24,74.54,74.11,74.19,732
1782320400,2026-06-24T17:00:00.000Z,0,0,,74.22,74.29,73.78,73.83,786
1782322200,2026-06-24T17:30:00.000Z,0,0,,73.85,74.09,73.7,74.02,788
1782324000,2026-06-24T18:00:00.000Z,0,0,,74.04,74.07,73.73,73.95,1243
1782325800,2026-06-24T18:30:00.000Z,0,0,,73.94,73.98,73.42,73.47,732
1782327600,2026-06-24T19:00:00.000Z,0,0,,73.46,73.54,73.39,73.51,407
1782329400,2026-06-24T19:30:00.000Z,0,0,,73.53,73.61,73.45,73.52,193
1782331200,2026-06-24T20:00:00.000Z,0,0,,73.55,73.55,73.32,73.43,167
1782333000,2026-06-24T20:30:00.000Z,0,0,,73.41,73.48,73.35,73.43,165
1782334800,2026-06-24T21:00:00.000Z,0,0,,73.43,73.5,73.33,73.34,17
1782336600,2026-06-24T21:30:00.000Z,0,0,,73.5,73.5,73.34,73.37,10
1782345600,2026-06-25T00:00:00.000Z,0,0,,73.47,73.66,73.46,73.6,177
1782347400,2026-06-25T00:30:00.000Z,0,0,,73.59,73.72,73.46,73.51,94
1782349200,2026-06-25T01:00:00.000Z,0,0,,73.55,73.62,72.97,73.02,785
1782351000,2026-06-25T01:30:00.000Z,0,0,,72.97,73.01,72.69,72.88,447
1782352800,2026-06-25T02:00:00.000Z,0,0,,72.92,72.96,72.65,72.73,319
1782354600,2026-06-25T02:30:00.000Z,0,0,,72.71,73.08,72.68,72.97,490
1782356400,2026-06-25T03:00:00.000Z,0,0,,72.96,73.01,72.62,72.73,303
1782358200,2026-06-25T03:30:00.000Z,0,0,,72.72,72.9,72.72,72.87,61
1782360000,2026-06-25T04:00:00.000Z,0,0,,72.84,72.96,72.81,72.87,131
1782361800,2026-06-25T04:30:00.000Z,0,0,,72.9,73.05,72.87,73,153
1782363600,2026-06-25T05:00:00.000Z,0,0,,72.97,73.01,72.85,72.97,113
1782365400,2026-06-25T05:30:00.000Z,0,0,,73,73.09,72.69,72.86,423
1782367200,2026-06-25T06:00:00.000Z,0,0,,72.84,73.23,72.74,73.2,689
1782369000,2026-06-25T06:30:00.000Z,0,0,,73.21,73.26,72.81,72.98,835
1782370800,2026-06-25T07:00:00.000Z,0,0,,73,73.39,72.82,73.05,854
1782372600,2026-06-25T07:30:00.000Z,0,0,,73.06,73.5,72.98,73.35,789
1782374400,2026-06-25T08:00:00.000Z,0,0,,73.37,73.49,72.88,73,1956
1782376200,2026-06-25T08:30:00.000Z,0,0,,73.02,73.18,72.5,72.72,1597
1782378000,2026-06-25T09:00:00.000Z,0,0,,72.7,73.15,72.42,72.85,1281
1782379800,2026-06-25T09:30:00.000Z,0,0,,72.84,73.06,72.78,73.04,860
1782381600,2026-06-25T10:00:00.000Z,0,0,,73.04,73.12,72.9,72.99,612
1782383400,2026-06-25T10:30:00.000Z,0,0,,73,73.16,72.91,72.96,546
1782385200,2026-06-25T11:00:00.000Z,0,0,,72.97,73.26,72.82,73.24,638
1782387000,2026-06-25T11:30:00.000Z,0,0,,73.26,73.56,73.24,73.44,599
1782388800,2026-06-25T12:00:00.000Z,0,0,,73.42,73.59,73.24,73.58,843
1782390600,2026-06-25T12:30:00.000Z,0,0,,73.57,73.58,73.04,73.16,973
1782392400,2026-06-25T13:00:00.000Z,0,0,,73.18,73.88,73.1,73.63,1688
1782394200,2026-06-25T13:30:00.000Z,0,0,,73.64,74.08,73.49,74,1581
1782396000,2026-06-25T14:00:00.000Z,0,0,,74.01,74.55,73.94,74.49,1870
1782397800,2026-06-25T14:30:00.000Z,0,0,,74.51,74.53,74.04,74.26,1835
1782399600,2026-06-25T15:00:00.000Z,0,0,,74.29,75.16,74.21,74.74,3137
1782401400,2026-06-25T15:30:00.000Z,0,0,,74.75,75.03,74.69,74.94,1361
1782403200,2026-06-25T16:00:00.000Z,0,0,,74.95,75.16,74.94,75.02,1011
1782405000,2026-06-25T16:30:00.000Z,0,0,,75.03,75.09,74.87,75.02,875
1782406800,2026-06-25T17:00:00.000Z,0,0,,75.04,75.28,74.8,75.06,931
1782408600,2026-06-25T17:30:00.000Z,0,0,,75.07,75.24,74.98,75.22,870
1782410400,2026-06-25T18:00:00.000Z,0,0,,75.24,75.57,75.21,75.53,1950
1782412200,2026-06-25T18:30:00.000Z,0,0,,75.54,75.75,75.51,75.73,961
1782414000,2026-06-25T19:00:00.000Z,0,0,,75.75,76.09,75.72,75.92,630
1782415800,2026-06-25T19:30:00.000Z,0,0,,75.91,75.93,75.45,75.62,696
1782417600,2026-06-25T20:00:00.000Z,0,0,,75.61,75.76,75.33,75.33,241
1782419400,2026-06-25T20:30:00.000Z,0,0,,75.34,75.37,74.92,75.01,483
1782421200,2026-06-25T21:00:00.000Z,0,0,,75.01,75.1,74.96,75.07,49
1782423000,2026-06-25T21:30:00.000Z,0,0,,75.08,75.1,75.04,75.08,18
1782432000,2026-06-26T00:00:00.000Z,0,0,,75.09,75.43,75.02,75.34,379
1782433800,2026-06-26T00:30:00.000Z,0,0,,75.31,75.43,75.17,75.41,135
1782435600,2026-06-26T01:00:00.000Z,0,0,,75.43,75.46,74.98,75.14,565
1782437400,2026-06-26T01:30:00.000Z,0,0,,75.13,75.16,74.8,74.83,264
1782439200,2026-06-26T02:00:00.000Z,0,0,,74.84,74.87,74.73,74.76,247
1782441000,2026-06-26T02:30:00.000Z,0,0,,74.75,74.75,74.36,74.37,510
1782442800,2026-06-26T03:00:00.000Z,0,0,,74.38,74.39,74.11,74.28,465
1782444600,2026-06-26T03:30:00.000Z,0,0,,74.31,74.38,74.13,74.23,138
1782446400,2026-06-26T04:00:00.000Z,0,0,,74.27,74.31,74.09,74.15,142
1782448200,2026-06-26T04:30:00.000Z,0,0,,74.18,74.23,74.07,74.1,124
1782450000,2026-06-26T05:00:00.000Z,0,0,,74.07,74.21,74.04,74.16,190
1782451800,2026-06-26T05:30:00.000Z,0,0,,74.17,74.65,74.05,74.58,497
1782453600,2026-06-26T06:00:00.000Z,0,0,,74.59,74.6,74.29,74.33,519
1782455400,2026-06-26T06:30:00.000Z,0,0,,74.35,74.35,74.01,74.14,739
1782457200,2026-06-26T07:00:00.000Z,0,0,,74.16,74.21,73.81,73.82,910
1782459000,2026-06-26T07:30:00.000Z,0,0,,73.83,73.99,73.41,73.45,876
1782460800,2026-06-26T08:00:00.000Z,0,0,,73.47,73.79,72.47,72.56,3691
1782462600,2026-06-26T08:30:00.000Z,0,0,,72.6,73.06,72.52,72.84,1925
1782464400,2026-06-26T09:00:00.000Z,0,0,,72.88,73.06,72.7,72.86,1063
1782466200,2026-06-26T09:30:00.000Z,0,0,,72.87,72.99,72.6,72.66,881
1782468000,2026-06-26T10:00:00.000Z,0,0,,72.67,72.93,72.54,72.81,839
1782469800,2026-06-26T10:30:00.000Z,0,0,,72.79,73.1,72.58,73.03,899
1782471600,2026-06-26T11:00:00.000Z,0,0,,73.04,73.28,73,73.19,881
1782473400,2026-06-26T11:30:00.000Z,0,0,,73.2,73.72,73.15,73.47,920
1782475200,2026-06-26T12:00:00.000Z,0,0,,73.44,73.49,73.02,73.05,1032
1782477000,2026-06-26T12:30:00.000Z,0,0,,73.04,73.11,72.7,72.71,1122
1782478800,2026-06-26T13:00:00.000Z,0,0,,72.72,73.88,72.7,73.01,4212
1782480600,2026-06-26T13:30:00.000Z,0,0,,73.05,73.23,72.6,72.82,2144
1782482400,2026-06-26T14:00:00.000Z,0,0,,72.85,72.97,72.31,72.55,1766
1782484200,2026-06-26T14:30:00.000Z,0,0,,72.57,72.69,72.26,72.66,1847
1782486000,2026-06-26T15:00:00.000Z,0,0,,72.69,72.7,71.93,72.1,2493
1782487800,2026-06-26T15:30:00.000Z,0,0,,72.12,72.9,72.06,72.41,2825
1782489600,2026-06-26T16:00:00.000Z,0,0,,72.44,72.67,72.33,72.46,1309
1782491400,2026-06-26T16:30:00.000Z,0,0,,72.46,72.67,72.31,72.65,924
1782493200,2026-06-26T17:00:00.000Z,0,0,,72.67,72.67,72.41,72.64,554
1782495000,2026-06-26T17:30:00.000Z,0,0,,72.63,72.84,72.58,72.63,697
1782496800,2026-06-26T18:00:00.000Z,0,0,,72.64,72.72,72.47,72.6,1269
1782498600,2026-06-26T18:30:00.000Z,0,0,,72.61,72.61,72.36,72.41,427
1782500400,2026-06-26T19:00:00.000Z,0,0,,72.42,72.56,72.32,72.52,272
1782502200,2026-06-26T19:30:00.000Z,0,0,,72.55,72.88,72.53,72.79,452
1782504000,2026-06-26T20:00:00.000Z,0,0,,72.8,72.89,72.67,72.85,248
1782505800,2026-06-26T20:30:00.000Z,0,0,,72.89,73.67,72.87,73.5,1146
1782507600,2026-06-26T21:00:00.000Z,0,0,,73.52,73.84,73.52,73.84,82
1782509400,2026-06-26T21:30:00.000Z,0,0,,73.73,73.78,73.5,73.61,65
1782684000,2026-06-28T22:00:00.000Z,0,0,,73.9,73.9,72.83,73.6,1303
1782685800,2026-06-28T22:30:00.000Z,0,0,,73.62,73.62,73.21,73.23,120
1782687600,2026-06-28T23:00:00.000Z,0,0,,73.26,73.3,73.1,73.1,134
1782689400,2026-06-28T23:30:00.000Z,0,0,,73.11,73.17,72.85,73.01,196
1782691200,2026-06-29T00:00:00.000Z,0,0,,72.99,73.05,72.57,73.04,407
1782693000,2026-06-29T00:30:00.000Z,0,0,,73.06,73.32,73,73.13,204
1782694800,2026-06-29T01:00:00.000Z,0,0,,73.14,73.51,72.97,73.32,718
1782696600,2026-06-29T01:30:00.000Z,0,0,,73.3,73.43,73.13,73.17,355
1782698400,2026-06-29T02:00:00.000Z,0,0,,73.19,73.35,73.13,73.27,207
1782700200,2026-06-29T02:30:00.000Z,0,0,,73.25,73.33,72.95,73.2,409
1782702000,2026-06-29T03:00:00.000Z,0,0,,73.19,73.35,73.11,73.24,200
1782703800,2026-06-29T03:30:00.000Z,0,0,,73.23,73.32,73.13,73.26,90
1782705600,2026-06-29T04:00:00.000Z,0,0,,73.29,73.33,73.21,73.28,98
1782707400,2026-06-29T04:30:00.000Z,0,0,,73.27,73.28,73.15,73.15,110
1782709200,2026-06-29T05:00:00.000Z,0,0,,73.16,73.2,72.91,72.98,221
1782711000,2026-06-29T05:30:00.000Z,0,0,,73.02,73.03,72.65,72.7,604
1782712800,2026-06-29T06:00:00.000Z,0,0,,72.72,73.31,72.67,73.28,595
1782714600,2026-06-29T06:30:00.000Z,0,0,,73.29,73.51,73.04,73.15,651
1782716400,2026-06-29T07:00:00.000Z,0,0,,73.18,73.2,72.95,73.12,725
1782718200,2026-06-29T07:30:00.000Z,0,0,,73.13,73.21,72.68,72.7,713
1782720000,2026-06-29T08:00:00.000Z,0,0,,72.72,73.44,72.69,73.39,1618
1782721800,2026-06-29T08:30:00.000Z,0,0,,73.41,73.47,73.1,73.27,1122
1782723600,2026-06-29T09:00:00.000Z,0,0,,73.3,73.51,73.07,73.47,749
1782725400,2026-06-29T09:30:00.000Z,0,0,,73.49,73.88,73.44,73.73,1043
1782727200,2026-06-29T10:00:00.000Z,0,0,,73.74,73.75,73.03,73.12,874
1782729000,2026-06-29T10:30:00.000Z,0,0,,73.14,73.26,73,73.04,530
1782730800,2026-06-29T11:00:00.000Z,0,0,,73.06,73.17,72.87,73.17,536
1782732600,2026-06-29T11:30:00.000Z,0,0,,73.15,73.23,72.75,73.13,1124
1782734400,2026-06-29T12:00:00.000Z,0,0,,73.14,73.34,72.88,73.31,667
1782736200,2026-06-29T12:30:00.000Z,0,0,,73.33,73.41,73.03,73.25,754
1782738000,2026-06-29T13:00:00.000Z,0,0,,73.24,73.49,73.09,73.44,1389
1782739800,2026-06-29T13:30:00.000Z,0,0,,73.46,73.51,73.24,73.29,1160
1782741600,2026-06-29T14:00:00.000Z,0,0,,73.32,73.69,73.19,73.61,1622
1782743400,2026-06-29T14:30:00.000Z,0,0,,73.63,73.78,73.49,73.64,1212
1782745200,2026-06-29T15:00:00.000Z,0,0,,73.67,73.72,73.46,73.64,1525
1782747000,2026-06-29T15:30:00.000Z,0,0,,73.65,73.89,73.59,73.81,955
1782748800,2026-06-29T16:00:00.000Z,0,0,,73.8,74.03,73.75,74,812
1782750600,2026-06-29T16:30:00.000Z,0,0,,74.03,74.25,73.94,73.99,937
1782752400,2026-06-29T17:00:00.000Z,0,0,,73.98,74.25,73.83,74.02,760
1782754200,2026-06-29T17:30:00.000Z,0,0,,74.01,74.15,73.96,74.02,713
1782756000,2026-06-29T18:00:00.000Z,0,0,,74.05,74.14,73.63,73.94,1396
1782757800,2026-06-29T18:30:00.000Z,0,0,,73.96,73.99,73.65,73.67,370
1782759600,2026-06-29T19:00:00.000Z,0,0,,73.69,73.76,73.61,73.61,171
1782761400,2026-06-29T19:30:00.000Z,0,0,,73.64,73.78,73.57,73.76,224
1782763200,2026-06-29T20:00:00.000Z,0,0,,73.75,73.79,73.65,73.69,82
1782765000,2026-06-29T20:30:00.000Z,0,0,,73.67,73.8,73.63,73.64,141
1782766800,2026-06-29T21:00:00.000Z,0,0,,73.65,73.66,73.43,73.43,45
1782768600,2026-06-29T21:30:00.000Z,0,0,,73.46,73.65,73.46,73.58,21
1782777600,2026-06-30T00:00:00.000Z,0,0,,73.4,73.67,73.35,73.61,186
1782779400,2026-06-30T00:30:00.000Z,0,0,,73.6,73.6,73.44,73.54,109
1782781200,2026-06-30T01:00:00.000Z,0,0,,73.52,73.68,73.33,73.44,280
1782783000,2026-06-30T01:30:00.000Z,0,0,,73.42,73.66,73.38,73.57,166
1782784800,2026-06-30T02:00:00.000Z,0,0,,73.61,73.73,73.55,73.68,191
1782786600,2026-06-30T02:30:00.000Z,0,0,,73.7,74.05,73.57,73.89,295
1782788400,2026-06-30T03:00:00.000Z,0,0,,73.91,73.94,73.71,73.73,205
1782790200,2026-06-30T03:30:00.000Z,0,0,,73.75,73.82,73.56,73.62,108
1782792000,2026-06-30T04:00:00.000Z,0,0,,73.63,73.73,73.5,73.52,98
1782793800,2026-06-30T04:30:00.000Z,0,0,,73.53,73.58,73.49,73.51,92
1782795600,2026-06-30T05:00:00.000Z,0,0,,73.51,73.52,73.23,73.49,202
1782797400,2026-06-30T05:30:00.000Z,0,0,,73.5,73.61,73.3,73.34,321
1782799200,2026-06-30T06:00:00.000Z,0,0,,73.37,73.4,73.09,73.11,601
1782801000,2026-06-30T06:30:00.000Z,0,0,,73.14,73.49,73.07,73.39,442
1782802800,2026-06-30T07:00:00.000Z,0,0,,73.4,73.63,73.35,73.55,600
1782804600,2026-06-30T07:30:00.000Z,0,0,,73.53,73.61,73.35,73.45,613
1782806400,2026-06-30T08:00:00.000Z,0,0,,73.49,74,73.34,73.72,1706
1782808200,2026-06-30T08:30:00.000Z,0,0,,73.74,74.08,73.56,73.71,1743
1782810000,2026-06-30T09:00:00.000Z,0,0,,73.72,74,73.65,73.93,1420
1782811800,2026-06-30T09:30:00.000Z,0,0,,73.95,74.25,73.89,74.23,837
1782813600,2026-06-30T10:00:00.000Z,0,0,,74.25,74.39,73.89,73.96,831
1782815400,2026-06-30T10:30:00.000Z,0,0,,73.93,74.17,73.77,73.93,674
1782817200,2026-06-30T11:00:00.000Z,0,0,,73.96,74.06,73.77,74.02,1355
1782819000,2026-06-30T11:30:00.000Z,0,0,,74.05,74.48,73.99,74.41,994
1782820800,2026-06-30T12:00:00.000Z,0,0,,74.44,74.9,74.3,74.51,1086
1782822600,2026-06-30T12:30:00.000Z,0,0,,74.5,74.51,74.14,74.21,1035
1782824400,2026-06-30T13:00:00.000Z,0,0,,74.22,74.85,74.1,74.52,2875
1782826200,2026-06-30T13:30:00.000Z,0,0,,74.55,74.55,74.01,74.26,1534
1782828000,2026-06-30T14:00:00.000Z,0,0,,74.25,74.32,73.91,74.17,1265
1782829800,2026-06-30T14:30:00.000Z,0,0,,74.18,74.25,73.83,73.95,1423
1782831600,2026-06-30T15:00:00.000Z,0,0,,73.96,73.97,73.55,73.61,2427
1782833400,2026-06-30T15:30:00.000Z,0,0,,73.62,73.75,73.31,73.36,1175
1782835200,2026-06-30T16:00:00.000Z,0,0,,73.38,73.73,73.36,73.55,710
1782837000,2026-06-30T16:30:00.000Z,0,0,,73.56,73.57,73.32,73.34,515
1782838800,2026-06-30T17:00:00.000Z,0,0,,73.36,73.42,73.04,73.11,831
1782840600,2026-06-30T17:30:00.000Z,0,0,,73.13,73.24,73.04,73.14,701
1782842400,2026-06-30T18:00:00.000Z,0,0,,73.17,73.22,72.66,72.94,1995
1782844200,2026-06-30T18:30:00.000Z,0,0,,72.96,73.42,72.91,73.34,581
1782846000,2026-06-30T19:00:00.000Z,0,0,,73.36,73.43,73.23,73.34,235
1782847800,2026-06-30T19:30:00.000Z,0,0,,73.35,73.48,73.34,73.42,283
1782849600,2026-06-30T20:00:00.000Z,0,0,,73.43,73.51,73.36,73.43,184
1782851400,2026-06-30T20:30:00.000Z,0,0,,73.4,73.44,73.34,73.39,176
1782853200,2026-06-30T21:00:00.000Z,0,0,,73.36,73.46,73.26,73.44,29
1782855000,2026-06-30T21:30:00.000Z,0,0,,73.43,73.45,73.42,73.42,5
1782864000,2026-07-01T00:00:00.000Z,0,0,,73.44,73.52,73.36,73.36,139
1782865800,2026-07-01T00:30:00.000Z,0,0,,73.41,73.52,73.4,73.51,77
1782867600,2026-07-01T01:00:00.000Z,0,0,,73.52,73.53,73.21,73.29,285
1782869400,2026-07-01T01:30:00.000Z,0,0,,73.31,73.36,73.07,73.18,240
1782871200,2026-07-01T02:00:00.000Z,0,0,,73.18,73.28,73.06,73.15,148
1782873000,2026-07-01T02:30:00.000Z,0,0,,73.17,73.31,73.12,73.23,172
1782874800,2026-07-01T03:00:00.000Z,0,0,,73.22,73.33,73.19,73.25,83
1782876600,2026-07-01T03:30:00.000Z,0,0,,73.22,73.36,73.22,73.27,66
1782878400,2026-07-01T04:00:00.000Z,0,0,,73.3,73.3,73.19,73.2,21
1782880200,2026-07-01T04:30:00.000Z,0,0,,73.22,73.24,73.14,73.18,77
1782882000,2026-07-01T05:00:00.000Z,0,0,,73.17,73.33,73.16,73.24,63
1782883800,2026-07-01T05:30:00.000Z,0,0,,73.23,73.25,73.02,73.05,236
1782885600,2026-07-01T06:00:00.000Z,0,0,,73.06,73.16,72.93,73.03,358
1782887400,2026-07-01T06:30:00.000Z,0,0,,73.01,73.13,72.93,73.1,448
1782889200,2026-07-01T07:00:00.000Z,0,0,,73.11,73.24,72.9,72.93,628
1782891000,2026-07-01T07:30:00.000Z,0,0,,72.96,73.08,72.76,72.92,533
1782892800,2026-07-01T08:00:00.000Z,0,0,,72.93,73.01,72.41,72.43,1516
1782894600,2026-07-01T08:30:00.000Z,0,0,,72.46,72.52,71.72,71.76,1891
1782896400,2026-07-01T09:00:00.000Z,0,0,,71.78,72,71.62,71.86,1165
1782898200,2026-07-01T09:30:00.000Z,0,0,,71.87,72.24,71.83,72.2,927
1782900000,2026-07-01T10:00:00.000Z,0,0,,72.21,72.42,72.12,72.2,813
1782901800,2026-07-01T10:30:00.000Z,0,0,,72.19,72.38,72.06,72.25,716
1782903600,2026-07-01T11:00:00.000Z,0,0,,72.26,72.42,72.14,72.3,627
1782905400,2026-07-01T11:30:00.000Z,0,0,,72.32,72.39,72.18,72.31,618
1782907200,2026-07-01T12:00:00.000Z,0,0,,72.32,72.32,71.97,72.03,827
1782909000,2026-07-01T12:30:00.000Z,0,0,,72.04,72.11,71.72,71.83,996
1782910800,2026-07-01T13:00:00.000Z,0,0,,71.86,72.31,71.84,71.85,1406
1782912600,2026-07-01T13:30:00.000Z,0,0,,71.88,72.24,71.77,72.13,1266
1782914400,2026-07-01T14:00:00.000Z,0,0,,72.15,72.21,71.8,71.87,1179
1782916200,2026-07-01T14:30:00.000Z,0,0,,71.88,71.92,71.26,71.29,1969
1782918000,2026-07-01T15:00:00.000Z,0,0,,71.3,71.69,71.1,71.17,2145
1782919800,2026-07-01T15:30:00.000Z,0,0,,71.18,71.45,71.13,71.2,1441
1782921600,2026-07-01T16:00:00.000Z,0,0,,71.19,71.39,71.07,71.25,935
1782923400,2026-07-01T16:30:00.000Z,0,0,,71.28,71.48,71.19,71.33,721
1782925200,2026-07-01T17:00:00.000Z,0,0,,71.32,71.4,71.18,71.39,435
1782927000,2026-07-01T17:30:00.000Z,0,0,,71.4,71.42,71.18,71.38,599
1782928800,2026-07-01T18:00:00.000Z,0,0,,71.4,71.74,71.27,71.66,1233
1782930600,2026-07-01T18:30:00.000Z,0,0,,71.68,71.72,71.37,71.39,709
1782932400,2026-07-01T19:00:00.000Z,0,0,,71.4,71.42,71.28,71.32,255
1782934200,2026-07-01T19:30:00.000Z,0,0,,71.34,71.35,71.03,71.13,523
1782936000,2026-07-01T20:00:00.000Z,0,0,,71.15,71.26,71.08,71.25,181
1782937800,2026-07-01T20:30:00.000Z,0,0,,71.22,71.25,71.13,71.17,112
1782939600,2026-07-01T21:00:00.000Z,0,0,,71.18,71.24,71.09,71.19,51
1782941400,2026-07-01T21:30:00.000Z,0,0,,71.22,71.22,71.11,71.2,7
1782950400,2026-07-02T00:00:00.000Z,0,0,,71.21,71.22,70.9,70.98,281
1782952200,2026-07-02T00:30:00.000Z,0,0,,70.99,71.05,70.84,71,168
1782954000,2026-07-02T01:00:00.000Z,0,0,,71.01,71.08,70.67,70.7,580
1782955800,2026-07-02T01:30:00.000Z,0,0,,70.68,70.93,70.68,70.89,159
1782957600,2026-07-02T02:00:00.000Z,0,0,,70.9,71.1,70.75,70.9,197
1782959400,2026-07-02T02:30:00.000Z,0,0,,70.92,71,70.71,70.77,176
1782961200,2026-07-02T03:00:00.000Z,0,0,,70.76,70.83,70.63,70.66,216
1782963000,2026-07-02T03:30:00.000Z,0,0,,70.69,70.84,70.63,70.73,239
1782964800,2026-07-02T04:00:00.000Z,0,0,,70.74,70.86,70.74,70.84,39
1782966600,2026-07-02T04:30:00.000Z,0,0,,70.85,70.93,70.82,70.93,89
1782968400,2026-07-02T05:00:00.000Z,0,0,,70.92,70.93,70.85,70.87,51
1782970200,2026-07-02T05:30:00.000Z,0,0,,70.9,70.91,70.66,70.89,416
1782972000,2026-07-02T06:00:00.000Z,0,0,,70.9,71.04,70.67,71,465
1782973800,2026-07-02T06:30:00.000Z,0,0,,71.03,71.03,70.55,70.58,626
1782975600,2026-07-02T07:00:00.000Z,0,0,,70.6,71.08,70.38,70.96,1030
1782977400,2026-07-02T07:30:00.000Z,0,0,,70.97,71.18,70.76,70.83,916
1782979200,2026-07-02T08:00:00.000Z,0,0,,70.85,71.22,70.76,71.07,2043
1782981000,2026-07-02T08:30:00.000Z,0,0,,71.09,71.2,70.75,70.84,1044
1782982800,2026-07-02T09:00:00.000Z,0,0,,70.86,70.87,70.49,70.5,716
1782984600,2026-07-02T09:30:00.000Z,0,0,,70.51,70.68,70.39,70.51,735
1782986400,2026-07-02T10:00:00.000Z,0,0,,70.52,70.73,70.44,70.69,597
1782988200,2026-07-02T10:30:00.000Z,0,0,,70.68,70.76,70.49,70.52,477
1782990000,2026-07-02T11:00:00.000Z,0,0,,70.54,70.72,70.28,70.4,584
1782991800,2026-07-02T11:30:00.000Z,0,0,,70.39,70.46,70.14,70.29,823
1782993600,2026-07-02T12:00:00.000Z,0,0,,70.31,70.45,70.17,70.44,640
1782995400,2026-07-02T12:30:00.000Z,0,0,,70.41,70.7,70.34,70.61,1026
1782997200,2026-07-02T13:00:00.000Z,0,0,,70.6,70.83,70.5,70.81,1432
1782999000,2026-07-02T13:30:00.000Z,0,0,,70.8,71.17,70.71,70.88,1516
1783000800,2026-07-02T14:00:00.000Z,0,0,,70.91,70.93,70.65,70.74,1381
1783002600,2026-07-02T14:30:00.000Z,0,0,,70.76,70.97,70.69,70.87,1185
1783004400,2026-07-02T15:00:00.000Z,0,0,,70.88,70.94,70.53,70.69,2003
1783006200,2026-07-02T15:30:00.000Z,0,0,,70.71,70.77,70.42,70.74,1075
1783008000,2026-07-02T16:00:00.000Z,0,0,,70.77,71.23,70.71,71.15,1131
1783009800,2026-07-02T16:30:00.000Z,0,0,,71.16,71.34,71.02,71.17,700
1783011600,2026-07-02T17:00:00.000Z,0,0,,71.19,71.44,71.12,71.43,627
1783013400,2026-07-02T17:30:00.000Z,0,0,,71.44,71.56,71.37,71.5,970
1783015200,2026-07-02T18:00:00.000Z,0,0,,71.52,71.92,71.41,71.77,1925
1783017000,2026-07-02T18:30:00.000Z,0,0,,71.8,71.81,71.52,71.53,510
1783018800,2026-07-02T19:00:00.000Z,0,0,,71.56,71.64,71.51,71.59,312
1783020600,2026-07-02T19:30:00.000Z,0,0,,71.61,71.68,71.55,71.6,178
1783022400,2026-07-02T20:00:00.000Z,0,0,,71.61,71.64,71.56,71.57,168
1783024200,2026-07-02T20:30:00.000Z,0,0,,71.59,71.63,71.56,71.6,154
1783026000,2026-07-02T21:00:00.000Z,0,0,,71.57,71.6,71.57,71.59,6
1783027800,2026-07-02T21:30:00.000Z,0,0,,71.61,71.62,71.55,71.57,16
1783036800,2026-07-03T00:00:00.000Z,0,0,,71.51,71.58,71.47,71.53,80
1783038600,2026-07-03T00:30:00.000Z,0,0,,71.51,71.64,71.49,71.54,48
1783040400,2026-07-03T01:00:00.000Z,0,0,,71.57,71.71,71.44,71.67,249
1783042200,2026-07-03T01:30:00.000Z,0,0,,71.69,72.1,71.67,72.07,437
1783044000,2026-07-03T02:00:00.000Z,0,0,,72.09,72.17,72.03,72.08,239
1783045800,2026-07-03T02:30:00.000Z,0,0,,72.1,72.32,72.02,72.08,388
1783047600,2026-07-03T03:00:00.000Z,0,0,,72.06,72.37,72.06,72.29,175
1783049400,2026-07-03T03:30:00.000Z,0,0,,72.26,72.29,72.19,72.27,52
1783051200,2026-07-03T04:00:00.000Z,0,0,,72.26,72.29,72.19,72.23,54
1783053000,2026-07-03T04:30:00.000Z,0,0,,72.22,72.32,72.18,72.18,86
1783054800,2026-07-03T05:00:00.000Z,0,0,,72.2,72.31,72.2,72.21,87
1783056600,2026-07-03T05:30:00.000Z,0,0,,72.22,72.47,72.19,72.41,235
1783058400,2026-07-03T06:00:00.000Z,0,0,,72.42,72.49,72.11,72.18,431
1783060200,2026-07-03T06:30:00.000Z,0,0,,72.22,72.34,72.1,72.15,343
1783062000,2026-07-03T07:00:00.000Z,0,0,,72.18,72.24,71.77,71.83,611
1783063800,2026-07-03T07:30:00.000Z,0,0,,71.8,71.97,71.64,71.76,477
1783065600,2026-07-03T08:00:00.000Z,0,0,,71.77,71.98,71.35,71.43,1875
1783067400,2026-07-03T08:30:00.000Z,0,0,,71.46,72.09,71.38,72.06,1202
1783069200,2026-07-03T09:00:00.000Z,0,0,,72.07,72.14,71.74,71.98,900
1783071000,2026-07-03T09:30:00.000Z,0,0,,72.01,72.05,71.79,71.93,474
1783072800,2026-07-03T10:00:00.000Z,0,0,,71.97,72,71.79,71.89,455
1783074600,2026-07-03T10:30:00.000Z,0,0,,71.9,72,71.71,71.89,397
1783076400,2026-07-03T11:00:00.000Z,0,0,,71.92,72.01,71.69,71.77,475
1783078200,2026-07-03T11:30:00.000Z,0,0,,71.79,71.79,71.61,71.68,380
1783080000,2026-07-03T12:00:00.000Z,0,0,,71.69,71.7,71.39,71.54,517
1783081800,2026-07-03T12:30:00.000Z,0,0,,71.56,71.56,71.3,71.49,479
1783083600,2026-07-03T13:00:00.000Z,0,0,,71.51,71.99,71.45,71.95,1235
1783085400,2026-07-03T13:30:00.000Z,0,0,,71.92,72.1,71.82,72.08,682
1783087200,2026-07-03T14:00:00.000Z,0,0,,72.09,72.28,71.84,71.99,904
1783089000,2026-07-03T14:30:00.000Z,0,0,,71.97,72.17,71.86,71.94,772
1783090800,2026-07-03T15:00:00.000Z,0,0,,71.93,71.98,71.62,71.84,1348
1783092600,2026-07-03T15:30:00.000Z,0,0,,71.85,72.11,71.7,72.09,688
1783094400,2026-07-03T16:00:00.000Z,0,0,,72.1,72.15,71.94,72.04,377
1783096200,2026-07-03T16:30:00.000Z,0,0,,72.05,72.18,71.91,72.11,592
1783098000,2026-07-03T17:00:00.000Z,0,0,,72.12,72.14,71.91,71.93,263
1783288800,2026-07-05T22:00:00.000Z,0,0,,71.9,71.92,71.7,71.74,225
1783290600,2026-07-05T22:30:00.000Z,0,0,,71.72,71.77,71.65,71.65,33
1783292400,2026-07-05T23:00:00.000Z,0,0,,71.65,71.79,71.65,71.65,42
1783294200,2026-07-05T23:30:00.000Z,0,0,,71.63,71.67,71.56,71.61,41
1783296000,2026-07-06T00:00:00.000Z,0,0,,71.59,71.96,71.56,71.65,155
1783297800,2026-07-06T00:30:00.000Z,0,0,,71.65,71.72,71.56,71.58,109
1783299600,2026-07-06T01:00:00.000Z,0,0,,71.57,72,71.48,71.89,375
1783301400,2026-07-06T01:30:00.000Z,0,0,,71.85,72.17,71.65,72.12,697
1783303200,2026-07-06T02:00:00.000Z,0,0,,72.15,72.41,72.1,72.33,290
1783305000,2026-07-06T02:30:00.000Z,0,0,,72.36,72.36,71.78,71.87,336
1783306800,2026-07-06T03:00:00.000Z,0,0,,71.88,71.89,71.68,71.8,181
1783308600,2026-07-06T03:30:00.000Z,0,0,,71.79,71.81,71.63,71.71,110
1783310400,2026-07-06T04:00:00.000Z,0,0,,71.71,71.91,71.69,71.87,67
1783312200,2026-07-06T04:30:00.000Z,0,0,,71.86,71.93,71.81,71.87,87
1783314000,2026-07-06T05:00:00.000Z,0,0,,71.85,72.01,71.84,71.93,108
1783315800,2026-07-06T05:30:00.000Z,0,0,,71.97,72.11,71.91,72.07,217
1783317600,2026-07-06T06:00:00.000Z,0,0,,72.08,72.45,72.05,72.15,529
1783319400,2026-07-06T06:30:00.000Z,0,0,,72.17,72.2,71.98,72.07,396
1783321200,2026-07-06T07:00:00.000Z,0,0,,72.06,72.07,71.75,71.81,728
1783323000,2026-07-06T07:30:00.000Z,0,0,,71.82,71.83,71.02,71.15,1051
1783324800,2026-07-06T08:00:00.000Z,0,0,,71.16,71.62,71.11,71.37,1941
1783326600,2026-07-06T08:30:00.000Z,0,0,,71.4,71.93,71.35,71.53,995
1783328400,2026-07-06T09:00:00.000Z,0,0,,71.56,71.93,71.54,71.66,611
1783330200,2026-07-06T09:30:00.000Z,0,0,,71.67,71.92,71.48,71.66,571
1783332000,2026-07-06T10:00:00.000Z,0,0,,71.69,71.81,71.47,71.68,557
1783333800,2026-07-06T10:30:00.000Z,0,0,,71.72,72.06,71.51,72,506
1783335600,2026-07-06T11:00:00.000Z,0,0,,71.99,72.13,71.93,71.99,559
1783337400,2026-07-06T11:30:00.000Z,0,0,,72,72.07,71.71,72.06,366
1783339200,2026-07-06T12:00:00.000Z,0,0,,72.07,72.15,71.58,71.62,759
1783341000,2026-07-06T12:30:00.000Z,0,0,,71.65,71.86,71.63,71.8,626
1783342800,2026-07-06T13:00:00.000Z,0,0,,71.79,72.26,71.56,72.25,1424
1783344600,2026-07-06T13:30:00.000Z,0,0,,72.24,72.37,71.88,72.15,1135
1783346400,2026-07-06T14:00:00.000Z,0,0,,72.14,72.42,71.93,72.35,1300
1783348200,2026-07-06T14:30:00.000Z,0,0,,72.36,72.61,72.18,72.24,1698
1783350000,2026-07-06T15:00:00.000Z,0,0,,72.23,72.36,71.99,72.22,1930
1783351800,2026-07-06T15:30:00.000Z,0,0,,72.25,72.4,72.06,72.15,1006
1783353600,2026-07-06T16:00:00.000Z,0,0,,72.16,72.23,71.83,71.84,762
1783355400,2026-07-06T16:30:00.000Z,0,1,,71.87,71.92,71.73,71.79,597
1783357200,2026-07-06T17:00:00.000Z,0,0,,71.8,71.93,71.66,71.85,552
1783359000,2026-07-06T17:30:00.000Z,0,0,,71.83,72.02,71.81,71.93,644
1783360800,2026-07-06T18:00:00.000Z,0,0,,71.95,72.07,71.88,71.97,1094
1783362600,2026-07-06T18:30:00.000Z,0,0,,71.99,72.04,71.8,72,425
1783364400,2026-07-06T19:00:00.000Z,0,0,,71.98,72.18,71.98,72.14,421
1783366200,2026-07-06T19:30:00.000Z,0,0,,72.16,72.19,72.06,72.07,285
1783368000,2026-07-06T20:00:00.000Z,0,0,,72.09,72.13,72.01,72.09,66
1783369800,2026-07-06T20:30:00.000Z,0,0,,72.07,72.15,71.99,72.01,63
1783371600,2026-07-06T21:00:00.000Z,0,0,,72.05,72.07,72.02,72.07,10
1783373400,2026-07-06T21:30:00.000Z,0,0,,72.06,72.08,72,72,10
1783382400,2026-07-07T00:00:00.000Z,0,0,,72.11,72.36,72.11,72.17,223
1783384200,2026-07-07T00:30:00.000Z,0,0,,72.19,72.34,72.12,72.32,132
1783386000,2026-07-07T01:00:00.000Z,0,0,,72.32,72.41,72.04,72.22,337
1783387800,2026-07-07T01:30:00.000Z,0,0,,72.2,72.52,72.19,72.48,223
1783389600,2026-07-07T02:00:00.000Z,0,0,,72.51,72.71,72.43,72.69,223
1783391400,2026-07-07T02:30:00.000Z,0,0,,72.7,72.75,72.43,72.48,206
1783393200,2026-07-07T03:00:00.000Z,0,0,,72.46,72.7,72.44,72.54,198
1783395000,2026-07-07T03:30:00.000Z,0,0,,72.54,72.54,72.35,72.47,153
1783396800,2026-07-07T04:00:00.000Z,0,0,,72.48,72.52,72.43,72.52,76
1783398600,2026-07-07T04:30:00.000Z,0,0,,72.53,72.54,72.46,72.5,82
1783400400,2026-07-07T05:00:00.000Z,0,0,,72.49,72.73,72.46,72.7,203
1783402200,2026-07-07T05:30:00.000Z,0,0,,72.71,72.91,72.59,72.86,234
1783404000,2026-07-07T06:00:00.000Z,0,0,,72.87,72.93,72.7,72.77,399
1783405800,2026-07-07T06:30:00.000Z,0,0,,72.78,73,72.73,72.97,471
1783407600,2026-07-07T07:00:00.000Z,0,0,,73,73.08,72.83,72.97,796
1783409400,2026-07-07T07:30:00.000Z,0,0,,72.98,73.15,72.8,72.84,803
1783411200,2026-07-07T08:00:00.000Z,0,0,,72.85,72.97,72.56,72.58,1567
1783413000,2026-07-07T08:30:00.000Z,0,0,,72.6,73.11,72.5,72.89,1303
1783414800,2026-07-07T09:00:00.000Z,0,0,,72.9,73.31,72.76,72.92,1091
1783416600,2026-07-07T09:30:00.000Z,0,0,,72.93,73.03,72.66,72.87,643
1783418400,2026-07-07T10:00:00.000Z,0,0,,72.88,72.88,72.66,72.74,459
1783420200,2026-07-07T10:30:00.000Z,0,0,,72.76,73,72.63,72.96,527
1783422000,2026-07-07T11:00:00.000Z,0,0,,72.99,73.06,72.64,72.67,572
1783423800,2026-07-07T11:30:00.000Z,0,1,,72.64,72.75,72.51,72.57,631
1783425600,2026-07-07T12:00:00.000Z,0,0,,72.6,72.66,72.41,72.58,721
1783427400,2026-07-07T12:30:00.000Z,0,0,,72.59,72.82,72.46,72.59,766
1783429200,2026-07-07T13:00:00.000Z,0,0,,72.61,73.38,72.57,73.13,2012
1783431000,2026-07-07T13:30:00.000Z,0,0,,73.15,73.6,73.02,73.58,2063
1783432800,2026-07-07T14:00:00.000Z,0,0,,73.57,74.16,73.44,73.81,3109
1783434600,2026-07-07T14:30:00.000Z,0,0,,73.8,73.92,73.5,73.76,1621
1783436400,2026-07-07T15:00:00.000Z,0,0,,73.78,74.05,73.69,73.75,1944
1783438200,2026-07-07T15:30:00.000Z,0,0,,73.78,74.14,73.62,73.94,1222
1783440000,2026-07-07T16:00:00.000Z,0,0,,73.96,74.33,73.91,74.19,953
1783441800,2026-07-07T16:30:00.000Z,0,0,,74.21,74.22,74.05,74.1,580
1783443600,2026-07-07T17:00:00.000Z,0,0,,74.12,74.34,74.03,74.26,682
1783445400,2026-07-07T17:30:00.000Z,0,0,,74.29,74.41,74.04,74.11,606
1783447200,2026-07-07T18:00:00.000Z,0,0,,74.12,74.26,74.05,74.18,1144
1783449000,2026-07-07T18:30:00.000Z,0,0,,74.21,75.07,73.97,75.05,1816
1783450800,2026-07-07T19:00:00.000Z,0,0,,75.07,76.36,75.03,76.01,3442
1783452600,2026-07-07T19:30:00.000Z,0,0,,76.03,76.13,75.56,75.64,1213
1783454400,2026-07-07T20:00:00.000Z,0,0,,75.67,75.89,75.59,75.8,392
1783456200,2026-07-07T20:30:00.000Z,0,0,,75.79,76.01,75.79,75.89,348
1783458000,2026-07-07T21:00:00.000Z,0,0,,75.91,76.6,75.89,76.49,353
1783459800,2026-07-07T21:30:00.000Z,0,0,,76.52,76.53,75.87,75.93,177
1783468800,2026-07-08T00:00:00.000Z,0,0,,76.17,76.41,76.08,76.23,601
1783470600,2026-07-08T00:30:00.000Z,0,0,,76.21,76.21,75.69,75.76,333
1783472400,2026-07-08T01:00:00.000Z,0,0,,75.75,75.82,75.44,75.51,972
1783474200,2026-07-08T01:30:00.000Z,0,0,,75.5,75.88,75.49,75.86,486
1783476000,2026-07-08T02:00:00.000Z,0,0,,75.84,76.28,75.71,76.17,427
1783477800,2026-07-08T02:30:00.000Z,0,0,,76.19,76.23,75.8,76.04,368
1783479600,2026-07-08T03:00:00.000Z,0,0,,76.02,76.19,75.99,76.07,281
1783481400,2026-07-08T03:30:00.000Z,0,0,,76.06,76.13,76,76.09,135
1783483200,2026-07-08T04:00:00.000Z,0,0,,76.11,76.25,76.07,76.1,162
1783485000,2026-07-08T04:30:00.000Z,0,0,,76.09,76.18,76.04,76.17,116
1783486800,2026-07-08T05:00:00.000Z,0,0,,76.21,76.75,76.16,76.57,429
1783488600,2026-07-08T05:30:00.000Z,0,0,,76.57,76.65,76.15,76.61,624
1783490400,2026-07-08T06:00:00.000Z,0,0,,76.6,76.75,76.42,76.51,900
1783492200,2026-07-08T06:30:00.000Z,0,0,,76.5,76.66,76.38,76.45,986
1783494000,2026-07-08T07:00:00.000Z,0,0,,76.42,76.73,75.85,75.87,1496
1783495800,2026-07-08T07:30:00.000Z,0,0,,75.88,76.01,75.69,75.95,1139
1783497600,2026-07-08T08:00:00.000Z,0,0,,75.97,78.16,75.83,77.83,6813
1783499400,2026-07-08T08:30:00.000Z,0,0,,77.85,78.79,77.77,78.68,4198
1783501200,2026-07-08T09:00:00.000Z,0,0,,78.7,79.26,78.62,78.92,2832
1783503000,2026-07-08T09:30:00.000Z,0,0,,78.91,78.95,78.45,78.76,1933
1783504800,2026-07-08T10:00:00.000Z,0,0,,78.78,78.81,78.21,78.22,1283
1783506600,2026-07-08T10:30:00.000Z,0,0,,78.23,78.25,77.77,78.19,1721
1783508400,2026-07-08T11:00:00.000Z,0,0,,78.2,78.51,77.97,78.38,902
1783510200,2026-07-08T11:30:00.000Z,0,0,,78.38,78.63,77.49,78.15,2663
1783512000,2026-07-08T12:00:00.000Z,0,0,,78.14,78.4,77.28,77.38,1739
1783513800,2026-07-08T12:30:00.000Z,0,0,,77.4,77.94,77.18,77.9,2399
1783515600,2026-07-08T13:00:00.000Z,0,0,,77.9,78.49,77.73,78.36,4263
1783517400,2026-07-08T13:30:00.000Z,0,0,,78.35,78.43,77.53,77.97,2563
1783519200,2026-07-08T14:00:00.000Z,0,0,,77.98,79.72,77.95,79.68,3542
1783521000,2026-07-08T14:30:00.000Z,0,0,,79.72,79.93,79.27,79.61,4428
1783522800,2026-07-08T15:00:00.000Z,0,0,,79.62,80.13,79.54,79.55,4871
1783524600,2026-07-08T15:30:00.000Z,0,0,,79.59,80.59,79.56,80.29,3147
1783526400,2026-07-08T16:00:00.000Z,0,0,,80.28,80.43,79.15,79.4,2998
1783528200,2026-07-08T16:30:00.000Z,0,0,,79.42,79.76,78.74,78.91,4212
1783530000,2026-07-08T17:00:00.000Z,0,0,,78.94,78.96,78.29,78.33,1572
1783531800,2026-07-08T17:30:00.000Z,0,0,,78.34,78.6,78.12,78.32,1441
1783533600,2026-07-08T18:00:00.000Z,0,0,,78.34,78.37,77.88,77.99,2170
1783535400,2026-07-08T18:30:00.000Z,0,0,,78.01,78.3,77.88,78.08,959
1783537200,2026-07-08T19:00:00.000Z,0,0,,78.1,78.22,77.96,78.08,465
1783539000,2026-07-08T19:30:00.000Z,0,0,,78.09,78.81,78.05,78.6,987
1783540800,2026-07-08T20:00:00.000Z,0,0,,78.63,79.31,78.6,79.1,924
1783542600,2026-07-08T20:30:00.000Z,0,0,,79.09,79.51,79.06,79.31,648
1783544400,2026-07-08T21:00:00.000Z,0,0,,79.29,79.53,79.14,79.29,168
1783546200,2026-07-08T21:30:00.000Z,0,0,,79.3,79.54,79.19,79.49,50
1783555200,2026-07-09T00:00:00.000Z,0,0,,78.99,79.09,78.65,78.75,287
1783557000,2026-07-09T00:30:00.000Z,0,0,,78.78,78.92,78.54,78.54,255
1783558800,2026-07-09T01:00:00.000Z,0,0,,78.57,79.18,78.37,78.97,829
1783560600,2026-07-09T01:30:00.000Z,0,0,,78.93,78.95,78.62,78.64,307
1783562400,2026-07-09T02:00:00.000Z,0,0,,78.66,78.86,78.48,78.77,413
1783564200,2026-07-09T02:30:00.000Z,0,0,,78.78,79.21,78.78,79.03,395
1783566000,2026-07-09T03:00:00.000Z,0,0,,79.07,79.14,78.79,78.92,214
1783567800,2026-07-09T03:30:00.000Z,0,0,,78.91,78.95,78.69,78.86,167
1783569600,2026-07-09T04:00:00.000Z,0,0,,78.84,78.98,78.82,78.95,82
1783571400,2026-07-09T04:30:00.000Z,0,0,,78.9,78.95,78.81,78.91,99
1783573200,2026-07-09T05:00:00.000Z,0,0,,78.91,79.05,78.57,78.86,481
1783575000,2026-07-09T05:30:00.000Z,0,0,,78.85,78.85,77.51,77.61,1508
1783576800,2026-07-09T06:00:00.000Z,0,0,,77.64,78.1,77.57,77.83,887
1783578600,2026-07-09T06:30:00.000Z,0,0,,77.86,77.92,77.68,77.8,556
1783580400,2026-07-09T07:00:00.000Z,0,0,,77.81,78.19,77.58,77.62,959
1783582200,2026-07-09T07:30:00.000Z,0,0,,77.6,77.67,76.9,77.13,1826
1783584000,2026-07-09T08:00:00.000Z,0,0,,77.12,77.33,76.75,76.87,2273
1783585800,2026-07-09T08:30:00.000Z,0,0,,76.89,77.48,76.78,77.46,1365
1783587600,2026-07-09T09:00:00.000Z,0,0,,77.47,77.74,77.39,77.68,1021
1783589400,2026-07-09T09:30:00.000Z,0,0,,77.7,78.14,77.59,78.07,1286
1783591200,2026-07-09T10:00:00.000Z,0,0,,78.1,78.43,77.98,78.39,957
1783593000,2026-07-09T10:30:00.000Z,0,0,,78.42,79.25,78.23,78.86,1549
1783594800,2026-07-09T11:00:00.000Z,0,0,,78.88,78.9,78.51,78.71,1336
1783596600,2026-07-09T11:30:00.000Z,0,0,,78.72,78.84,78.47,78.58,1024
1783598400,2026-07-09T12:00:00.000Z,0,0,,78.59,78.74,78.25,78.53,899
1783600200,2026-07-09T12:30:00.000Z,0,0,,78.51,78.76,78.31,78.64,1159
1783602000,2026-07-09T13:00:00.000Z,0,0,,78.65,78.72,77.71,77.99,2132
1783603800,2026-07-09T13:30:00.000Z,0,0,,77.99,78.06,77.39,77.39,1924
1783605600,2026-07-09T14:00:00.000Z,0,0,,77.43,77.58,77.07,77.29,1711
1783607400,2026-07-09T14:30:00.000Z,0,0,,77.29,77.68,76.83,76.93,2136
1783609200,2026-07-09T15:00:00.000Z,0,0,,76.94,77.1,76.71,76.82,2282
1783611000,2026-07-09T15:30:00.000Z,0,0,,76.84,77.08,76.18,76.6,1728
1783612800,2026-07-09T16:00:00.000Z,0,0,,76.59,76.72,76.26,76.35,1201
1783614600,2026-07-09T16:30:00.000Z,0,0,,76.36,76.45,75.83,76.16,1278
1783616400,2026-07-09T17:00:00.000Z,0,0,,76.17,76.3,75.94,76,824
1783618200,2026-07-09T17:30:00.000Z,0,0,,75.99,76.05,75.58,75.67,1117
1783620000,2026-07-09T18:00:00.000Z,0,0,,75.68,76.48,75.58,76.28,2245
1783621800,2026-07-09T18:30:00.000Z,0,0,,76.3,76.32,75.8,75.83,973
1783623600,2026-07-09T19:00:00.000Z,0,0,,75.85,75.95,75.67,75.94,408
1783625400,2026-07-09T19:30:00.000Z,0,0,,75.95,76.14,75.92,76.11,268
1783627200,2026-07-09T20:00:00.000Z,0,0,,76.12,76.15,75.87,76.06,189
1783629000,2026-07-09T20:30:00.000Z,0,0,,76.07,76.15,75.97,76.06,169
1783630800,2026-07-09T21:00:00.000Z,0,0,,76.09,76.31,76.08,76.13,100
1783632600,2026-07-09T21:30:00.000Z,0,0,,76.14,76.14,75.78,75.91,72
1783641600,2026-07-10T00:00:00.000Z,0,0,,76.15,76.19,75.97,76.04,253
1783643400,2026-07-10T00:30:00.000Z,0,0,,76.03,76.19,76.03,76.15,131
1783645200,2026-07-10T01:00:00.000Z,0,0,,76.15,76.4,75.92,76.27,551
1783647000,2026-07-10T01:30:00.000Z,0,0,,76.31,76.41,76.18,76.35,308
1783648800,2026-07-10T02:00:00.000Z,0,0,,76.36,76.51,76.28,76.49,211
1783650600,2026-07-10T02:30:00.000Z,0,0,,76.51,76.64,76.37,76.55,215
1783652400,2026-07-10T03:00:00.000Z,0,0,,76.53,76.59,76.36,76.46,158
1783654200,2026-07-10T03:30:00.000Z,0,0,,76.47,76.66,76.43,76.66,94
1783656000,2026-07-10T04:00:00.000Z,0,0,,76.66,76.85,76.61,76.77,175
1783657800,2026-07-10T04:30:00.000Z,0,0,,76.74,76.74,76.43,76.53,163
1783659600,2026-07-10T05:00:00.000Z,0,0,,76.52,76.66,76.52,76.53,117
1783661400,2026-07-10T05:30:00.000Z,0,0,,76.52,76.66,76.22,76.42,283
1783663200,2026-07-10T06:00:00.000Z,0,0,,76.46,76.46,75.96,76.07,543
1783665000,2026-07-10T06:30:00.000Z,0,0,,76.04,76.47,76.04,76.24,484
1783666800,2026-07-10T07:00:00.000Z,0,0,,76.2,76.26,75.61,75.73,986
1783668600,2026-07-10T07:30:00.000Z,0,0,,75.73,75.86,75.45,75.76,907
1783670400,2026-07-10T08:00:00.000Z,0,0,,75.78,75.89,75.36,75.86,1887
1783672200,2026-07-10T08:30:00.000Z,0,0,,75.89,76.4,75.85,76.16,1390
1783674000,2026-07-10T09:00:00.000Z,0,0,,76.17,76.35,75.74,75.85,810
1783675800,2026-07-10T09:30:00.000Z,0,0,,75.88,76.21,75.76,76.08,579
1783677600,2026-07-10T10:00:00.000Z,0,0,,76.11,76.26,76.04,76.22,586
1783679400,2026-07-10T10:30:00.000Z,0,0,,76.21,76.57,76.13,76.5,651
1783681200,2026-07-10T11:00:00.000Z,0,0,,76.53,76.94,76.44,76.83,954
1783683000,2026-07-10T11:30:00.000Z,0,0,,76.85,77.13,76.8,77,851
1783684800,2026-07-10T12:00:00.000Z,0,0,,77.03,77.15,75.76,76.44,2674
1783686600,2026-07-10T12:30:00.000Z,0,0,,76.47,76.74,76.33,76.37,1012
1783688400,2026-07-10T13:00:00.000Z,0,0,,76.38,76.72,76.22,76.45,1251
1783690200,2026-07-10T13:30:00.000Z,0,0,,76.48,76.56,75.87,75.98,1592
1783692000,2026-07-10T14:00:00.000Z,0,0,,76,76.32,75.96,76.14,1197
1783693800,2026-07-10T14:30:00.000Z,0,0,,76.16,77.52,75.88,76.39,5129
1783695600,2026-07-10T15:00:00.000Z,0,0,,76.42,76.42,75.62,75.8,2859
1783697400,2026-07-10T15:30:00.000Z,0,0,,75.81,75.9,75.3,75.51,1624
1783699200,2026-07-10T16:00:00.000Z,0,0,,75.53,75.96,75.53,75.74,1159
1783701000,2026-07-10T16:30:00.000Z,0,0,,75.75,75.78,75.48,75.57,697
1783702800,2026-07-10T17:00:00.000Z,0,0,,75.6,75.91,75.54,75.77,683
1783704600,2026-07-10T17:30:00.000Z,0,0,,75.79,75.92,75.68,75.88,836
1783706400,2026-07-10T18:00:00.000Z,0,0,,75.87,76.1,75.69,75.99,2131
1783708200,2026-07-10T18:30:00.000Z,0,0,,76.01,76.15,75.96,76.11,531
1783710000,2026-07-10T19:00:00.000Z,0,0,,76.13,76.17,76,76.09,233
1783711800,2026-07-10T19:30:00.000Z,0,0,,76.08,76.15,75.9,76.02,321
1783713600,2026-07-10T20:00:00.000Z,0,0,,76.03,76.05,75.95,76.01,122
1783715400,2026-07-10T20:30:00.000Z,0,0,,76.02,76.09,75.93,76.04,232
1783717200,2026-07-10T21:00:00.000Z,0,0,,76.03,76.1,75.22,75.31,168
1783719000,2026-07-10T21:30:00.000Z,0,0,,75.26,75.3,75.22,75.22,52
1783893600,2026-07-12T22:00:00.000Z,0,0,,78,79,77.72,78.39,1673
1783895400,2026-07-12T22:30:00.000Z,1,0,,78.41,78.49,78.32,78.42,220
1783897200,2026-07-12T23:00:00.000Z,0,0,,78.39,78.47,78.34,78.45,124
1783899000,2026-07-12T23:30:00.000Z,0,0,,78.47,78.57,78.36,78.46,132
1783900800,2026-07-13T00:00:00.000Z,0,0,,78.48,78.87,78.43,78.59,145
1783902600,2026-07-13T00:30:00.000Z,0,0,,78.6,79.13,78.6,78.92,497
1783904400,2026-07-13T01:00:00.000Z,0,0,,78.91,79.55,78.83,79.03,986
1783906200,2026-07-13T01:30:00.000Z,0,0,,79.06,79.4,79.05,79.09,442
1783908000,2026-07-13T02:00:00.000Z,0,0,,79.1,79.34,79.02,79.27,441
1783909800,2026-07-13T02:30:00.000Z,0,0,,79.25,79.27,78.82,79,643
1783911600,2026-07-13T03:00:00.000Z,0,0,,78.99,79.18,78.97,79.05,175
1783913400,2026-07-13T03:30:00.000Z,0,0,,79.03,79.15,78.91,79.08,116
1783915200,2026-07-13T04:00:00.000Z,0,0,,79.06,79.19,79.05,79.11,101
1783917000,2026-07-13T04:30:00.000Z,0,0,,79.08,79.29,79.07,79.28,120
1783918800,2026-07-13T05:00:00.000Z,0,0,,79.25,79.46,79.23,79.45,202
1783920600,2026-07-13T05:30:00.000Z,0,0,,79.44,79.8,79.34,79.46,619
1783922400,2026-07-13T06:00:00.000Z,0,0,,79.43,79.48,78.94,79.04,708
1783924200,2026-07-13T06:30:00.000Z,0,0,,79.03,79.07,78.6,78.78,625
1783926000,2026-07-13T07:00:00.000Z,0,0,,78.79,79,78.72,78.92,672
1783927800,2026-07-13T07:30:00.000Z,0,0,,78.9,79.03,78.45,78.8,998
1783929600,2026-07-13T08:00:00.000Z,0,0,,78.81,78.84,77.87,78,2694
1783931400,2026-07-13T08:30:00.000Z,0,0,,78.03,78.37,77.55,77.85,1336
1783933200,2026-07-13T09:00:00.000Z,0,0,,77.89,77.99,77.31,77.54,1213
1783935000,2026-07-13T09:30:00.000Z,0,0,,77.55,77.89,77.28,77.8,1078
1783936800,2026-07-13T10:00:00.000Z,0,0,,77.79,78.44,77.77,78.4,1278
1783938600,2026-07-13T10:30:00.000Z,0,0,,78.43,78.6,78.3,78.47,962
1783940400,2026-07-13T11:00:00.000Z,0,0,,78.5,78.77,78.25,78.45,1264
1783942200,2026-07-13T11:30:00.000Z,0,0,,78.49,78.67,78.39,78.58,778
1783944000,2026-07-13T12:00:00.000Z,0,0,,78.59,78.93,78.32,78.93,1062
1783945800,2026-07-13T12:30:00.000Z,0,0,,78.91,79.34,78.64,78.64,1359
1783947600,2026-07-13T13:00:00.000Z,0,0,,78.66,78.9,78.23,78.42,1414
1783949400,2026-07-13T13:30:00.000Z,0,0,,78.45,78.87,78.37,78.52,1422
1783951200,2026-07-13T14:00:00.000Z,0,0,,78.55,80.03,78.29,79.6,5644
1783953000,2026-07-13T14:30:00.000Z,0,0,,79.61,79.63,78.9,79.28,2083
1783954800,2026-07-13T15:00:00.000Z,0,0,,79.29,79.78,79.18,79.22,2255
1783956600,2026-07-13T15:30:00.000Z,0,0,,79.23,79.75,79.16,79.72,1559
1783958400,2026-07-13T16:00:00.000Z,0,0,,79.73,80.12,79.6,80.05,1275
1783960200,2026-07-13T16:30:00.000Z,0,0,,80.08,80.76,79.89,80.59,2205
1783962000,2026-07-13T17:00:00.000Z,0,0,,80.58,81.02,80.3,80.96,1551
1783963800,2026-07-13T17:30:00.000Z,0,0,,81,82.61,80.93,82.55,3145
1783965600,2026-07-13T18:00:00.000Z,0,0,,82.57,83.54,82.39,83.28,5063
1783967400,2026-07-13T18:30:00.000Z,0,0,,83.29,83.54,82.53,82.77,1953
1783969200,2026-07-13T19:00:00.000Z,0,0,,82.78,83,82.6,82.94,765
1783971000,2026-07-13T19:30:00.000Z,0,0,,82.93,83.18,82.83,82.94,867
1783972800,2026-07-13T20:00:00.000Z,0,0,,82.95,83.86,82.93,83.38,1033
1783974600,2026-07-13T20:30:00.000Z,0,0,,83.39,83.63,83.13,83.22,610
1783976400,2026-07-13T21:00:00.000Z,0,0,,83.24,83.27,82.94,83.15,99
1783978200,2026-07-13T21:30:00.000Z,0,0,,83.19,83.31,83.1,83.31,24
1783987200,2026-07-14T00:00:00.000Z,0,0,,84,85.64,83.68,85.41,1811
1783989000,2026-07-14T00:30:00.000Z,0,0,,85.39,85.49,84.87,85.04,701
1783990800,2026-07-14T01:00:00.000Z,0,0,,85.05,85.1,83.95,84.31,1929
1783992600,2026-07-14T01:30:00.000Z,0,0,,84.31,84.46,84.04,84.34,801
1783994400,2026-07-14T02:00:00.000Z,0,0,,84.4,84.42,83.87,84.02,686
1783996200,2026-07-14T02:30:00.000Z,0,0,,84.01,84.55,83.71,84.46,727
1783998000,2026-07-14T03:00:00.000Z,0,0,,84.47,85.01,84.39,84.74,532
1783999800,2026-07-14T03:30:00.000Z,0,0,,84.79,85.01,84.52,84.66,301
1784001600,2026-07-14T04:00:00.000Z,0,0,,84.7,84.85,84.5,84.68,320
1784003400,2026-07-14T04:30:00.000Z,0,0,,84.67,85.03,84.65,84.84,242
1784005200,2026-07-14T05:00:00.000Z,0,0,,84.88,85.01,84.72,84.85,235
1784007000,2026-07-14T05:30:00.000Z,0,0,,84.81,84.82,83.95,84.46,595
1784008800,2026-07-14T06:00:00.000Z,0,0,,84.5,85.4,84.48,85.28,495
1784010600,2026-07-14T06:30:00.000Z,0,0,,85.31,85.7,85.01,85.58,1798
1784012400,2026-07-14T07:00:00.000Z,0,0,,85.57,85.89,85.15,85.76,2077
1784014200,2026-07-14T07:30:00.000Z,0,0,,85.77,86.47,85.67,85.89,2434
1784016000,2026-07-14T08:00:00.000Z,0,0,,85.91,86.72,85.77,86.18,4038
1784017800,2026-07-14T08:30:00.000Z,0,0,,86.2,87.26,86.16,87.2,2958
1784019600,2026-07-14T09:00:00.000Z,0,0,,87.24,87.38,86.21,86.85,2483
1784021400,2026-07-14T09:30:00.000Z,0,0,,86.86,86.87,86.36,86.74,1282
1784023200,2026-07-14T10:00:00.000Z,0,0,,86.75,87.35,86.69,87.2,1398
1784025000,2026-07-14T10:30:00.000Z,0,0,,87.23,87.55,86.55,87.22,1597
1784026800,2026-07-14T11:00:00.000Z,0,0,,87.24,87.35,86.36,86.36,1610
1784028600,2026-07-14T11:30:00.000Z,0,0,,86.38,86.38,85.79,86.02,1983
1784030400,2026-07-14T12:00:00.000Z,0,0,,86.04,86.72,85.99,86.56,1292
1784032200,2026-07-14T12:30:00.000Z,0,0,,86.58,87.3,86.22,86.91,1981
1784034000,2026-07-14T13:00:00.000Z,0,0,,86.94,87.2,86.01,86.17,2676
1784035800,2026-07-14T13:30:00.000Z,0,0,,86.2,86.57,85.09,85.66,3301
1784037600,2026-07-14T14:00:00.000Z,0,0,,85.68,85.69,85.04,85.14,2765
1784039400,2026-07-14T14:30:00.000Z,0,0,,85.13,85.28,83.46,84.54,4281
1784041200,2026-07-14T15:00:00.000Z,0,0,,84.56,84.67,83.37,83.66,6095
1784043000,2026-07-14T15:30:00.000Z,0,0,,83.68,85.58,83.68,85.28,3441
1784044800,2026-07-14T16:00:00.000Z,0,0,,85.3,85.51,84.61,85.1,1928
1784046600,2026-07-14T16:30:00.000Z,0,0,,85.11,85.12,84.62,84.81,913
1784048400,2026-07-14T17:00:00.000Z,0,0,,84.8,84.89,84.34,84.59,1204
1784050200,2026-07-14T17:30:00.000Z,0,0,,84.58,84.76,84.13,84.33,1226
1784052000,2026-07-14T18:00:00.000Z,0,0,,84.35,84.8,84.18,84.73,1595
1784053800,2026-07-14T18:30:00.000Z,0,0,,84.76,85.24,84.76,85.17,1324
1784055600,2026-07-14T19:00:00.000Z,0,0,,85.21,85.42,85.07,85.15,585
1784057400,2026-07-14T19:30:00.000Z,0,0,,85.16,85.48,85.11,85.21,691
1784059200,2026-07-14T20:00:00.000Z,0,0,,85.23,85.58,85.23,85.54,273
1784061000,2026-07-14T20:30:00.000Z,0,0,,85.53,85.88,85.33,85.35,344
1784062800,2026-07-14T21:00:00.000Z,0,0,,85.36,85.44,85.05,85.08,43
1784064600,2026-07-14T21:30:00.000Z,0,0,,85.04,85.16,85.04,85.15,34
1784073600,2026-07-15T00:00:00.000Z,0,0,,85.21,86.07,85.02,85.99,443
1784075400,2026-07-15T00:30:00.000Z,0,0,,86,86.35,85.95,85.96,389
1784077200,2026-07-15T01:00:00.000Z,0,0,,85.95,85.95,85.37,85.7,754
1784079000,2026-07-15T01:30:00.000Z,0,0,,85.65,85.9,85.51,85.82,219
1784080800,2026-07-15T02:00:00.000Z,0,0,,85.87,86,85.63,85.83,232
1784082600,2026-07-15T02:30:00.000Z,0,0,,85.85,86.19,85.81,85.99,331
1784084400,2026-07-15T03:00:00.000Z,0,0,,86.02,86.02,85.75,85.77,230
1784086200,2026-07-15T03:30:00.000Z,0,0,,85.79,85.98,85.6,85.65,161
1784088000,2026-07-15T04:00:00.000Z,0,0,,85.73,85.79,85.43,85.5,161
1784089800,2026-07-15T04:30:00.000Z,0,0,,85.53,85.56,85.32,85.45,149
1784091600,2026-07-15T05:00:00.000Z,0,0,,85.47,85.66,85.39,85.51,243
1784093400,2026-07-15T05:30:00.000Z,0,0,,85.54,85.55,85.09,85.35,404
1784095200,2026-07-15T06:00:00.000Z,0,0,,85.37,85.52,85.1,85.34,578
1784097000,2026-07-15T06:30:00.000Z,0,0,,85.3,85.7,85.17,85.63,566
1784098800,2026-07-15T07:00:00.000Z,0,0,,85.65,86.13,85.65,85.98,1058
1784100600,2026-07-15T07:30:00.000Z,0,0,,85.96,86.26,85.69,86.13,1233
1784102400,2026-07-15T08:00:00.000Z,0,0,,86.16,86.55,85.29,85.29,2852
1784104200,2026-07-15T08:30:00.000Z,0,0,,85.31,85.56,84.64,84.7,1966
1784106000,2026-07-15T09:00:00.000Z,0,0,,84.69,85.36,84.51,85.34,1308
1784107800,2026-07-15T09:30:00.000Z,0,0,,85.34,85.53,85.05,85.45,935
1784109600,2026-07-15T10:00:00.000Z,0,0,,85.48,85.85,85.3,85.75,939
1784111400,2026-07-15T10:30:00.000Z,0,0,,85.78,85.78,85.36,85.4,623
1784113200,2026-07-15T11:00:00.000Z,0,0,,85.37,85.58,85.18,85.2,707
1784115000,2026-07-15T11:30:00.000Z,0,0,,85.2,85.4,84.75,84.96,1173
1784116800,2026-07-15T12:00:00.000Z,0,0,,84.96,85.3,84.83,85.26,933
1784118600,2026-07-15T12:30:00.000Z,0,0,,85.26,85.3,84.86,84.99,854
1784120400,2026-07-15T13:00:00.000Z,0,0,,85,85.54,84.73,85.49,1583
1784122200,2026-07-15T13:30:00.000Z,0,0,,85.51,85.52,84.4,84.82,2480
1784124000,2026-07-15T14:00:00.000Z,0,0,,84.86,84.94,84.22,84.46,1829
1784125800,2026-07-15T14:30:00.000Z,0,0,,84.45,84.46,83.42,83.57,3208
1784127600,2026-07-15T15:00:00.000Z,0,0,,83.58,83.97,83.39,83.49,3020
1784129400,2026-07-15T15:30:00.000Z,0,0,,83.52,84.22,83.32,84.19,2395
1784131200,2026-07-15T16:00:00.000Z,0,0,,84.23,84.73,84.13,84.52,1213
1784133000,2026-07-15T16:30:00.000Z,0,0,,84.56,85,84.02,84.8,1788
1784134800,2026-07-15T17:00:00.000Z,0,0,,84.82,84.82,84.27,84.27,1074
1784136600,2026-07-15T17:30:00.000Z,0,0,,84.29,84.62,84.1,84.4,1150
1784138400,2026-07-15T18:00:00.000Z,0,0,,84.39,85.05,84.29,85.03,1334
1784140200,2026-07-15T18:30:00.000Z,0,0,,85.06,85.22,84.96,85.09,939
1784142000,2026-07-15T19:00:00.000Z,0,0,,85.12,85.26,84.89,85.21,602
1784143800,2026-07-15T19:30:00.000Z,0,0,,85.22,86.09,85.15,85.82,1183
1784145600,2026-07-15T20:00:00.000Z,0,0,,85.8,85.98,85.63,85.85,457
1784147400,2026-07-15T20:30:00.000Z,0,0,,85.8,85.99,85.58,85.63,238
1784149200,2026-07-15T21:00:00.000Z,0,0,,85.64,85.64,85.04,85.04,111
1784151000,2026-07-15T21:30:00.000Z,0,0,,85.05,85.14,84.74,85.07,82
1784160000,2026-07-16T00:00:00.000Z,0,0,,85.34,85.46,85.14,85.24,308
1784161800,2026-07-16T00:30:00.000Z,0,0,,85.25,85.49,85.22,85.38,174
1784163600,2026-07-16T01:00:00.000Z,0,0,,85.37,85.55,85.23,85.35,383
1784165400,2026-07-16T01:30:00.000Z,0,0,,85.35,85.51,85.14,85.24,241
1784167200,2026-07-16T02:00:00.000Z,0,0,,85.23,85.45,85.19,85.36,168
1784169000,2026-07-16T02:30:00.000Z,0,0,,85.39,85.44,85.16,85.24,353
1784170800,2026-07-16T03:00:00.000Z,0,0,,85.2,85.28,84.72,84.74,546
1784172600,2026-07-16T03:30:00.000Z,0,0,,84.76,84.82,84.4,84.72,344
1784174400,2026-07-16T04:00:00.000Z,0,0,,84.73,84.82,84.69,84.72,99
1784176200,2026-07-16T04:30:00.000Z,0,0,,84.76,84.77,84.43,84.56,103
1784178000,2026-07-16T05:00:00.000Z,0,0,,84.54,84.59,84.42,84.48,93
1784179800,2026-07-16T05:30:00.000Z,0,0,,84.49,84.67,84.32,84.53,324
1784181600,2026-07-16T06:00:00.000Z,0,0,,84.55,84.9,84.44,84.79,586
1784183400,2026-07-16T06:30:00.000Z,0,0,,84.83,84.91,84.39,84.54,509
1784185200,2026-07-16T07:00:00.000Z,0,0,,84.53,84.86,84.3,84.82,802
1784187000,2026-07-16T07:30:00.000Z,0,0,,84.83,84.88,84.47,84.53,740
1784188800,2026-07-16T08:00:00.000Z,0,0,,84.57,84.61,84.22,84.38,1944
1784190600,2026-07-16T08:30:00.000Z,0,0,,84.4,84.74,84.26,84.32,983
1784192400,2026-07-16T09:00:00.000Z,0,0,,84.34,84.38,83.83,84.16,1127
1784194200,2026-07-16T09:30:00.000Z,0,0,,84.14,84.76,84.06,84.64,1061
1784196000,2026-07-16T10:00:00.000Z,0,0,,84.68,84.79,84.54,84.72,479
1784197800,2026-07-16T10:30:00.000Z,0,0,,84.75,84.83,84.59,84.76,407
1784199600,2026-07-16T11:00:00.000Z,0,0,,84.74,84.75,84.42,84.55,471
1784201400,2026-07-16T11:30:00.000Z,0,0,,84.56,85.66,84.49,84.76,2118
1784203200,2026-07-16T12:00:00.000Z,0,0,,84.75,86.03,84.71,85.76,1606
1784205000,2026-07-16T12:30:00.000Z,0,0,,85.79,86.1,85.61,85.86,1244
1784206800,2026-07-16T13:00:00.000Z,0,0,,85.87,86.25,85.46,85.54,2069
1784208600,2026-07-16T13:30:00.000Z,0,0,,85.57,85.87,85.25,85.49,1447
1784210400,2026-07-16T14:00:00.000Z,0,0,,85.5,85.71,85.05,85.39,1176
1784212200,2026-07-16T14:30:00.000Z,0,0,,85.42,85.45,84.71,84.86,1515
1784214000,2026-07-16T15:00:00.000Z,0,0,,84.87,85.19,84.59,84.83,2286
1784215800,2026-07-16T15:30:00.000Z,0,0,,84.85,85.01,84.49,84.69,1314
1784217600,2026-07-16T16:00:00.000Z,0,0,,84.71,85.73,84.67,84.88,2135
1784219400,2026-07-16T16:30:00.000Z,0,0,,84.91,84.97,84.24,84.45,1300
1784221200,2026-07-16T17:00:00.000Z,0,0,,84.44,84.65,84.22,84.34,736
1784223000,2026-07-16T17:30:00.000Z,0,0,,84.33,84.54,84.05,84.16,1059
1784224800,2026-07-16T18:00:00.000Z,0,0,,84.19,84.41,83.94,84.25,1471
1784226600,2026-07-16T18:30:00.000Z,0,0,,84.26,84.42,84.04,84.28,492
1784228400,2026-07-16T19:00:00.000Z,0,0,,84.31,84.38,84.2,84.23,289
1784230200,2026-07-16T19:30:00.000Z,0,0,,84.25,84.44,84.24,84.3,292
1784232000,2026-07-16T20:00:00.000Z,0,0,,84.29,84.44,84.12,84.38,187
1784233800,2026-07-16T20:30:00.000Z,0,0,,84.39,85.01,84.39,84.91,367
1784235600,2026-07-16T21:00:00.000Z,1,0,,84.95,85.04,84.87,84.87,25
1784237400,2026-07-16T21:30:00.000Z,0,0,,84.89,84.9,84.81,84.85,16
1784246400,2026-07-17T00:00:00.000Z,0,0,,84.95,84.95,84.7,84.94,221
1784248200,2026-07-17T00:30:00.000Z,0,0,,84.88,85.05,84.76,85.03,207
1784250000,2026-07-17T01:00:00.000Z,0,0,,85.04,85.45,84.91,85.43,429
1784251800,2026-07-17T01:30:00.000Z,0,0,,85.45,85.5,85.01,85.09,327
1784253600,2026-07-17T02:00:00.000Z,0,0,,85.1,85.16,84.96,84.99,204
1784255400,2026-07-17T02:30:00.000Z,0,0,,84.98,85,84.64,84.93,507
1784257200,2026-07-17T03:00:00.000Z,0,0,,84.87,85.01,84.75,84.94,163
1784259000,2026-07-17T03:30:00.000Z,0,0,,84.93,85.07,84.83,85.05,86
1784260800,2026-07-17T04:00:00.000Z,0,0,,85.07,85.17,84.98,85.14,134
1784262600,2026-07-17T04:30:00.000Z,0,0,,85.16,85.16,84.97,85.07,59
1784264400,2026-07-17T05:00:00.000Z,0,0,,85.03,85.07,84.81,84.84,95
1784266200,2026-07-17T05:30:00.000Z,0,0,,84.88,85.01,83.93,84.28,1013
1784268000,2026-07-17T06:00:00.000Z,0,0,,84.32,84.34,83.71,84.27,953
1784269800,2026-07-17T06:30:00.000Z,0,0,,84.3,84.65,84.19,84.34,591
1784271600,2026-07-17T07:00:00.000Z,0,0,,84.33,84.88,84.32,84.7,739
1784273400,2026-07-17T07:30:00.000Z,0,0,,84.69,84.76,84.38,84.42,873
1784275200,2026-07-17T08:00:00.000Z,0,0,,84.43,84.83,84.15,84.79,2205
1784277000,2026-07-17T08:30:00.000Z,1,0,,84.81,85.09,84.51,85.04,1036
1784278800,2026-07-17T09:00:00.000Z,0,0,,85.05,85.75,85.03,85.68,1606
1784280600,2026-07-17T09:30:00.000Z,0,0,,85.71,85.88,85.55,85.66,1219
1784282400,2026-07-17T10:00:00.000Z,0,0,,85.66,85.98,85.37,85.69,871
1784284200,2026-07-17T10:30:00.000Z,0,0,,85.7,85.85,85.49,85.78,517
1784286000,2026-07-17T11:00:00.000Z,0,0,,85.77,86.1,85.72,85.84,665
1784287800,2026-07-17T11:30:00.000Z,0,0,,85.87,86.06,85.72,86.02,605
1784289600,2026-07-17T12:00:00.000Z,0,0,,86.03,86.2,85.93,86.11,762
1784291400,2026-07-17T12:30:00.000Z,0,0,,86.13,86.48,86.03,86.32,977
1784293200,2026-07-17T13:00:00.000Z,0,0,,86.33,86.91,86.25,86.77,1840
1784295000,2026-07-17T13:30:00.000Z,0,0,,86.78,87,86.35,86.95,1352
1784296800,2026-07-17T14:00:00.000Z,0,0,,86.97,87.12,86.76,86.83,1497
1784298600,2026-07-17T14:30:00.000Z,0,0,,86.82,86.84,86.26,86.28,1458
1784300400,2026-07-17T15:00:00.000Z,0,0,,86.3,86.61,85.89,86.39,2644
1784302200,2026-07-17T15:30:00.000Z,0,0,,86.41,86.83,86.28,86.66,1724
1784304000,2026-07-17T16:00:00.000Z,0,0,,86.69,87.62,86.61,87.49,2162
1784305800,2026-07-17T16:30:00.000Z,0,0,,87.5,87.74,87.34,87.64,909
1784307600,2026-07-17T17:00:00.000Z,0,0,,87.66,87.91,87.42,87.81,1005
1784309400,2026-07-17T17:30:00.000Z,0,0,,87.8,88.11,87.74,87.99,1491
1784311200,2026-07-17T18:00:00.000Z,0,0,,88,88.33,87.84,88.02,2732
1784313000,2026-07-17T18:30:00.000Z,0,0,,88.04,88.06,87.62,87.73,872
1784314800,2026-07-17T19:00:00.000Z,0,0,,87.71,87.87,87.57,87.74,550
1784316600,2026-07-17T19:30:00.000Z,0,0,,87.69,87.82,87.38,87.81,855
1784318400,2026-07-17T20:00:00.000Z,0,0,,87.82,88.12,87.66,88.1,359
1784320200,2026-07-17T20:30:00.000Z,0,0,,88.06,88.22,88.01,88.1,356
1784322000,2026-07-17T21:00:00.000Z,0,0,,88.14,88.33,88.09,88.31,40
1784323800,2026-07-17T21:30:00.000Z,0,0,,88.33,88.38,88.27,88.27,24
1784498400,2026-07-19T22:00:00.000Z,0,0,,89.3,91.36,89.1,91.36,1797
1784500200,2026-07-19T22:30:00.000Z,0,0,,91.38,91.42,90.85,90.94,391
1784502000,2026-07-19T23:00:00.000Z,0,0,,90.97,91.05,90.68,90.85,266
1784503800,2026-07-19T23:30:00.000Z,0,0,,90.88,90.92,90.64,90.74,118
1784505600,2026-07-20T00:00:00.000Z,0,0,,90.75,90.77,90.35,90.51,314
1784507400,2026-07-20T00:30:00.000Z,0,0,,90.53,90.63,90.3,90.34,213
1784509200,2026-07-20T01:00:00.000Z,0,0,,90.38,90.43,90.05,90.31,877
1784511000,2026-07-20T01:30:00.000Z,0,0,,90.35,90.53,90.19,90.33,406
1784512800,2026-07-20T02:00:00.000Z,0,0,,90.31,90.53,90.08,90.25,252
1784514600,2026-07-20T02:30:00.000Z,0,0,,90.3,90.38,89.91,89.97,521
1784516400,2026-07-20T03:00:00.000Z,0,0,,89.99,90.27,89.95,90.12,131
1784518200,2026-07-20T03:30:00.000Z,0,0,,90.15,90.29,90.14,90.29,84
1784520000,2026-07-20T04:00:00.000Z,0,0,,90.25,90.47,90.24,90.39,97
1784521800,2026-07-20T04:30:00.000Z,0,0,,90.38,90.38,90.17,90.25,133
1784523600,2026-07-20T05:00:00.000Z,0,0,,90.23,90.5,90.15,90.48,181
1784525400,2026-07-20T05:30:00.000Z,0,0,,90.46,90.68,90.23,90.62,318
1784527200,2026-07-20T06:00:00.000Z,0,0,,90.63,91.07,90.61,90.69,902
1784529000,2026-07-20T06:30:00.000Z,0,0,,90.69,91,90.54,90.76,945
1784530800,2026-07-20T07:00:00.000Z,0,0,,90.78,91.08,89.87,89.99,1553
1784532600,2026-07-20T07:30:00.000Z,0,0,,89.97,90,88.67,88.91,2796
1784534400,2026-07-20T08:00:00.000Z,0,0,,88.92,88.93,88.05,88.35,2634
1784536200,2026-07-20T08:30:00.000Z,0,0,,88.37,88.46,87.93,88.27,1903
1784538000,2026-07-20T09:00:00.000Z,0,0,,88.27,88.55,87.77,88.01,1362
1784539800,2026-07-20T09:30:00.000Z,0,0,,88.02,88.13,87.56,87.94,1211
1784541600,2026-07-20T10:00:00.000Z,0,0,,87.98,88.31,87.91,88.19,672
1784543400,2026-07-20T10:30:00.000Z,0,0,,88.21,88.64,88.15,88.29,852
1784545200,2026-07-20T11:00:00.000Z,0,0,,88.3,88.52,88.07,88.28,706
1784547000,2026-07-20T11:30:00.000Z,0,0,,88.3,88.31,86.12,86.92,5242
1784548800,2026-07-20T12:00:00.000Z,0,0,,86.94,88.63,86.91,88.47,4014
1784550600,2026-07-20T12:30:00.000Z,0,0,,88.5,88.79,88.15,88.52,1614
1784552400,2026-07-20T13:00:00.000Z,0,0,,88.55,88.64,87.56,87.77,2425
1784554200,2026-07-20T13:30:00.000Z,0,0,,87.8,88.22,87.63,88.14,1451
1784556000,2026-07-20T14:00:00.000Z,0,0,,88.15,88.37,87.76,87.9,1266
1784557800,2026-07-20T14:30:00.000Z,0,0,,87.92,88.56,87.69,88.41,1269
1784559600,2026-07-20T15:00:00.000Z,0,0,,88.42,88.5,87.42,87.83,2902
1784561400,2026-07-20T15:30:00.000Z,0,0,,87.86,88.24,87.69,88.13,1276
1784563200,2026-07-20T16:00:00.000Z,0,0,,88.17,88.26,87.71,88.22,773
1784565000,2026-07-20T16:30:00.000Z,0,0,,88.24,89.18,88.19,88.59,2106
1784566800,2026-07-20T17:00:00.000Z,0,0,,88.63,88.64,88.37,88.45,903
1784568600,2026-07-20T17:30:00.000Z,0,0,,88.46,89.19,88.46,89,1337
1784570400,2026-07-20T18:00:00.000Z,0,0,,89.04,89.35,88.73,89.29,1947
1784572200,2026-07-20T18:30:00.000Z,0,0,,89.31,89.76,89.31,89.43,955
1784574000,2026-07-20T19:00:00.000Z,0,0,,89.44,89.5,88.93,89.03,682
1784575800,2026-07-20T19:30:00.000Z,0,0,,89.06,89.11,88.69,88.9,662
1784577600,2026-07-20T20:00:00.000Z,0,0,,88.94,89.02,88.82,88.97,220
1784579400,2026-07-20T20:30:00.000Z,0,0,,88.96,89.03,88.89,88.95,223
1784581200,2026-07-20T21:00:00.000Z,0,0,,88.93,88.93,88.72,88.8,59
1784583000,2026-07-20T21:30:00.000Z,0,0,,88.79,88.88,88.79,88.8,18
1784592000,2026-07-21T00:00:00.000Z,0,0,,88.95,88.99,88.77,88.98,216
1784593800,2026-07-21T00:30:00.000Z,0,0,,88.96,88.99,88.81,88.93,102
1784595600,2026-07-21T01:00:00.000Z,0,1,,88.94,88.99,88.28,88.47,543
1784597400,2026-07-21T01:30:00.000Z,0,0,,88.46,88.79,88.4,88.77,227
1784599200,2026-07-21T02:00:00.000Z,0,0,,88.73,88.74,88.51,88.67,92
1784601000,2026-07-21T02:30:00.000Z,0,0,,88.7,88.89,88.47,88.52,183
1784602800,2026-07-21T03:00:00.000Z,0,0,,88.53,88.77,88.44,88.66,109
1784604600,2026-07-21T03:30:00.000Z,0,0,,88.68,88.73,88.54,88.6,103
1784606400,2026-07-21T04:00:00.000Z,0,0,,88.57,88.57,88.28,88.57,137
1784608200,2026-07-21T04:30:00.000Z,0,0,,88.52,88.62,88.46,88.5,52
1784610000,2026-07-21T05:00:00.000Z,0,0,,88.53,88.78,88.49,88.67,132
1784611800,2026-07-21T05:30:00.000Z,0,0,,88.69,88.69,88.11,88.36,302
1784613600,2026-07-21T06:00:00.000Z,0,0,,88.39,88.6,88.25,88.25,486
1784615400,2026-07-21T06:30:00.000Z,0,0,,88.26,88.7,88.22,88.69,537
1784617200,2026-07-21T07:00:00.000Z,0,0,,88.73,89.35,88.65,89.3,811
1784619000,2026-07-21T07:30:00.000Z,0,0,,89.32,89.45,88.3,88.33,1085
1784620800,2026-07-21T08:00:00.000Z,0,0,,88.35,88.65,87.87,88.44,2629
1784622600,2026-07-21T08:30:00.000Z,0,0,,88.48,89,88.43,88.73,1168
1784624400,2026-07-21T09:00:00.000Z,0,0,,88.78,89.7,88.53,89.58,935
1784626200,2026-07-21T09:30:00.000Z,0,0,,89.6,90.06,89.29,89.95,1379
1784628000,2026-07-21T10:00:00.000Z,0,0,,89.97,89.98,88.93,89.64,2012
1784629800,2026-07-21T10:30:00.000Z,0,0,,89.66,90.15,89.41,90.11,1511
1784631600,2026-07-21T11:00:00.000Z,0,0,,90.13,90.52,90.07,90.43,1120
1784633400,2026-07-21T11:30:00.000Z,0,0,,90.45,90.88,90.18,90.69,1159
1784635200,2026-07-21T12:00:00.000Z,0,0,,90.7,90.97,90.18,90.89,1718
1784637000,2026-07-21T12:30:00.000Z,0,0,,90.93,91.25,90.62,90.85,3058
1784638800,2026-07-21T13:00:00.000Z,0,0,,90.89,91.25,90.76,91.17,3372
1784640600,2026-07-21T13:30:00.000Z,0,0,,91.2,91.56,90.92,91.13,2012
1784642400,2026-07-21T14:00:00.000Z,0,0,,91.15,91.65,90.96,91.55,1689
1784644200,2026-07-21T14:30:00.000Z,0,0,,91.56,91.99,90.9,91.6,2396
1784646000,2026-07-21T15:00:00.000Z,0,0,,91.64,91.75,90.65,91.47,3595
1784647800,2026-07-21T15:30:00.000Z,0,0,,91.5,91.67,91.23,91.41,2157
1784649600,2026-07-21T16:00:00.000Z,0,0,,91.4,91.44,90.88,91.07,1326
1784651400,2026-07-21T16:30:00.000Z,0,0,,91.1,91.43,90.98,91.22,721
1784653200,2026-07-21T17:00:00.000Z,0,0,,91.21,91.33,90.8,91.02,720
1784655000,2026-07-21T17:30:00.000Z,0,0,,91.01,91.26,90.98,91.11,703
1784656800,2026-07-21T18:00:00.000Z,0,0,,91.12,91.13,90.64,91.04,1648
1784658600,2026-07-21T18:30:00.000Z,0,0,,91.06,91.24,90.79,91.22,666
1784660400,2026-07-21T19:00:00.000Z,0,0,,91.23,91.44,91.14,91.4,463
1784662200,2026-07-21T19:30:00.000Z,0,0,,91.41,91.57,91.28,91.43,445
1784664000,2026-07-21T20:00:00.000Z,0,0,,91.46,91.51,91.31,91.35,222
1784665800,2026-07-21T20:30:00.000Z,0,0,,91.34,91.47,91.17,91.43,253
1784667600,2026-07-21T21:00:00.000Z,0,0,,91.47,91.7,91.4,91.7,48
1784669400,2026-07-21T21:30:00.000Z,0,0,,91.62,91.65,91.56,91.63,13
1784678400,2026-07-22T00:00:00.000Z,0,0,,91.5,91.61,91.41,91.56,206
1784680200,2026-07-22T00:30:00.000Z,0,0,,91.57,91.69,91.31,91.5,169
1784682000,2026-07-22T01:00:00.000Z,0,0,,91.51,92.67,91.39,92.45,594
1784683800,2026-07-22T01:30:00.000Z,0,0,,92.41,92.64,92.38,92.51,350
1784685600,2026-07-22T02:00:00.000Z,0,0,,92.5,92.59,92.07,92.15,286
1784687400,2026-07-22T02:30:00.000Z,0,0,,92.1,92.13,91.73,91.9,252
1784689200,2026-07-22T03:00:00.000Z,0,0,,91.91,92.13,91.87,92.04,112
1784691000,2026-07-22T03:30:00.000Z,0,0,,92,92.21,92,92.21,58
1784692800,2026-07-22T04:00:00.000Z,0,0,,92.22,92.31,92.09,92.16,98
1784694600,2026-07-22T04:30:00.000Z,0,0,,92.13,92.32,92.12,92.27,109
1784696400,2026-07-22T05:00:00.000Z,0,0,,92.25,92.45,92.19,92.24,163
1784698200,2026-07-22T05:30:00.000Z,0,0,,92.26,92.31,91.85,91.97,335
1784700000,2026-07-22T06:00:00.000Z,0,0,,92.02,93,91.89,92.86,1027
1784701800,2026-07-22T06:30:00.000Z,0,0,,92.87,93.25,92.74,92.95,857
1784703600,2026-07-22T07:00:00.000Z,0,0,,92.96,93.62,92.94,93.56,1178
1784705400,2026-07-22T07:30:00.000Z,0,0,,93.59,94.76,93.53,94.47,2483
1784707200,2026-07-22T08:00:00.000Z,0,0,,94.48,94.51,93.67,93.94,3113
1784709000,2026-07-22T08:30:00.000Z,0,0,,93.95,94.57,93.7,94.3,1543
1784710800,2026-07-22T09:00:00.000Z,0,0,,94.33,94.81,94.01,94.79,1875
1784712600,2026-07-22T09:30:00.000Z,0,0,,94.81,95.47,94.66,95.35,1954
1784714400,2026-07-22T10:00:00.000Z,0,0,,95.36,95.38,93.68,93.76,2540
1784716200,2026-07-22T10:30:00.000Z,0,0,,93.79,94.56,93.75,94.23,1941
1784718000,2026-07-22T11:00:00.000Z,0,0,,94.27,94.64,94.27,94.58,689
1784719800,2026-07-22T11:30:00.000Z,0,0,,94.62,95.13,94.19,94.56,2047
1784721600,2026-07-22T12:00:00.000Z,0,0,,94.57,94.79,93.9,93.94,1319
1784723400,2026-07-22T12:30:00.000Z,0,0,,93.95,95.01,93.64,94.45,2251
1784725200,2026-07-22T13:00:00.000Z,0,0,,94.5,94.58,93.22,93.43,2940
1784727000,2026-07-22T13:30:00.000Z,0,0,,93.44,93.98,93.16,93.9,1938
1784728800,2026-07-22T14:00:00.000Z,0,0,,93.93,94.38,93.71,94.3,1462
1784730600,2026-07-22T14:30:00.000Z,0,0,,94.3,94.35,93.48,93.86,1587
1784732400,2026-07-22T15:00:00.000Z,0,0,,93.9,94.42,93.72,93.92,1773
1784734200,2026-07-22T15:30:00.000Z,0,0,,93.95,94.02,92.82,93.06,1970
1784736000,2026-07-22T16:00:00.000Z,0,0,,93.08,93.67,93,93.62,1060
1784737800,2026-07-22T16:30:00.000Z,0,0,,93.65,93.76,93.22,93.39,764
1784739600,2026-07-22T17:00:00.000Z,0,0,,93.43,94.19,93.4,93.96,940
1784741400,2026-07-22T17:30:00.000Z,0,0,,93.99,94.19,93.91,94.04,693
1784743200,2026-07-22T18:00:00.000Z,0,0,,94.07,94.34,93.88,94.09,1903
1784745000,2026-07-22T18:30:00.000Z,0,0,,94.1,94.34,94.09,94.28,647
1784746800,2026-07-22T19:00:00.000Z,0,0,,94.32,94.41,94.21,94.23,316
1784748600,2026-07-22T19:30:00.000Z,0,0,,94.21,94.24,93.78,93.82,426
1784750400,2026-07-22T20:00:00.000Z,0,0,,93.83,93.84,93.52,93.76,325
1784752200,2026-07-22T20:30:00.000Z,0,0,,93.74,94.05,93.7,93.88,231
1784754000,2026-07-22T21:00:00.000Z,0,0,,93.9,95.11,93.67,94.91,379
1784755800,2026-07-22T21:30:00.000Z,0,0,,94.89,95.63,94.84,95.49,364
1784764800,2026-07-23T00:00:00.000Z,0,0,,95.36,96.09,94.89,95.71,605
1784766600,2026-07-23T00:30:00.000Z,0,0,,95.71,95.83,95.38,95.57,202
1784768400,2026-07-23T01:00:00.000Z,0,0,,95.56,96.36,95.34,96.3,623
1784770200,2026-07-23T01:30:00.000Z,0,0,,96.29,96.43,95.61,95.79,432
1784772000,2026-07-23T02:00:00.000Z,0,0,,95.78,96,95.75,95.92,170
1784773800,2026-07-23T02:30:00.000Z,0,0,,95.95,96.31,95.74,96.02,360
1784775600,2026-07-23T03:00:00.000Z,0,0,,96.05,96.47,95.96,96.26,210
1784777400,2026-07-23T03:30:00.000Z,0,0,,96.28,96.29,96.14,96.17,79
1784779200,2026-07-23T04:00:00.000Z,0,0,,96.19,96.26,95.89,95.93,220
1784781000,2026-07-23T04:30:00.000Z,0,0,,95.92,96.09,95.71,95.93,216
1784782800,2026-07-23T05:00:00.000Z,0,0,,95.96,96.24,95.8,95.8,192
1784784600,2026-07-23T05:30:00.000Z,0,0,,95.82,96.37,95.45,96.3,682
1784786400,2026-07-23T06:00:00.000Z,0,0,,96.3,96.32,95.85,96.26,612
1784788200,2026-07-23T06:30:00.000Z,0,0,,96.25,96.9,96.22,96.75,1186
1784790000,2026-07-23T07:00:00.000Z,0,0,,96.76,97.8,96.73,97.44,1784
1784791800,2026-07-23T07:30:00.000Z,0,0,,97.43,98.42,97.31,97.54,2347
1784793600,2026-07-23T08:00:00.000Z,0,0,,97.58,97.92,97.18,97.55,3653
1784795400,2026-07-23T08:30:00.000Z,0,0,,97.58,98.26,97.44,97.81,2217
1784797200,2026-07-23T09:00:00.000Z,0,0,,97.82,98.75,97.42,98.54,2145
1784799000,2026-07-23T09:30:00.000Z,0,0,,98.57,98.8,98.04,98.3,1994
1784800800,2026-07-23T10:00:00.000Z,0,0,,98.33,98.79,97.98,98.74,1389
1784802600,2026-07-23T10:30:00.000Z,0,0,,98.77,98.88,98.19,98.22,1205
1784804400,2026-07-23T11:00:00.000Z,0,0,,98.23,98.92,98.15,98.72,807
1784806200,2026-07-23T11:30:00.000Z,0,0,,98.73,99.08,98.25,98.67,1354
1784808000,2026-07-23T12:00:00.000Z,0,0,,98.71,99.44,98.5,99.21,1922
1784809800,2026-07-23T12:30:00.000Z,0,0,,99.23,99.97,99.06,99.61,2280
1784811600,2026-07-23T13:00:00.000Z,0,0,,99.63,100.28,99.28,99.74,2715
1784813400,2026-07-23T13:30:00.000Z,0,0,,99.77,100.87,99.37,100.59,2609
1784815200,2026-07-23T14:00:00.000Z,0,0,,100.61,101.01,99.86,100.49,2766
1784817000,2026-07-23T14:30:00.000Z,0,0,,100.5,100.98,100.12,100.5,1906
1784818800,2026-07-23T15:00:00.000Z,0,0,,100.49,101.2,100.31,100.95,3416
1784820600,2026-07-23T15:30:00.000Z,0,0,,100.97,101.13,100.06,100.12,2838
1784822400,2026-07-23T16:00:00.000Z,0,0,,100.15,100.67,99.83,100.25,1779
1784824200,2026-07-23T16:30:00.000Z,0,0,,100.24,100.85,100.23,100.67,1121
1784826000,2026-07-23T17:00:00.000Z,0,0,,100.71,101.22,100.71,100.93,1235
1784827800,2026-07-23T17:30:00.000Z,0,0,,100.94,101.87,100.92,101.82,1428
1784829600,2026-07-23T18:00:00.000Z,0,0,,101.85,102,100.53,100.67,2551
1784831400,2026-07-23T18:30:00.000Z,0,1,,100.7,100.88,100.43,100.57,961
1784833200,2026-07-23T19:00:00.000Z,0,0,,100.54,100.54,99.85,99.93,762
1784835000,2026-07-23T19:30:00.000Z,0,0,,99.95,100.27,99.45,99.92,854
1784836800,2026-07-23T20:00:00.000Z,0,0,,99.91,100.41,99.68,100.24,385
1784838600,2026-07-23T20:30:00.000Z,0,0,,100.23,100.69,100.11,100.52,290
1784840400,2026-07-23T21:00:00.000Z,0,0,,100.53,100.71,100.5,100.63,13
1784842200,2026-07-23T21:30:00.000Z,0,0,,100.63,101.14,100.59,101.03,62
1784851200,2026-07-24T00:00:00.000Z,0,0,,100.67,101.13,100.44,100.75,290
1784853000,2026-07-24T00:30:00.000Z,0,0,,100.7,100.78,100.33,100.33,119
1784854800,2026-07-24T01:00:00.000Z,0,0,,100.25,100.25,99.82,100,466
1784856600,2026-07-24T01:30:00.000Z,0,0,,100.03,100.16,99.6,100.14,261
1784858400,2026-07-24T02:00:00.000Z,0,0,,100.17,100.51,100.11,100.49,135
1784860200,2026-07-24T02:30:00.000Z,0,0,,100.48,100.75,100.31,100.58,124
1784862000,2026-07-24T03:00:00.000Z,0,0,,100.61,101.19,100.56,101.07,444
1784863800,2026-07-24T03:30:00.000Z,0,0,,100.99,101.09,100.62,100.62,64
1784865600,2026-07-24T04:00:00.000Z,0,0,,100.59,100.71,100.34,100.36,88
1784867400,2026-07-24T04:30:00.000Z,0,0,,100.31,100.41,100.23,100.28,77
1784869200,2026-07-24T05:00:00.000Z,0,0,,100.26,100.46,100.2,100.35,60
1784871000,2026-07-24T05:30:00.000Z,0,0,,100.37,100.47,99.86,100.29,333
1784872800,2026-07-24T06:00:00.000Z,0,0,,100.3,100.39,99.75,99.88,618
1784874600,2026-07-24T06:30:00.000Z,0,0,,99.94,99.98,98.9,98.99,982
1784876400,2026-07-24T07:00:00.000Z,0,0,,99.01,99.16,98.56,98.62,1349
1784878200,2026-07-24T07:30:00.000Z,0,0,,98.6,99,98.27,98.57,1205
1784880000,2026-07-24T08:00:00.000Z,0,0,,98.58,98.87,98,98.01,3099
1784881800,2026-07-24T08:30:00.000Z,0,0,,98.03,98.31,97.41,97.7,2238
1784883600,2026-07-24T09:00:00.000Z,0,0,,97.71,97.75,96.6,96.81,2259
1784885400,2026-07-24T09:30:00.000Z,0,0,,96.84,97.18,96.4,96.97,1629
1784887200,2026-07-24T10:00:00.000Z,0,0,,96.99,97.86,96.83,97.71,1383
1784889000,2026-07-24T10:30:00.000Z,0,0,,97.75,98.29,97.72,97.94,1181
1784890800,2026-07-24T11:00:00.000Z,0,0,,97.95,97.96,97.59,97.76,660
1784892600,2026-07-24T11:30:00.000Z,0,0,,97.77,97.96,96.81,97.39,1408
1784894400,2026-07-24T12:00:00.000Z,0,0,,97.37,97.93,97.21,97.55,1337
1784896200,2026-07-24T12:30:00.000Z,0,0,,97.54,97.63,97.01,97.29,1090
1784898000,2026-07-24T13:00:00.000Z,0,0,,97.33,98.18,97.13,97.97,1536
1784899800,2026-07-24T13:30:00.000Z,0,0,,97.99,98.01,97.26,97.51,1384
1784901600,2026-07-24T14:00:00.000Z,0,0,,97.55,97.63,96.73,96.93,1649
1784903400,2026-07-24T14:30:00.000Z,0,0,,96.97,97.43,96.72,97.19,1888
1784905200,2026-07-24T15:00:00.000Z,0,0,,97.2,97.48,95.39,95.58,5683
1784907000,2026-07-24T15:30:00.000Z,0,0,,95.59,96.37,95.13,96.07,3183
1784908800,2026-07-24T16:00:00.000Z,0,0,,96.09,96.42,95.8,95.97,1469
1784910600,2026-07-24T16:30:00.000Z,0,0,,95.98,96.23,95.53,95.92,1247
1784912400,2026-07-24T17:00:00.000Z,0,0,,95.96,96.37,95.74,96.29,840
1784914200,2026-07-24T17:30:00.000Z,0,0,,96.31,96.51,96.19,96.3,709
1784916000,2026-07-24T18:00:00.000Z,0,0,,96.32,96.85,95.95,96.78,1714
1784917800,2026-07-24T18:30:00.000Z,0,0,,96.81,96.89,96.31,96.71,847
1784919600,2026-07-24T19:00:00.000Z,0,0,,96.74,97.08,96.7,97.06,313
1784921400,2026-07-24T19:30:00.000Z,0,0,,97.05,97.41,96.26,97.38,1131
1784923200,2026-07-24T20:00:00.000Z,0,0,,97.4,98.16,97.4,98.1,659
1784925000,2026-07-24T20:30:00.000Z,0,0,,98.11,98.43,98.02,98.39,414
1784926800,2026-07-24T21:00:00.000Z,0,0,,98.34,98.49,98.26,98.47,57
1784928600,2026-07-24T21:30:00.000Z,0,0,,98.49,98.87,98.43,98.69,29
1785103200,2026-07-26T22:00:00.000Z,0,0,,93.6,93.6,89.58,91.16,2143
1785105000,2026-07-26T22:30:00.000Z,0,0,,91.17,91.98,91.11,91.9,438
1785106800,2026-07-26T23:00:00.000Z,0,0,,91.91,92.32,91.9,92.13,232
1785108600,2026-07-26T23:30:00.000Z,0,0,,92.12,92.16,87.37,87.5,237
1785110400,2026-07-27T00:00:00.000Z,0,0,,87.53,87.79,86.97,87.38,527
1785112200,2026-07-27T00:30:00.000Z,0,0,,87.39,87.79,87.33,87.68,222
1785114000,2026-07-27T01:00:00.000Z,0,0,,87.71,88.24,87.44,87.89,1013
1785115800,2026-07-27T01:30:00.000Z,0,0,,87.86,88.18,87.72,88.09,285
1785117600,2026-07-27T02:00:00.000Z,0,0,,88.1,88.56,87.99,88.51,453
1785119400,2026-07-27T02:30:00.000Z,0,0,,88.52,88.6,88.23,88.39,390
1785121200,2026-07-27T03:00:00.000Z,0,0,,88.41,88.41,88,88.1,360
1785123000,2026-07-27T03:30:00.000Z,0,0,,88.12,88.19,87.91,88.02,141
1785124800,2026-07-27T04:00:00.000Z,0,0,,88.01,88.01,87.56,87.64,517
1785126600,2026-07-27T04:30:00.000Z,0,0,,87.63,87.64,87.17,87.6,360
1785128400,2026-07-27T05:00:00.000Z,0,0,,87.63,87.69,87.31,87.4,374
1785130200,2026-07-27T05:30:00.000Z,0,0,,87.39,87.6,87.05,87.23,632
1785132000,2026-07-27T06:00:00.000Z,0,0,,87.24,87.29,86.26,86.66,1432
1785133800,2026-07-27T06:30:00.000Z,0,0,,86.65,86.79,86.2,86.31,1238
1785135600,2026-07-27T07:00:00.000Z,0,0,,86.35,86.9,86.15,86.89,1397
1785137400,2026-07-27T07:30:00.000Z,0,0,,86.88,87.24,86.55,87.23,1920
1785139200,2026-07-27T08:00:00.000Z,0,0,,87.24,87.56,86.05,86.2,3134
1785141000,2026-07-27T08:30:00.000Z,0,0,,86.21,86.37,85.29,85.42,2753
1785142800,2026-07-27T09:00:00.000Z,0,0,,85.41,85.74,85.07,85.21,1689
1785144600,2026-07-27T09:30:00.000Z,0,0,,85.22,85.37,84.65,84.83,1955
1785146400,2026-07-27T10:00:00.000Z,0,0,,84.86,85.75,84.84,85.49,1939
1785148200,2026-07-27T10:30:00.000Z,0,0,,85.51,85.79,85.33,85.74,774
1785150000,2026-07-27T11:00:00.000Z,0,0,,85.76,86.33,85.64,86.32,976
1785151800,2026-07-27T11:30:00.000Z,0,0,,86.32,86.46,85.64,85.98,1443
1785153600,2026-07-27T12:00:00.000Z,0,0,,86.01,86.96,85.97,86.82,2050
1785155400,2026-07-27T12:30:00.000Z,0,0,,86.83,87.28,86.68,86.97,1670
1785157200,2026-07-27T13:00:00.000Z,0,0,,86.99,87.43,86.81,87.38,1757
1785159000,2026-07-27T13:30:00.000Z,0,0,,87.36,87.4,86.63,87.01,1968
1785160800,2026-07-27T14:00:00.000Z,0,0,,87.02,87.03,86.46,86.58,1835
1785162600,2026-07-27T14:30:00.000Z,0,0,,86.61,86.76,86.39,86.44,1888
1785164400,2026-07-27T15:00:00.000Z,0,0,,86.47,86.64,86.03,86.23,3098
1785166200,2026-07-27T15:30:00.000Z,0,0,,86.24,86.64,86.06,86.63,1698
1785168000,2026-07-27T16:00:00.000Z,0,0,,86.64,86.98,86.03,86.18,2301
1785169800,2026-07-27T16:30:00.000Z,0,0,,86.21,86.4,85.66,86.1,1834
1785171600,2026-07-27T17:00:00.000Z,0,0,,86.11,86.16,85.82,85.89,920
1785173400,2026-07-27T17:30:00.000Z,0,0,,85.92,86.14,85.79,85.82,935
1785175200,2026-07-27T18:00:00.000Z,0,0,,85.85,85.92,85.35,85.86,1672
1785177000,2026-07-27T18:30:00.000Z,0,0,,85.88,86.17,85.48,85.5,993
1785178800,2026-07-27T19:00:00.000Z,0,0,,85.52,85.78,85.44,85.57,447
1785180600,2026-07-27T19:30:00.000Z,0,0,,85.59,85.64,85.29,85.32,510
1785182400,2026-07-27T20:00:00.000Z,0,0,,85.33,85.39,85.13,85.28,337
1785184200,2026-07-27T20:30:00.000Z,0,0,,85.27,85.47,85.02,85.25,355
1785186000,2026-07-27T21:00:00.000Z,0,0,,85.29,85.55,85.29,85.48,103
1785187800,2026-07-27T21:30:00.000Z,0,0,,85.41,85.52,85.3,85.34,19
1785196800,2026-07-28T00:00:00.000Z,0,0,,85.47,85.47,84.96,85.14,362
1785198600,2026-07-28T00:30:00.000Z,0,0,,85.1,85.58,85.1,85.46,218
1785200400,2026-07-28T01:00:00.000Z,0,0,,85.4,85.59,84.89,84.99,702
1785202200,2026-07-28T01:30:00.000Z,0,0,,85.01,85.44,84.99,85.03,440
1785204000,2026-07-28T02:00:00.000Z,0,0,,85.05,85.15,84.61,84.69,499
1785205800,2026-07-28T02:30:00.000Z,0,0,,84.68,84.76,84.19,84.29,834
1785207600,2026-07-28T03:00:00.000Z,0,0,,84.33,84.69,84.09,84.68,488
1785209400,2026-07-28T03:30:00.000Z,0,0,,84.67,84.87,84.63,84.84,179
1785211200,2026-07-28T04:00:00.000Z,0,0,,84.85,85.2,84.82,84.92,226
1785213000,2026-07-28T04:30:00.000Z,0,0,,84.94,84.99,84.81,84.86,128
1785214800,2026-07-28T05:00:00.000Z,0,0,,84.84,84.91,84.68,84.84,198
1785216600,2026-07-28T05:30:00.000Z,0,0,,84.87,85.57,84.86,85.36,386
1785218400,2026-07-28T06:00:00.000Z,0,0,,85.42,85.49,85,85.05,53
1785220200,2026-07-28T06:30:00.000Z,0,0,,85.05,85.05,83.66,83.91,909
1785222000,2026-07-28T07:00:00.000Z,0,0,,83.9,84.55,83.78,84.4,1565
1785223800,2026-07-28T07:30:00.000Z,0,0,,84.43,84.7,83.7,83.93,1582
1785225600,2026-07-28T08:00:00.000Z,0,0,,83.91,84.01,83.31,83.33,3892
1785227400,2026-07-28T08:30:00.000Z,0,0,,83.35,83.61,82.78,83.27,2551
1785229200,2026-07-28T09:00:00.000Z,0,0,,83.28,84.08,83.28,83.44,1810
1785231000,2026-07-28T09:30:00.000Z,0,0,,83.45,83.91,83.41,83.68,866
1785232800,2026-07-28T10:00:00.000Z,0,0,,83.7,84.3,83.65,84.24,826
1785234600,2026-07-28T10:30:00.000Z,0,0,,84.26,84.5,83.89,84.13,1223
1785236400,2026-07-28T11:00:00.000Z,0,0,,84.14,84.31,83.66,84.23,1288
1785238200,2026-07-28T11:30:00.000Z,0,0,,84.26,84.74,84.18,84.58,1179
1785240000,2026-07-28T12:00:00.000Z,0,0,,84.6,84.62,84.21,84.46,930
1785241800,2026-07-28T12:30:00.000Z,0,0,,84.45,84.51,83.58,83.72,1889
1785243600,2026-07-28T13:00:00.000Z,0,0,,83.74,84.28,83.74,83.99,1412
1785245400,2026-07-28T13:30:00.000Z,0,0,,84.01,84.27,83.59,84.06,1688
1785247200,2026-07-28T14:00:00.000Z,0,0,,84.07,84.45,83.63,83.76,1852
1785249000,2026-07-28T14:30:00.000Z,0,0,,83.78,84.17,83.54,84.04,1974
1785250800,2026-07-28T15:00:00.000Z,0,0,,84.05,84.13,82.1,82.34,7059
1785252600,2026-07-28T15:30:00.000Z,0,0,,82.37,82.41,81.19,81.26,4780
1785254400,2026-07-28T16:00:00.000Z,0,0,,81.28,81.68,81.1,81.19,2826
1785256200,2026-07-28T16:30:00.000Z,0,0,,81.2,81.7,80.67,81.44,3024
1785258000,2026-07-28T17:00:00.000Z,0,0,,81.46,82.03,81.11,82,3291
1785259800,2026-07-28T17:30:00.000Z,0,0,,82.03,82.44,81.78,82.18,1700
1785261600,2026-07-28T18:00:00.000Z,0,0,,82.2,82.21,81.62,82.12,2820
1785263400,2026-07-28T18:30:00.000Z,0,0,,82.14,82.25,81.74,81.97,997
1785265200,2026-07-28T19:00:00.000Z,0,0,,82,82.02,81.7,81.75,417
1785267000,2026-07-28T19:30:00.000Z,0,0,,81.72,81.92,81.68,81.87,427
1785268800,2026-07-28T20:00:00.000Z,0,0,,81.89,82.01,81.78,81.98,368
1785270600,2026-07-28T20:30:00.000Z,0,0,,81.99,82.04,81.75,81.8,392
1785272400,2026-07-28T21:00:00.000Z,1,0,,81.85,82.75,81.79,82.75,168
1785274200,2026-07-28T21:30:00.000Z,0,0,,82.71,83.09,82.69,83,138
1785283200,2026-07-29T00:00:00.000Z,0,0,,84,84.63,83.95,84.27,1243
1785285000,2026-07-29T00:30:00.000Z,0,0,,84.29,85.01,84.29,84.85,740
1785286800,2026-07-29T01:00:00.000Z,0,0,,84.82,85.45,84.79,85.07,1224
1785288600,2026-07-29T01:30:00.000Z,0,0,,85.1,85.63,85.1,85.27,505
1785290400,2026-07-29T02:00:00.000Z,0,0,,85.29,85.36,84.93,84.93,310
1785292200,2026-07-29T02:30:00.000Z,0,0,,84.93,84.94,84.62,84.87,381
1785294000,2026-07-29T03:00:00.000Z,0,0,,84.88,85.17,84.87,85.01,292
1785295800,2026-07-29T03:30:00.000Z,0,0,,85.05,85.37,85.04,85.31,176
1785297600,2026-07-29T04:00:00.000Z,0,0,,85.3,85.3,85.08,85.08,181
1785299400,2026-07-29T04:30:00.000Z,0,0,,85.1,85.1,84.23,84.67,522
1785301200,2026-07-29T05:00:00.000Z,0,0,,84.66,84.73,84.35,84.44,581
1785303000,2026-07-29T05:30:00.000Z,0,0,,84.46,84.71,84.34,84.67,665
1785304800,2026-07-29T06:00:00.000Z,0,0,,84.7,84.93,84.48,84.85,858
1785306600,2026-07-29T06:30:00.000Z,0,0,,84.83,84.89,84.3,84.64,830
1785308400,2026-07-29T07:00:00.000Z,0,0,,84.66,84.89,84.33,84.78,1210
1785310200,2026-07-29T07:30:00.000Z,0,0,,84.76,84.95,84.35,84.66,966
1785312000,2026-07-29T08:00:00.000Z,0,0,,84.68,84.98,84.26,84.84,2465
1785313800,2026-07-29T08:30:00.000Z,0,0,,84.86,85.01,84.3,84.62,1442
1785315600,2026-07-29T09:00:00.000Z,0,0,,84.67,84.89,84.54,84.76,1032
1785317400,2026-07-29T09:30:00.000Z,0,0,,84.77,85.1,84.68,84.89,910
1785319200,2026-07-29T10:00:00.000Z,0,0,,84.93,85.48,84.74,85.47,1904
1785321000,2026-07-29T10:30:00.000Z,0,0,,85.48,86,85.34,85.88,1346
1785322800,2026-07-29T11:00:00.000Z,0,0,,85.89,85.97,85.5,85.56,875
1785324600,2026-07-29T11:30:00.000Z,0,0,,85.57,85.74,85,85.22,1663
1785326400,2026-07-29T12:00:00.000Z,0,0,,85.25,87.09,85.18,86.99,4130
1785328200,2026-07-29T12:30:00.000Z,0,0,,87.03,87.22,86.51,86.85,2043
1785330000,2026-07-29T13:00:00.000Z,0,0,,86.88,87.11,86.61,86.79,1780
1785331800,2026-07-29T13:30:00.000Z,0,0,,86.81,87.34,86.72,87.26,2000
1785333600,2026-07-29T14:00:00.000Z,0,0,,87.27,87.45,86.85,87.43,1924
1785335400,2026-07-29T14:30:00.000Z,0,0,,87.42,88,87.36,87.9,2771
1785337200,2026-07-29T15:00:00.000Z,0,0,,87.93,88.13,87.48,87.76,3292
1785339000,2026-07-29T15:30:00.000Z,0,0,,87.78,87.99,87.39,87.93,2255
1785340800,2026-07-29T16:00:00.000Z,0,0,,87.94,88.22,87.48,87.49,2040
1785342600,2026-07-29T16:30:00.000Z,0,0,,87.53,87.93,87.46,87.83,1000
1785344400,2026-07-29T17:00:00.000Z,0,0,,87.84,87.94,87.58,87.63,1067
1785346200,2026-07-29T17:30:00.000Z,0,0,,87.63,87.9,87.51,87.84,1051
1785348000,2026-07-29T18:00:00.000Z,0,0,,87.88,88.38,87.7,88.08,3376
1785349800,2026-07-29T18:30:00.000Z,0,0,,88.11,88.43,87.77,87.79,1246
1785351600,2026-07-29T19:00:00.000Z,0,0,,87.81,88.13,87.49,88.02,1873
1785353400,2026-07-29T19:30:00.000Z,0,0,,88.05,88.59,87.98,88.29,1322
1785355200,2026-07-29T20:00:00.000Z,0,0,,88.29,88.5,88.08,88.41,368
1785357000,2026-07-29T20:30:00.000Z,0,0,,88.37,88.39,87.99,88.13,300
1785358800,2026-07-29T21:00:00.000Z,0,0,,88.11,88.14,87.92,88.14,21
1785360600,2026-07-29T21:30:00.000Z,0,0,,88.15,88.33,87.71,88.12,56
1785369600,2026-07-30T00:00:00.000Z,0,0,,87.74,87.79,86.7,87.62,871
1785371400,2026-07-30T00:30:00.000Z,0,0,,87.63,88.18,87.54,88.09,323
1785373200,2026-07-30T01:00:00.000Z,0,0,,88.08,88.08,87.3,87.5,748
1785375000,2026-07-30T01:30:00.000Z,0,0,,87.54,87.6,87.15,87.27,656
1785376800,2026-07-30T02:00:00.000Z,0,0,,87.33,87.33,87,87.04,403
1785378600,2026-07-30T02:30:00.000Z,0,0,,87.06,87.21,86.8,86.99,658
1785380400,2026-07-30T03:00:00.000Z,0,0,,87,87.17,86.82,87.12,403
1785382200,2026-07-30T03:30:00.000Z,0,0,,87.07,87.31,87,87.21,188
1785384000,2026-07-30T04:00:00.000Z,0,0,,87.22,87.37,87.17,87.33,144
1785385800,2026-07-30T04:30:00.000Z,0,0,,87.3,87.69,87.18,87.61,270
1785387600,2026-07-30T05:00:00.000Z,0,0,,87.62,88.25,87.57,88.08,619
1785389400,2026-07-30T05:30:00.000Z,0,0,,88.11,89.08,88.06,89.05,1769
1785391200,2026-07-30T06:00:00.000Z,0,0,,89.07,89.5,88.8,89.44,1832
1785393000,2026-07-30T06:30:00.000Z,0,0,,89.45,89.5,89.06,89.21,1309
1785394800,2026-07-30T07:00:00.000Z,0,0,,89.22,89.24,88.44,88.82,2405
1785396600,2026-07-30T07:30:00.000Z,0,0,,88.82,89.29,88.25,88.56,1651
1785398400,2026-07-30T08:00:00.000Z,0,0,,88.58,88.83,88.09,88.53,3229
1785400200,2026-07-30T08:30:00.000Z,0,0,,88.54,88.61,87.83,88.27,1656
1785402000,2026-07-30T09:00:00.000Z,0,0,,88.3,88.39,86.96,87.59,2403
1785403800,2026-07-30T09:30:00.000Z,0,0,,87.57,88.13,87.46,88.06,1305
1785405600,2026-07-30T10:00:00.000Z,0,0,,88.09,88.24,87.81,87.86,957
1785407400,2026-07-30T10:30:00.000Z,0,0,,87.89,87.94,86.81,87.4,1967
1785409200,2026-07-30T11:00:00.000Z,0,0,,87.41,87.56,87.17,87.28,914
1785411000,2026-07-30T11:30:00.000Z,0,0,,87.31,87.36,86.99,87.1,1163
1785412800,2026-07-30T12:00:00.000Z,0,0,,87.13,87.62,87.03,87.46,1308
1785414600,2026-07-30T12:30:00.000Z,0,0,,87.46,87.6,86.99,87.58,1278
1785416400,2026-07-30T13:00:00.000Z,0,0,,87.59,87.61,86.27,86.73,2878
1785418200,2026-07-30T13:30:00.000Z,0,0,,86.77,87.03,86.56,86.86,1669
1785420000,2026-07-30T14:00:00.000Z,0,0,,86.88,87.24,86.68,86.88,2766
1785421800,2026-07-30T14:30:00.000Z,0,0,,86.88,87.38,86.88,87.16,1860
1785423600,2026-07-30T15:00:00.000Z,0,0,,87.19,87.71,86.91,87.25,2918
1785425400,2026-07-30T15:30:00.000Z,0,0,,87.27,87.47,86.63,87.09,1739
1785427200,2026-07-30T16:00:00.000Z,0,0,,87.1,87.3,86.65,86.72,914
1785429000,2026-07-30T16:30:00.000Z,0,0,,86.73,87.23,86.68,87.13,810
1785430800,2026-07-30T17:00:00.000Z,0,0,,87.15,87.29,86.84,86.91,943
1785432600,2026-07-30T17:30:00.000Z,0,0,,86.93,87.39,86.76,87.08,1126
1785434400,2026-07-30T18:00:00.000Z,0,0,,87.09,87.28,86.79,86.84,2015
1785436200,2026-07-30T18:30:00.000Z,0,0,,86.87,87.01,86.78,86.84,694
1785438000,2026-07-30T19:00:00.000Z,0,0,,86.86,87.01,86.78,86.88,348
1785439800,2026-07-30T19:30:00.000Z,0,0,,86.84,87.1,86.79,86.94,390
1785441600,2026-07-30T20:00:00.000Z,0,0,,86.95,87.4,86.84,87.35,419
1785443400,2026-07-30T20:30:00.000Z,0,0,,87.34,87.44,87.16,87.21,313
1785445200,2026-07-30T21:00:00.000Z,0,0,,87.22,87.23,86.99,87.12,30
1785447000,2026-07-30T21:30:00.000Z,0,0,,87.13,87.13,86.82,87,13
1785456000,2026-07-31T00:00:00.000Z,0,0,,87.25,87.45,87.23,87.41,185
1785457800,2026-07-31T00:30:00.000Z,0,0,,87.4,87.41,86.89,86.89,189
1785459600,2026-07-31T01:00:00.000Z,0,0,,86.85,86.87,85.7,86.31,1381
1785461400,2026-07-31T01:30:00.000Z,0,0,,86.3,86.41,85.86,86.01,363
1785463200,2026-07-31T02:00:00.000Z,0,0,,85.98,85.98,84.91,85.63,688
1785465000,2026-07-31T02:30:00.000Z,0,0,,85.62,86.01,85.58,85.85,262
1785466800,2026-07-31T03:00:00.000Z,0,0,,85.84,85.97,85.67,85.81,214
1785468600,2026-07-31T03:30:00.000Z,0,0,,85.77,86.02,85.7,85.81,163
1785470400,2026-07-31T04:00:00.000Z,0,0,,85.83,85.9,85.28,85.57,282
1785472200,2026-07-31T04:30:00.000Z,0,0,,85.55,85.6,85.02,85.05,313
1785474000,2026-07-31T05:00:00.000Z,0,0,,85.06,85.41,84.99,85.11,325
1785475800,2026-07-31T05:30:00.000Z,0,0,,85.09,85.12,84.62,85.1,863
1785477600,2026-07-31T06:00:00.000Z,0,0,,85.13,85.72,85.02,85.49,738
1785479400,2026-07-31T06:30:00.000Z,0,0,,85.5,85.62,85.24,85.5,480
1785481200,2026-07-31T07:00:00.000Z,0,0,,85.49,86.22,85.46,86.15,1083
1785483000,2026-07-31T07:30:00.000Z,0,0,,86.13,86.24,85.54,85.7,1193
1785484800,2026-07-31T08:00:00.000Z,0,0,,85.72,86.24,85.42,86.24,2274
1785486600,2026-07-31T08:30:00.000Z,0,0,,86.25,86.35,85.72,86.02,1503
1785488400,2026-07-31T09:00:00.000Z,0,0,,86.01,86.89,86.01,86.45,2255
1785490200,2026-07-31T09:30:00.000Z,0,0,,86.47,87.45,86.47,87.37,1471
1785492000,2026-07-31T10:00:00.000Z,0,0,,87.4,87.72,87.36,87.53,1186
1785493800,2026-07-31T10:30:00.000Z,0,0,,87.54,87.89,87.41,87.7,925
1785495600,2026-07-31T11:00:00.000Z,0,0,,87.73,88.36,87.56,88.18,2488
1785497400,2026-07-31T11:30:00.000Z,0,0,,88.19,88.59,88.09,88.35,1733
1785499200,2026-07-31T12:00:00.000Z,0,0,,88.33,88.64,88.3,88.35,1089
1785501000,2026-07-31T12:30:00.000Z,0,0,,88.38,89,88.07,88.65,2037
1785502800,2026-07-31T13:00:00.000Z,0,0,,88.69,88.82,88.21,88.44,2721
1785504600,2026-07-31T13:30:00.000Z,0,0,,88.45,88.88,88.35,88.53,1778
1785506400,2026-07-31T14:00:00.000Z,0,0,,88.51,88.59,87.83,88.1,2589
1785508200,2026-07-31T14:30:00.000Z,0,0,,88.11,88.74,88.08,88.56,1677
1785510000,2026-07-31T15:00:00.000Z,0,0,,88.58,88.76,88.1,88.3,2718
1785511800,2026-07-31T15:30:00.000Z,0,0,,88.33,88.4,87.07,87.23,2962
1785513600,2026-07-31T16:00:00.000Z,0,0,,87.22,87.7,87.21,87.42,2074
1785515400,2026-07-31T16:30:00.000Z,0,0,,87.43,87.84,87.41,87.8,1022
1785517200,2026-07-31T17:00:00.000Z,0,0,,87.81,88.19,87.68,87.95,1333
1785519000,2026-07-31T17:30:00.000Z,0,0,,87.96,88.26,87.83,87.94,1213
1785520800,2026-07-31T18:00:00.000Z,0,0,,87.96,88.51,87.75,87.8,2855
1785522600,2026-07-31T18:30:00.000Z,0,0,,87.84,88,87.73,87.91,749
1785524400,2026-07-31T19:00:00.000Z,0,0,,87.92,88.42,87.86,88.33,464
1785526200,2026-07-31T19:30:00.000Z,0,0,,88.31,88.4,88.13,88.2,427
1785528000,2026-07-31T20:00:00.000Z,0,0,,88.19,88.25,87.84,87.99,235
1785529800,2026-07-31T20:30:00.000Z,0,0,,88.04,90.32,87.82,90.28,1576
1785531600,2026-07-31T21:00:00.000Z,0,0,,90.26,91.03,89.75,91.02,454
1785533400,2026-07-31T21:30:00.000Z,0,0,,91.03,91.36,90.99,91.03,191
1785708000,2026-08-02T22:00:00.000Z,0,0,,82.8,84.31,81.55,83.66,3068
1785709800,2026-08-02T22:30:00.000Z,0,0,,83.63,84.55,83.56,84.46,783
1785711600,2026-08-02T23:00:00.000Z,0,0,,84.45,84.49,83.99,84.06,494
1785713400,2026-08-02T23:30:00.000Z,0,0,,84.07,84.09,83.52,83.86,569
1785715200,2026-08-03T00:00:00.000Z,0,0,,83.87,84.22,83.68,83.69,444
1785717000,2026-08-03T00:30:00.000Z,0,0,,83.7,84.07,83.57,84.03,293
1785718800,2026-08-03T01:00:00.000Z,0,0,,83.96,84.17,83.71,83.76,700
1785720600,2026-08-03T01:30:00.000Z,0,0,,83.78,84.03,83.51,83.62,383
1785722400,2026-08-03T02:00:00.000Z,0,0,,83.6,83.83,83.41,83.71,472
1785724200,2026-08-03T02:30:00.000Z,0,0,,83.73,84.01,83.31,83.4,450
1785726000,2026-08-03T03:00:00.000Z,0,0,,83.38,83.63,83.33,83.59,265
1785727800,2026-08-03T03:30:00.000Z,0,0,,83.58,83.79,83.4,83.41,129
1785729600,2026-08-03T04:00:00.000Z,0,0,,83.42,83.5,83.34,83.37,136
1785731400,2026-08-03T04:30:00.000Z,0,0,,83.39,83.56,83.31,83.35,175
1785733200,2026-08-03T05:00:00.000Z,0,0,,83.32,83.38,83.15,83.23,244
1785735000,2026-08-03T05:30:00.000Z,0,0,,83.21,83.68,83.15,83.43,390
1785736800,2026-08-03T06:00:00.000Z,0,0,,83.43,83.51,82.97,83.02,840
1785738600,2026-08-03T06:30:00.000Z,0,0,,83.04,83.16,82.63,82.82,895
1785740400,2026-08-03T07:00:00.000Z,0,0,,82.83,84.28,82.81,83.74,2108
1785742200,2026-08-03T07:30:00.000Z,0,0,,83.73,84.1,83.27,83.65,1431
1785744000,2026-08-03T08:00:00.000Z,0,0,,83.68,84.19,83.51,83.88,2600
1785745800,2026-08-03T08:30:00.000Z,0,0,,83.89,84.66,83.79,84.13,1909
1785747600,2026-08-03T09:00:00.000Z,0,0,,84.14,84.19,83.61,83.76,1193
1785749400,2026-08-03T09:30:00.000Z,0,0,,83.77,84.07,83.43,84.03,1073
1785751200,2026-08-03T10:00:00.000Z,0,0,,84,84.01,83.64,83.8,918
1785753000,2026-08-03T10:30:00.000Z,0,0,,83.8,83.83,83.3,83.51,828
1785754800,2026-08-03T11:00:00.000Z,0,0,,83.55,83.68,83.27,83.65,816
1785756600,2026-08-03T11:30:00.000Z,0,0,,83.65,83.75,82.76,82.87,1154
1785758400,2026-08-03T12:00:00.000Z,0,0,,82.9,83.27,82.79,83.15,1294
1785760200,2026-08-03T12:30:00.000Z,0,0,,83.16,83.29,82.78,82.97,1390
1785762000,2026-08-03T13:00:00.000Z,0,0,,83,83.69,82.86,83.54,2277
1785763800,2026-08-03T13:30:00.000Z,0,0,,83.57,83.63,82.71,83.16,1915
1785765600,2026-08-03T14:00:00.000Z,0,0,,83.19,83.54,83.11,83.31,1518
1785767400,2026-08-03T14:30:00.000Z,0,0,,83.34,83.79,83.3,83.76,1974
1785769200,2026-08-03T15:00:00.000Z,0,0,,83.79,84.54,83.56,84.3,4204
1785771000,2026-08-03T15:30:00.000Z,0,0,,84.31,84.33,83.68,83.85,1945
1785772800,2026-08-03T16:00:00.000Z,0,0,,83.83,83.84,83.42,83.55,1292
1785774600,2026-08-03T16:30:00.000Z,0,0,,83.58,83.89,83.39,83.51,1100
1785776400,2026-08-03T17:00:00.000Z,0,0,,83.53,83.93,83.51,83.62,971
1785778200,2026-08-03T17:30:00.000Z,0,0,,83.61,83.9,83.42,83.62,938
1785780000,2026-08-03T18:00:00.000Z,0,0,,83.63,83.91,83.02,83.81,3157
1785781800,2026-08-03T18:30:00.000Z,0,0,,83.83,84.13,83.62,83.85,1088
1785783600,2026-08-03T19:00:00.000Z,0,0,,83.87,84.24,83.76,83.98,774
1785785400,2026-08-03T19:30:00.000Z,0,0,,83.99,84,83.68,83.68,442
1785787200,2026-08-03T20:00:00.000Z,0,0,,83.72,83.83,83.59,83.62,290
1785789000,2026-08-03T20:30:00.000Z,0,0,,83.62,83.64,83.36,83.54,244
1785790800,2026-08-03T21:00:00.000Z,0,0,,83.55,83.8,83.54,83.79,18
1785792600,2026-08-03T21:30:00.000Z,0,0,,83.76,83.81,83.57,83.69,24
1785801600,2026-08-04T00:00:00.000Z,0,0,,83.83,84.36,83.8,84.15,326
1785803400,2026-08-04T00:30:00.000Z,0,0,,84.13,84.57,84.12,84.52,186
1785805200,2026-08-04T01:00:00.000Z,0,0,,84.53,84.74,84.16,84.27,478
1785807000,2026-08-04T01:30:00.000Z,0,0,,84.29,84.63,84.21,84.51,307
1785808800,2026-08-04T02:00:00.000Z,0,0,,84.53,84.71,84.39,84.61,394
1785810600,2026-08-04T02:30:00.000Z,0,0,,84.64,84.88,84.58,84.82,318
1785812400,2026-08-04T03:00:00.000Z,0,0,,84.82,85,84.74,84.75,275
1785814200,2026-08-04T03:30:00.000Z,0,0,,84.7,85.06,84.67,85.01,135
1785816000,2026-08-04T04:00:00.000Z,0,0,,85.02,85.06,84.84,84.86,212
1785817800,2026-08-04T04:30:00.000Z,0,0,,84.85,85.07,84.85,84.99,95
1785819600,2026-08-04T05:00:00.000Z,0,0,,85.03,85.21,84.94,85.12,219
1785821400,2026-08-04T05:30:00.000Z,0,0,,85.16,85.27,84.75,84.76,638
1785823200,2026-08-04T06:00:00.000Z,0,0,,84.79,85.01,84.64,84.82,561
1785825000,2026-08-04T06:30:00.000Z,0,0,,84.84,84.93,84.47,84.48,629
1785826800,2026-08-04T07:00:00.000Z,0,0,,84.49,85.01,84.29,84.96,1115
1785828600,2026-08-04T07:30:00.000Z,0,0,,84.99,85.05,84.83,84.87,875
1785830400,2026-08-04T08:00:00.000Z,0,0,,84.89,85.17,84.61,85,2441
1785832200,2026-08-04T08:30:00.000Z,0,0,,85.03,86.33,85.01,86.12,2340
1785834000,2026-08-04T09:00:00.000Z,0,0,,86.16,86.26,85.82,85.89,1528
1785835800,2026-08-04T09:30:00.000Z,0,0,,85.91,86.26,85.67,85.86,1307
1785837600,2026-08-04T10:00:00.000Z,0,0,,85.84,85.97,85.44,85.93,1317
1785839400,2026-08-04T10:30:00.000Z,0,0,,85.92,85.92,84.24,84.66,3708
1785841200,2026-08-04T11:00:00.000Z,0,0,,84.67,84.81,83.52,83.55,2299
1785843000,2026-08-04T11:30:00.000Z,0,0,,83.55,83.89,80.46,80.53,6702
1785844800,2026-08-04T12:00:00.000Z,0,0,,80.55,82.09,80.55,81.87,4194
1785846600,2026-08-04T12:30:00.000Z,0,0,,81.88,81.98,81.15,81.42,1929
1785848400,2026-08-04T13:00:00.000Z,0,0,,81.45,81.87,80.05,80.23,5745
1785850200,2026-08-04T13:30:00.000Z,0,0,,80.24,80.37,79.51,79.81,4432
1785852000,2026-08-04T14:00:00.000Z,0,0,,79.82,80.29,79.5,80.24,3397
1785853800,2026-08-04T14:30:00.000Z,0,0,,80.28,80.7,79.9,80.55,2839
1785855600,2026-08-04T15:00:00.000Z,0,0,,80.55,80.78,79.99,80.04,3705
1785857400,2026-08-04T15:30:00.000Z,0,0,,80.07,80.17,78.7,79.19,5493
1785859200,2026-08-04T16:00:00.000Z,0,0,,79.21,79.73,79.17,79.4,1517
1785861000,2026-08-04T16:30:00.000Z,0,0,,79.45,79.93,79.44,79.67,1057
1785862800,2026-08-04T17:00:00.000Z,0,0,,79.68,79.75,79.1,79.44,1270
1785864600,2026-08-04T17:30:00.000Z,0,0,,79.46,79.54,79.1,79.41,1319
1785866400,2026-08-04T18:00:00.000Z,0,0,,79.43,79.54,79.12,79.32,2376
1785868200,2026-08-04T18:30:00.000Z,0,0,,79.34,79.6,79.23,79.41,650
1785870000,2026-08-04T19:00:00.000Z,0,0,,79.4,79.43,79.26,79.34,474
1785871800,2026-08-04T19:30:00.000Z,0,0,,79.31,79.58,79.26,79.35,479
1785873600,2026-08-04T20:00:00.000Z,0,0,,79.34,79.4,78.71,78.91,821
1785875400,2026-08-04T20:30:00.000Z,0,0,,78.89,79.15,78.67,78.75,593
1785877200,2026-08-04T21:00:00.000Z,0,0,,78.74,78.93,78.69,78.73,62
1785879000,2026-08-04T21:30:00.000Z,0,0,,78.74,78.86,78.67,78.67,29
1785888000,2026-08-05T00:00:00.000Z,0,0,,78.72,79.1,78.41,79.09,673
1785889800,2026-08-05T00:30:00.000Z,0,0,,79.06,79.18,79.02,79.13,179
1785891600,2026-08-05T01:00:00.000Z,0,0,,79.11,79.8,79.11,79.76,689
1785893400,2026-08-05T01:30:00.000Z,0,0,,79.78,79.84,79.59,79.73,244
1785895200,2026-08-05T02:00:00.000Z,0,0,,79.74,79.8,78.6,78.68,711
1785897000,2026-08-05T02:30:00.000Z,0,0,,78.66,78.75,78.11,78.57,808
1785898800,2026-08-05T03:00:00.000Z,0,0,,78.56,78.64,78.23,78.45,342
1785900600,2026-08-05T03:30:00.000Z,0,0,,78.45,78.55,78.25,78.32,270
1785902400,2026-08-05T04:00:00.000Z,0,0,,78.35,78.82,78.27,78.71,350
1785904200,2026-08-05T04:30:00.000Z,0,0,,78.72,78.98,78.63,78.85,260
1785906000,2026-08-05T05:00:00.000Z,0,0,,78.87,79.07,78.79,78.98,262
1785907800,2026-08-05T05:30:00.000Z,0,0,,78.99,79.02,78.49,78.78,502
1785909600,2026-08-05T06:00:00.000Z,0,0,,78.79,79.17,78.7,79.03,881
1785911400,2026-08-05T06:30:00.000Z,0,0,,79.04,79.36,78.94,78.96,846
1785913200,2026-08-05T07:00:00.000Z,0,0,,78.96,80.32,78.89,80.28,2039
1785915000,2026-08-05T07:30:00.000Z,0,0,,80.29,80.5,79.91,80.07,1272
1785916800,2026-08-05T08:00:00.000Z,0,0,,80.09,80.44,79.82,80.16,2363
1785918600,2026-08-05T08:30:00.000Z,0,0,,80.19,80.57,79.99,80.37,1908
1785920400,2026-08-05T09:00:00.000Z,0,0,,80.35,80.48,79.96,80.33,1227
1785922200,2026-08-05T09:30:00.000Z,0,0,,80.35,80.8,80.23,80.73,1070
1785924000,2026-08-05T10:00:00.000Z,0,0,,80.76,80.95,80.51,80.92,1044
1785925800,2026-08-05T10:30:00.000Z,0,0,,80.94,80.95,80.43,80.54,967
1785927600,2026-08-05T11:00:00.000Z,0,0,,80.54,80.69,80.28,80.44,807
1785929400,2026-08-05T11:30:00.000Z,0,0,,80.47,80.52,80.01,80.1,1207
1785931200,2026-08-05T12:00:00.000Z,0,0,,80.12,80.49,79.77,80.49,1489
1785933000,2026-08-05T12:30:00.000Z,0,0,,80.47,80.71,80.02,80.66,1415
1785934800,2026-08-05T13:00:00.000Z,0,0,,80.7,80.7,79.93,80.15,1606
1785936600,2026-08-05T13:30:00.000Z,0,0,,80.18,80.18,79.13,79.59,3380
1785938400,2026-08-05T14:00:00.000Z,0,0,,79.61,79.74,78.49,78.83,4009
1785940200,2026-08-05T14:30:00.000Z,0,0,,78.84,79.21,78.63,79,2590
1785942000,2026-08-05T15:00:00.000Z,0,0,,79.01,79.81,78.29,79.02,5055
1785943800,2026-08-05T15:30:00.000Z,0,0,,79.03,79.59,78.94,79.57,1938
1785945600,2026-08-05T16:00:00.000Z,0,0,,79.56,79.88,79.49,79.73,1183
1785947400,2026-08-05T16:30:00.000Z,0,0,,79.77,79.83,78.95,79.04,1331
1785949200,2026-08-05T17:00:00.000Z,0,0,,79.03,79.16,78.65,78.7,1205
1785951000,2026-08-05T17:30:00.000Z,0,0,,78.72,79.16,78.61,79.15,994
1785952800,2026-08-05T18:00:00.000Z,0,0,,79.18,79.56,79.09,79.46,1944
1785954600,2026-08-05T18:30:00.000Z,0,0,,79.49,79.66,79.3,79.58,650
1785956400,2026-08-05T19:00:00.000Z,0,0,,79.57,79.66,79.38,79.53,365
1785958200,2026-08-05T19:30:00.000Z,0,0,,79.54,79.55,79.28,79.44,386
1785960000,2026-08-05T20:00:00.000Z,0,0,,79.45,79.45,79.13,79.37,280
1785961800,2026-08-05T20:30:00.000Z,0,0,,79.35,79.45,79.18,79.41,205
1785963600,2026-08-05T21:00:00.000Z,0,0,,79.42,79.7,79.42,79.61,37
1785965400,2026-08-05T21:30:00.000Z,0,0,,79.6,79.64,79.41,79.41,10
1785974400,2026-08-06T00:00:00.000Z,0,0,,79.06,79.41,79.04,79.36,196
1785976200,2026-08-06T00:30:00.000Z,0,0,,79.34,79.49,79.1,79.3,226
1785978000,2026-08-06T01:00:00.000Z,1,0,,79.31,80.35,79.25,80.01,1072
1785979800,2026-08-06T01:30:00.000Z,0,0,,80.01,80.23,79.9,80.03,321
1785981600,2026-08-06T02:00:00.000Z,0,0,,80.01,80.08,79.77,79.79,207
1785983400,2026-08-06T02:30:00.000Z,0,0,,79.83,80.01,79.78,79.83,207
1785985200,2026-08-06T03:00:00.000Z,0,0,,79.82,79.91,79.51,79.57,200
1785987000,2026-08-06T03:30:00.000Z,0,0,,79.54,79.55,79.21,79.26,242
1785988800,2026-08-06T04:00:00.000Z,0,0,,79.24,79.28,79.04,79.11,210
1785990600,2026-08-06T04:30:00.000Z,0,0,,79.07,79.17,78.98,79.13,149
1785992400,2026-08-06T05:00:00.000Z,0,0,,79.14,79.24,78.96,78.97,193
1785994200,2026-08-06T05:30:00.000Z,0,0,,78.98,79.28,78.92,79.21,388
1785996000,2026-08-06T06:00:00.000Z,0,0,,79.23,79.81,79.2,79.6,693
1785997800,2026-08-06T06:30:00.000Z,0,0,,79.57,79.99,79.57,79.63,806
1785999600,2026-08-06T07:00:00.000Z,0,0,,79.63,79.92,79.44,79.64,1124
1786001400,2026-08-06T07:30:00.000Z,0,0,,79.66,79.98,79.56,79.81,1006
1786003200,2026-08-06T08:00:00.000Z,0,0,,79.86,80.24,79.49,79.61,2856
1786005000,2026-08-06T08:30:00.000Z,0,0,,79.62,79.75,79.27,79.54,1678
1786006800,2026-08-06T09:00:00.000Z,0,0,,79.55,79.85,79.4,79.48,940
1786008600,2026-08-06T09:30:00.000Z,0,0,,79.48,79.78,79.37,79.44,615
1786010400,2026-08-06T10:00:00.000Z,0,0,,79.47,80.31,79.41,80.1,990
1786012200,2026-08-06T10:30:00.000Z,0,0,,80.12,80.53,80.07,80.32,893
1786014000,2026-08-06T11:00:00.000Z,0,0,,80.31,80.4,80.17,80.28,503
1786015800,2026-08-06T11:30:00.000Z,0,0,,80.31,80.69,80.13,80.16,916
1786017600,2026-08-06T12:00:00.000Z,0,0,,80.19,80.69,80.08,80.56,1120
1786019400,2026-08-06T12:30:00.000Z,0,0,,80.59,80.85,80.47,80.74,972
1786021200,2026-08-06T13:00:00.000Z,0,0,,80.76,81.41,80.69,80.85,1982
1786023000,2026-08-06T13:30:00.000Z,0,0,,80.88,80.97,80.59,80.91,1194
1786024800,2026-08-06T14:00:00.000Z,0,0,,80.89,81.17,80.68,81.08,1267
1786026600,2026-08-06T14:30:00.000Z,0,0,,81.11,81.41,80.81,81.13,1746
1786028400,2026-08-06T15:00:00.000Z,0,0,,81.16,81.83,81.06,81.48,3514
1786030200,2026-08-06T15:30:00.000Z,0,0,,81.51,82.84,81.41,82.46,3606
1786032000,2026-08-06T16:00:00.000Z,0,0,,82.49,82.91,82.36,82.52,2653
1786033800,2026-08-06T16:30:00.000Z,0,0,,82.55,83.06,82.46,82.79,1808
1786035600,2026-08-06T17:00:00.000Z,0,0,,82.81,82.84,82.46,82.53,1153
1786037400,2026-08-06T17:30:00.000Z,0,0,,82.54,82.62,82.19,82.34,1035
1786039200,2026-08-06T18:00:00.000Z,0,0,,82.35,82.62,82.22,82.46,2671
1786041000,2026-08-06T18:30:00.000Z,0,0,,82.49,82.59,82.27,82.56,614
1786042800,2026-08-06T19:00:00.000Z,0,0,,82.55,83.49,82.55,83.36,898
1786044600,2026-08-06T19:30:00.000Z,0,0,,83.38,83.48,82.6,82.93,1087
1786046400,2026-08-06T20:00:00.000Z,0,0,,82.94,83.46,82.87,83.39,659
1786048200,2026-08-06T20:30:00.000Z,0,0,,83.36,83.77,83.23,83.59,511
1786050000,2026-08-06T21:00:00.000Z,0,0,,83.55,83.58,82.95,83.09,93
1786051800,2026-08-06T21:30:00.000Z,0,0,,83.05,83.51,83.03,83.09,42
1786060800,2026-08-07T00:00:00.000Z,0,0,,83.3,83.74,83.29,83.66,542
1786062600,2026-08-07T00:30:00.000Z,0,0,,83.65,83.86,83.25,83.28,323
1786064400,2026-08-07T01:00:00.000Z,0,0,,83.29,83.41,83.07,83.17,716
1786066200,2026-08-07T01:30:00.000Z,0,0,,83.18,83.39,83.06,83.29,353
1786068000,2026-08-07T02:00:00.000Z,0,0,,83.28,83.58,83.28,83.54,313
1786069800,2026-08-07T02:30:00.000Z,0,0,,83.53,83.61,83.35,83.42,226
1786071600,2026-08-07T03:00:00.000Z,0,0,,83.43,83.73,83.28,83.46,291
1786073400,2026-08-07T03:30:00.000Z,0,0,,83.48,83.51,83.35,83.45,130
1786075200,2026-08-07T04:00:00.000Z,0,0,,83.47,84.33,83.4,84.24,1574
1786077000,2026-08-07T04:30:00.000Z,0,0,,84.3,84.44,83.66,83.79,697
1786078800,2026-08-07T05:00:00.000Z,0,0,,83.81,83.88,83.71,83.83,111
1786080600,2026-08-07T05:30:00.000Z,0,0,,83.86,83.89,83.52,83.56,493
1786082400,2026-08-07T06:00:00.000Z,0,0,,83.58,83.66,83.07,83.08,605
1786084200,2026-08-07T06:30:00.000Z,0,0,,83.09,83.7,83.04,83.41,511
1786086000,2026-08-07T07:00:00.000Z,0,0,,83.43,83.61,83.04,83.1,676
1786087800,2026-08-07T07:30:00.000Z,0,0,,83.07,83.47,83.02,83.27,624
1786089600,2026-08-07T08:00:00.000Z,0,0,,83.31,83.43,82.96,83.31,1330
1786091400,2026-08-07T08:30:00.000Z,0,0,,83.34,83.36,82.97,83.06,999
1786093200,2026-08-07T09:00:00.000Z,0,0,,83.09,83.18,82.71,82.77,695
1786095000,2026-08-07T09:30:00.000Z,0,0,,82.79,82.83,82.11,82.35,1110
1786096800,2026-08-07T10:00:00.000Z,0,0,,82.34,82.37,81.83,82.12,979
1786098600,2026-08-07T10:30:00.000Z,0,0,,82.12,82.12,81.74,81.87,967
1786100400,2026-08-07T11:00:00.000Z,0,0,,81.89,82.17,81.75,81.84,586
1786102200,2026-08-07T11:30:00.000Z,0,0,,81.82,81.97,81.65,81.84,673
1786104000,2026-08-07T12:00:00.000Z,0,0,,81.86,82.45,81.72,82.28,958
1786105800,2026-08-07T12:30:00.000Z,0,0,,82.23,82.26,81.5,81.67,1326
1786107600,2026-08-07T13:00:00.000Z,0,0,,81.66,82.14,81.58,81.95,1488
1786109400,2026-08-07T13:30:00.000Z,0,0,,81.97,82.38,81.85,82.36,1105
1786111200,2026-08-07T14:00:00.000Z,0,0,,82.37,83.01,82.23,82.62,1561
1786113000,2026-08-07T14:30:00.000Z,0,0,,82.63,83.18,82.4,83.13,1136
1786114800,2026-08-07T15:00:00.000Z,0,0,,83.15,83.64,83.05,83.41,3298
1786116600,2026-08-07T15:30:00.000Z,0,0,,83.44,83.8,83.29,83.69,1466
1786118400,2026-08-07T16:00:00.000Z,0,0,,83.73,83.81,83.47,83.72,1173
1786120200,2026-08-07T16:30:00.000Z,0,0,,83.73,83.78,83.49,83.62,761
1786122000,2026-08-07T17:00:00.000Z,0,0,,83.61,83.63,83.23,83.32,1008
1786123800,2026-08-07T17:30:00.000Z,0,0,,83.34,83.49,83.04,83.43,842
1786125600,2026-08-07T18:00:00.000Z,0,0,,83.44,83.68,83.24,83.56,1710
1786127400,2026-08-07T18:30:00.000Z,0,0,,83.58,83.65,83.34,83.41,568
1786129200,2026-08-07T19:00:00.000Z,0,0,,83.42,83.42,82.01,82.08,1488
1786131000,2026-08-07T19:30:00.000Z,0,0,,82.09,82.21,81.86,82.12,820
1786132800,2026-08-07T20:00:00.000Z,0,0,,82.13,82.24,81.9,82.18,353
1786134600,2026-08-07T20:30:00.000Z,0,0,,82.17,82.52,82.16,82.24,325
1786136400,2026-08-07T21:00:00.000Z,0,0,,82.26,82.36,82.18,82.34,12
1786138200,2026-08-07T21:30:00.000Z,0,0,,82.41,82.47,82.07,82.37,25
1786312800,2026-08-09T22:00:00.000Z,0,0,,83.7,84.97,83.55,84.43,966
1786314600,2026-08-09T22:30:00.000Z,0,0,,84.42,84.53,84.11,84.4,238
1786316400,2026-08-09T23:00:00.000Z,0,0,,84.35,84.39,84.16,84.34,182
1786318200,2026-08-09T23:30:00.000Z,0,0,,84.34,84.59,84.3,84.39,181
1786320000,2026-08-10T00:00:00.000Z,0,0,,84.41,84.51,84.14,84.47,214
1786321800,2026-08-10T00:30:00.000Z,0,0,,84.51,84.57,84.2,84.25,212
1786323600,2026-08-10T01:00:00.000Z,0,0,,84.23,84.72,83.68,84.64,816
1786325400,2026-08-10T01:30:00.000Z,0,0,,84.67,84.8,84.43,84.51,276
1786327200,2026-08-10T02:00:00.000Z,0,0,,84.5,84.62,84.26,84.3,157
1786329000,2026-08-10T02:30:00.000Z,0,0,,84.3,84.56,84.19,84.44,207
1786330800,2026-08-10T03:00:00.000Z,0,0,,84.48,84.5,84.14,84.23,207
1786332600,2026-08-10T03:30:00.000Z,0,0,,84.25,84.46,84.25,84.37,73
1786334400,2026-08-10T04:00:00.000Z,0,0,,84.39,84.46,84.27,84.35,111
1786336200,2026-08-10T04:30:00.000Z,0,0,,84.35,84.35,83.84,83.98,188
1786338000,2026-08-10T05:00:00.000Z,0,0,,84.01,84.12,83.85,83.96,196
1786339800,2026-08-10T05:30:00.000Z,0,0,,83.95,84.02,83.33,83.35,314
1786341600,2026-08-10T06:00:00.000Z,0,0,,83.38,83.84,83.34,83.56,549
1786343400,2026-08-10T06:30:00.000Z,0,0,,83.55,83.71,83.34,83.44,548
1786345200,2026-08-10T07:00:00.000Z,0,0,,83.42,84.2,83.37,83.56,971
1786347000,2026-08-10T07:30:00.000Z,0,0,,83.58,83.88,83.33,83.73,775
1786348800,2026-08-10T08:00:00.000Z,0,0,,83.72,84.08,83.65,83.95,1407
1786350600,2026-08-10T08:30:00.000Z,0,0,,83.98,84.8,83.82,84.61,1254
1786352400,2026-08-10T09:00:00.000Z,0,0,,84.6,84.61,84.16,84.26,706
1786354200,2026-08-10T09:30:00.000Z,0,0,,84.27,84.67,84.25,84.54,660
1786356000,2026-08-10T10:00:00.000Z,0,0,,84.55,84.55,83.95,84.3,677
1786357800,2026-08-10T10:30:00.000Z,0,0,,84.31,85.14,84.26,84.99,951
1786359600,2026-08-10T11:00:00.000Z,0,0,,84.98,85.1,84.38,84.47,563
1786361400,2026-08-10T11:30:00.000Z,0,0,,84.51,84.99,84.43,84.93,795
1786363200,2026-08-10T12:00:00.000Z,0,0,,84.96,85.09,84.68,84.71,860
1786365000,2026-08-10T12:30:00.000Z,0,0,,84.75,85.38,84.7,85.18,932
1786366800,2026-08-10T13:00:00.000Z,0,0,,85.19,85.3,84.73,85.27,1615
1786368600,2026-08-10T13:30:00.000Z,0,0,,85.28,86.38,85.2,86.25,2541
1786370400,2026-08-10T14:00:00.000Z,0,0,,86.28,86.3,85.72,85.75,1886
1786372200,2026-08-10T14:30:00.000Z,0,0,,85.76,86.26,85.68,86.16,1494
1786374000,2026-08-10T15:00:00.000Z,0,0,,86.15,86.83,86.04,86.73,3261
1786375800,2026-08-10T15:30:00.000Z,0,0,,86.75,86.96,86.58,86.59,1749
1786377600,2026-08-10T16:00:00.000Z,0,0,,86.6,86.76,86.37,86.68,1063
1786379400,2026-08-10T16:30:00.000Z,0,0,,86.69,87.16,86.57,87.06,1545
1786381200,2026-08-10T17:00:00.000Z,0,0,,87.07,87.27,86.99,87.15,880
1786383000,2026-08-10T17:30:00.000Z,0,0,,87.16,87.55,87.06,87.53,1155
1786384800,2026-08-10T18:00:00.000Z,0,0,,87.54,87.93,87.34,87.72,2212
1786386600,2026-08-10T18:30:00.000Z,0,0,,87.74,87.88,87.36,87.37,750
1786388400,2026-08-10T19:00:00.000Z,0,0,,87.4,87.52,87.15,87.51,676
1786390200,2026-08-10T19:30:00.000Z,0,0,,87.5,87.67,87.45,87.67,302
1786392000,2026-08-10T20:00:00.000Z,0,0,,87.65,87.9,87.6,87.85,328
1786393800,2026-08-10T20:30:00.000Z,0,0,,87.84,87.91,87.75,87.84,267
1786395600,2026-08-10T21:00:00.000Z,0,0,,87.86,87.89,87.75,87.83,31
1786397400,2026-08-10T21:30:00.000Z,0,0,,87.85,87.9,87.82,87.87,33
1786406400,2026-08-11T00:00:00.000Z,0,0,,87.74,87.93,87.58,87.81,361
1786408200,2026-08-11T00:30:00.000Z,0,0,,87.85,88,87.73,87.74,175
1786410000,2026-08-11T01:00:00.000Z,0,0,,87.76,87.99,87.56,87.79,416
1786411800,2026-08-11T01:30:00.000Z,0,0,,87.76,88.09,87.74,87.95,221
1786413600,2026-08-11T02:00:00.000Z,0,0,,87.96,88.05,87.78,87.88,211
1786415400,2026-08-11T02:30:00.000Z,0,0,,87.89,88.01,87.71,87.89,203
1786417200,2026-08-11T03:00:00.000Z,0,0,,87.94,87.97,87.79,87.81,140
1786419000,2026-08-11T03:30:00.000Z,0,0,,87.78,87.8,87.63,87.63,87
1786420800,2026-08-11T04:00:00.000Z,0,0,,87.65,87.66,87.41,87.52,182
1786422600,2026-08-11T04:30:00.000Z,0,0,,87.53,87.89,87.48,87.76,195
1786424400,2026-08-11T05:00:00.000Z,0,0,,87.79,88.1,87.77,87.92,281
1786426200,2026-08-11T05:30:00.000Z,0,0,,87.95,88.1,87.7,87.99,306
1786428000,2026-08-11T06:00:00.000Z,0,0,,87.98,88.32,87.82,88.32,658
1786429800,2026-08-11T06:30:00.000Z,0,0,,88.33,89.4,88.27,89.07,1882
1786431600,2026-08-11T07:00:00.000Z,0,0,,89.09,89.69,88.88,89.36,1704
1786433400,2026-08-11T07:30:00.000Z,0,0,,89.37,89.7,89.25,89.61,917
1786435200,2026-08-11T08:00:00.000Z,0,0,,89.63,90.02,89.33,89.91,2297
1786437000,2026-08-11T08:30:00.000Z,0,0,,89.93,90.03,89.59,89.96,1583
1786438800,2026-08-11T09:00:00.000Z,0,0,,89.95,90.03,89.64,89.64,1209
1786440600,2026-08-11T09:30:00.000Z,0,0,,89.66,90,89.38,89.76,997
1786442400,2026-08-11T10:00:00.000Z,0,0,,89.75,89.88,88.83,89.18,1456
1786444200,2026-08-11T10:30:00.000Z,0,0,,89.19,89.4,88.7,88.92,1267
1786446000,2026-08-11T11:00:00.000Z,0,0,,88.91,88.94,87.08,87.78,5058
1786447800,2026-08-11T11:30:00.000Z,0,0,,87.8,87.96,87.21,87.55,1764
1786449600,2026-08-11T12:00:00.000Z,0,0,,87.58,88.29,87.19,87.97,2172
1786451400,2026-08-11T12:30:00.000Z,0,0,,87.98,88.15,87.75,88.05,1082
1786453200,2026-08-11T13:00:00.000Z,0,0,,88.06,88.09,86.6,86.92,3080
1786455000,2026-08-11T13:30:00.000Z,0,0,,86.93,87.31,86.75,87.12,1735
1786456800,2026-08-11T14:00:00.000Z,0,0,,87.14,87.93,87,87.83,1778
1786458600,2026-08-11T14:30:00.000Z,0,0,,87.87,88.41,87.77,88.27,2061
1786460400,2026-08-11T15:00:00.000Z,0,0,,88.28,88.5,87.94,88.2,2584
1786462200,2026-08-11T15:30:00.000Z,0,0,,88.24,89,88.2,88.82,2356
1786464000,2026-08-11T16:00:00.000Z,0,0,,88.83,88.84,88.26,88.26,1099
1786465800,2026-08-11T16:30:00.000Z,0,0,,88.29,88.78,88.28,88.67,720
1786467600,2026-08-11T17:00:00.000Z,0,0,,88.64,88.83,88.49,88.76,676
1786469400,2026-08-11T17:30:00.000Z,0,0,,88.79,88.91,88.57,88.88,921
1786471200,2026-08-11T18:00:00.000Z,0,0,,88.9,88.99,88.57,88.85,1267
1786473000,2026-08-11T18:30:00.000Z,0,0,,88.86,88.97,88.64,88.83,551
1786474800,2026-08-11T19:00:00.000Z,0,0,,88.84,89.14,88.79,89.13,311
1786476600,2026-08-11T19:30:00.000Z,0,0,,89.14,89.33,89.01,89.11,307
1786478400,2026-08-11T20:00:00.000Z,0,0,,89.15,89.26,89.01,89.11,257
1786480200,2026-08-11T20:30:00.000Z,0,0,,89.15,89.24,88.89,88.98,248
1786482000,2026-08-11T21:00:00.000Z,0,0,,88.94,89.48,88.78,89.26,87
1786483800,2026-08-11T21:30:00.000Z,0,0,,89.41,89.76,89.26,89.29,119
1786492800,2026-08-12T00:00:00.000Z,0,0,,89.17,89.53,89.08,89.45,340
1786494600,2026-08-12T00:30:00.000Z,0,0,,89.45,89.64,89.35,89.49,229
1786496400,2026-08-12T01:00:00.000Z,0,0,,89.52,89.73,89.41,89.61,354
1786498200,2026-08-12T01:30:00.000Z,0,0,,89.58,89.63,89.32,89.4,180
1786500000,2026-08-12T02:00:00.000Z,0,0,,89.43,89.56,89.4,89.46,99
1786501800,2026-08-12T02:30:00.000Z,0,0,,89.45,89.76,89.39,89.68,138
1786503600,2026-08-12T03:00:00.000Z,0,0,,89.69,89.84,89.64,89.67,215
1786505400,2026-08-12T03:30:00.000Z,0,0,,89.71,90.06,89.62,90.04,230
1786507200,2026-08-12T04:00:00.000Z,0,0,,90.05,90.07,89.66,89.66,199
1786509000,2026-08-12T04:30:00.000Z,0,0,,89.67,89.73,89.38,89.42,134
1786510800,2026-08-12T05:00:00.000Z,0,0,,89.41,89.63,89.41,89.56,75