time,iso,plot_0,plot_1,rsi,open,high,low,close,volume
1784793000,2026-07-23T07:50:00.000Z,0,0,,98.02,98.23,97.62,97.71,481
1784793300,2026-07-23T07:55:00.000Z,0,0,,97.73,97.75,97.31,97.54,526
1784793600,2026-07-23T08:00:00.000Z,0,0,,97.58,97.91,97.55,97.76,498
1784793900,2026-07-23T08:05:00.000Z,0,0,,97.77,97.82,97.24,97.25,291
1784794200,2026-07-23T08:10:00.000Z,0,0,,97.24,97.69,97.18,97.62,302
1784794500,2026-07-23T08:15:00.000Z,0,0,,97.6,97.76,97.32,97.43,320
1784794800,2026-07-23T08:20:00.000Z,0,0,,97.46,97.9,97.33,97.84,419
1784795100,2026-07-23T08:25:00.000Z,0,0,,97.85,97.92,97.52,97.55,1823
1784795400,2026-07-23T08:30:00.000Z,0,0,,97.58,98.07,97.55,98.05,648
1784795700,2026-07-23T08:35:00.000Z,0,0,,98.04,98.12,97.92,97.94,302
1784796000,2026-07-23T08:40:00.000Z,0,0,,97.94,98.26,97.94,98.14,359
1784796300,2026-07-23T08:45:00.000Z,0,0,,98.18,98.23,97.51,97.51,368
1784796600,2026-07-23T08:50:00.000Z,0,0,,97.53,97.76,97.44,97.7,264
1784796900,2026-07-23T08:55:00.000Z,0,0,,97.72,97.89,97.57,97.81,276
1784797200,2026-07-23T09:00:00.000Z,0,0,,97.82,97.94,97.42,97.54,552
1784797500,2026-07-23T09:05:00.000Z,0,0,,97.57,98.06,97.55,97.99,386
1784797800,2026-07-23T09:10:00.000Z,0,0,,97.98,98.47,97.85,98.46,384
1784798100,2026-07-23T09:15:00.000Z,0,0,,98.47,98.53,98.3,98.42,318
1784798400,2026-07-23T09:20:00.000Z,0,0,,98.46,98.75,98.43,98.65,277
1784798700,2026-07-23T09:25:00.000Z,0,0,,98.62,98.68,98.54,98.54,228
1784799000,2026-07-23T09:30:00.000Z,0,0,,98.57,98.67,98.34,98.67,432
1784799300,2026-07-23T09:35:00.000Z,0,0,,98.66,98.8,98.44,98.44,314
1784799600,2026-07-23T09:40:00.000Z,0,0,,98.45,98.48,98.05,98.13,296
1784799900,2026-07-23T09:45:00.000Z,0,0,,98.13,98.36,98.08,98.18,226
1784800200,2026-07-23T09:50:00.000Z,0,0,,98.2,98.38,98.04,98.15,372
1784800500,2026-07-23T09:55:00.000Z,0,0,,98.16,98.47,98.09,98.3,354
1784800800,2026-07-23T10:00:00.000Z,0,0,,98.33,98.51,98.16,98.16,309
1784801100,2026-07-23T10:05:00.000Z,0,0,,98.19,98.2,97.98,98.01,199
1784801400,2026-07-23T10:10:00.000Z,0,0,,98,98.32,97.99,98.26,174
1784801700,2026-07-23T10:15:00.000Z,0,0,,98.27,98.63,98.19,98.62,209
1784802000,2026-07-23T10:20:00.000Z,0,0,,98.63,98.76,98.52,98.69,316
1784802300,2026-07-23T10:25:00.000Z,0,0,,98.7,98.79,98.53,98.74,182
1784802600,2026-07-23T10:30:00.000Z,0,0,,98.77,98.88,98.6,98.63,254
1784802900,2026-07-23T10:35:00.000Z,0,0,,98.66,98.87,98.63,98.78,184
1784803200,2026-07-23T10:40:00.000Z,0,0,,98.8,98.86,98.33,98.37,297
1784803500,2026-07-23T10:45:00.000Z,0,0,,98.4,98.57,98.32,98.45,151
1784803800,2026-07-23T10:50:00.000Z,0,0,,98.46,98.51,98.22,98.28,183
1784804100,2026-07-23T10:55:00.000Z,0,0,,98.3,98.38,98.19,98.22,136
1784804400,2026-07-23T11:00:00.000Z,0,0,,98.23,98.38,98.15,98.36,146
1784804700,2026-07-23T11:05:00.000Z,0,0,,98.39,98.69,98.37,98.53,169
1784805000,2026-07-23T11:10:00.000Z,0,0,,98.56,98.61,98.49,98.49,79
1784805300,2026-07-23T11:15:00.000Z,0,0,,98.51,98.91,98.44,98.87,181
1784805600,2026-07-23T11:20:00.000Z,0,0,,98.86,98.92,98.63,98.78,142
1784805900,2026-07-23T11:25:00.000Z,0,0,,98.79,98.79,98.58,98.72,90
1784806200,2026-07-23T11:30:00.000Z,0,0,,98.73,98.95,98.54,98.93,166
1784806500,2026-07-23T11:35:00.000Z,0,0,,98.9,99.06,98.9,99,203
1784806800,2026-07-23T11:40:00.000Z,0,0,,99.01,99.08,98.86,98.89,234
1784807100,2026-07-23T11:45:00.000Z,0,0,,98.91,98.91,98.47,98.5,211
1784807400,2026-07-23T11:50:00.000Z,0,0,,98.53,98.67,98.25,98.64,418
1784807700,2026-07-23T11:55:00.000Z,0,0,,98.65,98.75,98.56,98.67,122
1784808000,2026-07-23T12:00:00.000Z,0,0,,98.71,98.79,98.52,98.53,168
1784808300,2026-07-23T12:05:00.000Z,0,0,,98.56,98.79,98.5,98.78,195
1784808600,2026-07-23T12:10:00.000Z,0,0,,98.77,99.07,98.71,99.04,162
1784808900,2026-07-23T12:15:00.000Z,0,0,,99.05,99.44,98.85,98.99,802
1784809200,2026-07-23T12:20:00.000Z,0,0,,99,99.32,98.76,99.2,349
1784809500,2026-07-23T12:25:00.000Z,0,0,,99.21,99.3,99.09,99.21,246
1784809800,2026-07-23T12:30:00.000Z,0,0,,99.23,99.51,99.21,99.21,367
1784810100,2026-07-23T12:35:00.000Z,0,0,,99.2,99.3,99.06,99.26,266
1784810400,2026-07-23T12:40:00.000Z,0,0,,99.27,99.57,99.21,99.55,288
1784810700,2026-07-23T12:45:00.000Z,0,0,,99.57,99.68,99.31,99.64,498
1784811000,2026-07-23T12:50:00.000Z,0,0,,99.67,99.97,99.63,99.82,454
1784811300,2026-07-23T12:55:00.000Z,0,0,,99.86,99.86,99.51,99.61,407
1784811600,2026-07-23T13:00:00.000Z,0,0,,99.63,100,99.54,99.76,662
1784811900,2026-07-23T13:05:00.000Z,0,0,,99.77,99.94,99.7,99.86,262
1784812200,2026-07-23T13:10:00.000Z,0,0,,99.88,100.08,99.79,99.9,618
1784812500,2026-07-23T13:15:00.000Z,0,0,,99.93,100.28,99.3,99.4,606
1784812800,2026-07-23T13:20:00.000Z,0,0,,99.44,99.82,99.28,99.82,325
1784813100,2026-07-23T13:25:00.000Z,0,0,,99.8,99.83,99.63,99.74,242
1784813400,2026-07-23T13:30:00.000Z,0,0,,99.77,99.82,99.45,99.53,349
1784813700,2026-07-23T13:35:00.000Z,0,0,,99.55,99.89,99.37,99.85,404
1784814000,2026-07-23T13:40:00.000Z,0,0,,99.86,100.1,99.86,100.07,468
1784814300,2026-07-23T13:45:00.000Z,0,0,,100.09,100.36,99.99,100.25,481
1784814600,2026-07-23T13:50:00.000Z,0,0,,100.28,100.87,100.24,100.77,527
1784814900,2026-07-23T13:55:00.000Z,0,0,,100.78,100.78,100.5,100.59,380
1784815200,2026-07-23T14:00:00.000Z,0,0,,100.61,100.68,100.29,100.65,456
1784815500,2026-07-23T14:05:00.000Z,0,0,,100.67,101.01,100.49,100.77,631
1784815800,2026-07-23T14:10:00.000Z,0,0,,100.76,100.78,100.33,100.42,632
1784816100,2026-07-23T14:15:00.000Z,0,0,,100.43,100.44,99.86,100.09,535
1784816400,2026-07-23T14:20:00.000Z,0,0,,100.1,100.34,100.05,100.29,234
1784816700,2026-07-23T14:25:00.000Z,0,0,,100.28,100.6,100.22,100.49,278
1784817000,2026-07-23T14:30:00.000Z,0,0,,100.5,100.61,100.4,100.54,256
1784817300,2026-07-23T14:35:00.000Z,0,0,,100.53,100.73,100.15,100.24,453
1784817600,2026-07-23T14:40:00.000Z,0,0,,100.22,100.48,100.12,100.45,267
1784817900,2026-07-23T14:45:00.000Z,0,0,,100.46,100.98,100.4,100.91,342
1784818200,2026-07-23T14:50:00.000Z,0,0,,100.88,100.98,100.63,100.81,247
1784818500,2026-07-23T14:55:00.000Z,0,0,,100.83,100.84,100.47,100.5,341
1784818800,2026-07-23T15:00:00.000Z,0,1,,100.49,100.66,100.31,100.52,368
1784819100,2026-07-23T15:05:00.000Z,0,0,,100.56,100.89,100.49,100.83,353
1784819400,2026-07-23T15:10:00.000Z,0,0,,100.84,101.07,100.57,100.65,547
1784819700,2026-07-23T15:15:00.000Z,0,0,,100.68,100.87,100.5,100.83,305
1784820000,2026-07-23T15:20:00.000Z,0,0,,100.82,101.2,100.78,100.97,1045
1784820300,2026-07-23T15:25:00.000Z,0,0,,100.99,101.19,100.92,100.95,798
1784820600,2026-07-23T15:30:00.000Z,0,0,,100.97,101.13,100.71,100.84,761
1784820900,2026-07-23T15:35:00.000Z,0,0,,100.84,100.96,100.66,100.78,473
1784821200,2026-07-23T15:40:00.000Z,0,0,,100.77,100.79,100.27,100.5,543
1784821500,2026-07-23T15:45:00.000Z,0,0,,100.49,100.53,100.22,100.32,288
1784821800,2026-07-23T15:50:00.000Z,0,0,,100.33,100.48,100.24,100.34,349
1784822100,2026-07-23T15:55:00.000Z,0,0,,100.35,100.5,100.06,100.12,424
1784822400,2026-07-23T16:00:00.000Z,0,0,,100.15,100.38,99.83,100.33,527
1784822700,2026-07-23T16:05:00.000Z,0,0,,100.36,100.67,100.26,100.36,377
1784823000,2026-07-23T16:10:00.000Z,0,0,,100.34,100.4,99.95,99.95,256
1784823300,2026-07-23T16:15:00.000Z,0,0,,99.98,100.27,99.98,100.22,196
1784823600,2026-07-23T16:20:00.000Z,0,0,,100.23,100.32,100.12,100.24,197
1784823900,2026-07-23T16:25:00.000Z,0,0,,100.25,100.32,100.18,100.25,226
1784824200,2026-07-23T16:30:00.000Z,0,0,,100.24,100.63,100.23,100.61,203
1784824500,2026-07-23T16:35:00.000Z,0,0,,100.6,100.85,100.6,100.75,323
1784824800,2026-07-23T16:40:00.000Z,0,0,,100.76,100.76,100.52,100.61,228
1784825100,2026-07-23T16:45:00.000Z,0,0,,100.62,100.77,100.54,100.73,110
1784825400,2026-07-23T16:50:00.000Z,0,0,,100.71,100.85,100.6,100.73,148
1784825700,2026-07-23T16:55:00.000Z,0,0,,100.74,100.77,100.6,100.67,109
1784826000,2026-07-23T17:00:00.000Z,0,0,,100.71,100.93,100.71,100.78,175
1784826300,2026-07-23T17:05:00.000Z,0,0,,100.82,101.22,100.74,100.94,356
1784826600,2026-07-23T17:10:00.000Z,0,0,,100.96,101.01,100.74,100.94,208
1784826900,2026-07-23T17:15:00.000Z,0,0,,100.97,101.1,100.88,101.05,212
1784827200,2026-07-23T17:20:00.000Z,0,0,,101.05,101.05,100.92,100.94,152
1784827500,2026-07-23T17:25:00.000Z,0,0,,100.96,101.01,100.88,100.93,132
1784827800,2026-07-23T17:30:00.000Z,0,0,,100.94,101.18,100.92,101.07,170
1784828100,2026-07-23T17:35:00.000Z,0,0,,101.08,101.23,101.04,101.15,137
1784828400,2026-07-23T17:40:00.000Z,0,0,,101.14,101.6,101.14,101.57,281
1784828700,2026-07-23T17:45:00.000Z,0,0,,101.6,101.74,101.48,101.55,364
1784829000,2026-07-23T17:50:00.000Z,0,0,,101.58,101.86,101.5,101.81,233
1784829300,2026-07-23T17:55:00.000Z,0,0,,101.81,101.87,101.71,101.82,243
1784829600,2026-07-23T18:00:00.000Z,0,0,,101.85,101.92,101.68,101.76,244
1784829900,2026-07-23T18:05:00.000Z,0,0,,101.79,102,101.61,101.94,179
1784830200,2026-07-23T18:10:00.000Z,0,0,,101.96,101.98,101.61,101.64,231
1784830500,2026-07-23T18:15:00.000Z,0,1,,101.65,101.71,101.05,101.07,483
1784830800,2026-07-23T18:20:00.000Z,0,0,,101.09,101.26,101.01,101.06,416
1784831100,2026-07-23T18:25:00.000Z,0,0,,101.09,101.09,100.53,100.67,998
1784831400,2026-07-23T18:30:00.000Z,0,0,,100.7,100.84,100.53,100.64,358
1784831700,2026-07-23T18:35:00.000Z,0,0,,100.63,100.67,100.43,100.62,189
1784832000,2026-07-23T18:40:00.000Z,0,0,,100.61,100.66,100.53,100.53,84
1784832300,2026-07-23T18:45:00.000Z,0,0,,100.51,100.77,100.51,100.75,116
1784832600,2026-07-23T18:50:00.000Z,0,0,,100.71,100.88,100.69,100.76,110
1784832900,2026-07-23T18:55:00.000Z,0,0,,100.78,100.8,100.55,100.57,104
1784833200,2026-07-23T19:00:00.000Z,0,0,,100.54,100.54,100.3,100.37,185
1784833500,2026-07-23T19:05:00.000Z,0,0,,100.36,100.38,100.04,100.22,206
1784833800,2026-07-23T19:10:00.000Z,0,0,,100.24,100.27,100.16,100.19,88
1784834100,2026-07-23T19:15:00.000Z,0,0,,100.17,100.22,100.06,100.18,73
1784834400,2026-07-23T19:20:00.000Z,0,0,,100.2,100.27,100.18,100.18,82
1784834700,2026-07-23T19:25:00.000Z,0,0,,100.19,100.21,99.85,99.93,128
1784835000,2026-07-23T19:30:00.000Z,0,0,,99.95,99.96,99.45,99.82,259
1784835300,2026-07-23T19:35:00.000Z,0,0,,99.81,100.07,99.76,100.07,127
1784835600,2026-07-23T19:40:00.000Z,0,0,,100.02,100.13,99.98,100.1,102
1784835900,2026-07-23T19:45:00.000Z,0,0,,100.11,100.27,100.06,100.21,85
1784836200,2026-07-23T19:50:00.000Z,0,0,,100.23,100.24,99.82,99.86,137
1784836500,2026-07-23T19:55:00.000Z,0,0,,99.88,99.95,99.77,99.92,144
1784836800,2026-07-23T20:00:00.000Z,0,0,,99.91,99.93,99.68,99.85,92
1784837100,2026-07-23T20:05:00.000Z,0,0,,99.86,99.9,99.78,99.8,40
1784837400,2026-07-23T20:10:00.000Z,0,0,,99.76,99.97,99.71,99.92,54
1784837700,2026-07-23T20:15:00.000Z,0,0,,99.98,100.19,99.89,100.17,90
1784838000,2026-07-23T20:20:00.000Z,0,0,,100.14,100.34,100.13,100.33,53
1784838300,2026-07-23T20:25:00.000Z,0,0,,100.28,100.41,100.24,100.24,56
1784838600,2026-07-23T20:30:00.000Z,0,0,,100.23,100.28,100.13,100.22,35
1784838900,2026-07-23T20:35:00.000Z,0,0,,100.19,100.26,100.11,100.23,57
1784839200,2026-07-23T20:40:00.000Z,0,0,,100.26,100.66,100.26,100.47,59
1784839500,2026-07-23T20:45:00.000Z,0,0,,100.48,100.59,100.45,100.46,56
1784839800,2026-07-23T20:50:00.000Z,0,0,,100.49,100.63,100.47,100.59,29
1784840100,2026-07-23T20:55:00.000Z,0,0,,100.62,100.69,100.49,100.52,54
1784840400,2026-07-23T21:00:00.000Z,0,0,,100.53,100.57,100.5,100.55,8
1784840700,2026-07-23T21:05:00.000Z,0,0,,100.68,100.68,100.68,100.68,1
1784841000,2026-07-23T21:10:00.000Z,0,0,,100.71,100.71,100.69,100.69,2
1784841900,2026-07-23T21:25:00.000Z,0,0,,100.64,100.64,100.63,100.63,2
1784842500,2026-07-23T21:35:00.000Z,0,0,,100.63,100.64,100.63,100.64,2
1784842800,2026-07-23T21:40:00.000Z,0,0,,100.75,100.78,100.74,100.77,4
1784843100,2026-07-23T21:45:00.000Z,0,0,,100.66,100.66,100.6,100.61,4
1784843400,2026-07-23T21:50:00.000Z,0,0,,100.6,100.64,100.59,100.64,3
1784843700,2026-07-23T21:55:00.000Z,0,0,,100.67,101.14,100.63,101.03,49
1784851200,2026-07-24T00:00:00.000Z,0,0,,100.67,100.85,100.44,100.72,56
1784851500,2026-07-24T00:05:00.000Z,0,0,,100.73,100.87,100.7,100.82,18
1784851800,2026-07-24T00:10:00.000Z,0,0,,100.85,101.08,100.72,100.97,74
1784852100,2026-07-24T00:15:00.000Z,0,0,,101.03,101.13,100.97,101.08,44
1784852400,2026-07-24T00:20:00.000Z,0,0,,101,101.07,100.66,100.76,77
1784852700,2026-07-24T00:25:00.000Z,0,0,,100.77,100.84,100.75,100.75,21
1784853000,2026-07-24T00:30:00.000Z,0,0,,100.7,100.78,100.69,100.73,10
1784853300,2026-07-24T00:35:00.000Z,0,0,,100.65,100.65,100.59,100.65,17
1784853600,2026-07-24T00:40:00.000Z,0,0,,100.67,100.67,100.66,100.66,3
1784853900,2026-07-24T00:45:00.000Z,0,0,,100.61,100.61,100.38,100.53,39
1784854200,2026-07-24T00:50:00.000Z,0,0,,100.54,100.61,100.51,100.57,38
1784854500,2026-07-24T00:55:00.000Z,0,0,,100.61,100.61,100.33,100.33,12
1784854800,2026-07-24T01:00:00.000Z,0,0,,100.25,100.25,99.82,99.99,263
1784855100,2026-07-24T01:05:00.000Z,0,0,,100.04,100.14,99.92,100.14,61
1784855400,2026-07-24T01:10:00.000Z,0,0,,100.15,100.15,100,100.1,34
1784855700,2026-07-24T01:15:00.000Z,0,0,,100.04,100.14,99.9,99.99,41
1784856000,2026-07-24T01:20:00.000Z,0,0,,100.01,100.08,99.91,99.96,49
1784856300,2026-07-24T01:25:00.000Z,0,0,,99.96,100.07,99.94,100,18
1784856600,2026-07-24T01:30:00.000Z,0,0,,100.03,100.16,99.95,99.98,47
1784856900,2026-07-24T01:35:00.000Z,0,0,,99.99,99.99,99.81,99.83,58
1784857200,2026-07-24T01:40:00.000Z,0,0,,99.82,99.83,99.6,99.72,116
1784857500,2026-07-24T01:45:00.000Z,0,0,,99.75,99.95,99.68,99.92,20
1784857800,2026-07-24T01:50:00.000Z,0,0,,100.01,100.1,100.01,100.01,11
1784858100,2026-07-24T01:55:00.000Z,0,0,,100,100.15,100,100.14,9
1784858400,2026-07-24T02:00:00.000Z,1,0,,100.17,100.23,100.17,100.21,8
1784858700,2026-07-24T02:05:00.000Z,0,0,,100.24,100.38,100.22,100.27,14
1784859000,2026-07-24T02:10:00.000Z,0,0,,100.19,100.28,100.14,100.21,13
1784859300,2026-07-24T02:15:00.000Z,0,0,,100.21,100.22,100.11,100.22,13
1784859600,2026-07-24T02:20:00.000Z,0,0,,100.27,100.51,100.24,100.47,61
1784859900,2026-07-24T02:25:00.000Z,0,0,,100.48,100.49,100.39,100.49,26
1784860200,2026-07-24T02:30:00.000Z,0,0,,100.48,100.51,100.35,100.45,18
1784860500,2026-07-24T02:35:00.000Z,0,0,,100.4,100.45,100.31,100.31,17
1784860800,2026-07-24T02:40:00.000Z,0,0,,100.35,100.51,100.34,100.51,15
1784861100,2026-07-24T02:45:00.000Z,0,0,,100.48,100.75,100.48,100.67,35
1784861400,2026-07-24T02:50:00.000Z,0,0,,100.57,100.57,100.49,100.55,8
1784861700,2026-07-24T02:55:00.000Z,0,0,,100.57,100.64,100.4,100.58,31
1784862000,2026-07-24T03:00:00.000Z,0,0,,100.61,100.81,100.56,100.74,31
1784862300,2026-07-24T03:05:00.000Z,0,0,,100.76,100.99,100.75,100.93,72
1784862600,2026-07-24T03:10:00.000Z,0,0,,100.92,101.04,100.92,100.99,74
1784862900,2026-07-24T03:15:00.000Z,0,0,,101,101.02,100.83,100.88,24
1784863200,2026-07-24T03:20:00.000Z,0,0,,100.91,100.91,100.77,100.86,23
1784863500,2026-07-24T03:25:00.000Z,0,0,,100.85,101.19,100.82,101.07,220
1784863800,2026-07-24T03:30:00.000Z,0,0,,100.99,101.09,100.89,100.94,23
1784864100,2026-07-24T03:35:00.000Z,0,0,,100.98,100.98,100.8,100.84,13
1784864400,2026-07-24T03:40:00.000Z,0,0,,100.76,100.76,100.69,100.71,6
1784864700,2026-07-24T03:45:00.000Z,0,0,,100.7,100.7,100.67,100.67,11
1784865000,2026-07-24T03:50:00.000Z,0,0,,100.63,100.71,100.63,100.67,7
1784865300,2026-07-24T03:55:00.000Z,0,0,,100.64,100.64,100.62,100.62,4
1784865600,2026-07-24T04:00:00.000Z,0,0,,100.59,100.71,100.58,100.67,18
1784865900,2026-07-24T04:05:00.000Z,0,0,,100.64,100.64,100.41,100.47,19
1784866200,2026-07-24T04:10:00.000Z,0,0,,100.5,100.54,100.45,100.48,9
1784866500,2026-07-24T04:15:00.000Z,0,0,,100.49,100.52,100.46,100.49,10
1784866800,2026-07-24T04:20:00.000Z,0,0,,100.47,100.51,100.39,100.4,13
1784867100,2026-07-24T04:25:00.000Z,0,0,,100.42,100.43,100.34,100.36,19
1784867400,2026-07-24T04:30:00.000Z,0,0,,100.31,100.36,100.27,100.36,11
1784867700,2026-07-24T04:35:00.000Z,0,0,,100.34,100.41,100.34,100.41,8
1784868000,2026-07-24T04:40:00.000Z,0,0,,100.36,100.39,100.3,100.31,12
1784868300,2026-07-24T04:45:00.000Z,0,0,,100.3,100.37,100.28,100.37,16
1784868600,2026-07-24T04:50:00.000Z,0,0,,100.39,100.39,100.23,100.26,18
1784868900,2026-07-24T04:55:00.000Z,0,0,,100.25,100.34,100.24,100.28,12
1784869200,2026-07-24T05:00:00.000Z,0,0,,100.26,100.32,100.23,100.25,8
1784869500,2026-07-24T05:05:00.000Z,0,0,,100.21,100.29,100.2,100.29,9
1784869800,2026-07-24T05:10:00.000Z,0,0,,100.33,100.38,100.31,100.38,7
1784870100,2026-07-24T05:15:00.000Z,0,0,,100.43,100.45,100.4,100.44,6
1784870400,2026-07-24T05:20:00.000Z,0,0,,100.43,100.46,100.37,100.39,14
1784870700,2026-07-24T05:25:00.000Z,0,0,,100.4,100.41,100.32,100.35,16
1784871000,2026-07-24T05:30:00.000Z,0,0,,100.37,100.45,100.25,100.45,60
1784871300,2026-07-24T05:35:00.000Z,0,0,,100.42,100.47,100.24,100.26,39
1784871600,2026-07-24T05:40:00.000Z,0,0,,100.29,100.33,100.1,100.21,40
1784871900,2026-07-24T05:45:00.000Z,0,0,,100.21,100.26,99.86,99.95,90
1784872200,2026-07-24T05:50:00.000Z,0,0,,99.97,100.33,99.92,100.31,62
1784872500,2026-07-24T05:55:00.000Z,0,0,,100.3,100.32,100.17,100.29,42
1784872800,2026-07-24T06:00:00.000Z,0,0,,100.3,100.39,100.17,100.17,52
1784873100,2026-07-24T06:05:00.000Z,0,0,,100.19,100.21,100.02,100.05,86
1784873400,2026-07-24T06:10:00.000Z,0,0,,100.05,100.15,99.91,99.91,181
1784873700,2026-07-24T06:15:00.000Z,0,0,,99.93,100.24,99.91,99.92,130
1784874000,2026-07-24T06:20:00.000Z,0,0,,99.94,99.97,99.83,99.85,89
1784874300,2026-07-24T06:25:00.000Z,0,0,,99.89,99.98,99.75,99.88,80
1784874600,2026-07-24T06:30:00.000Z,0,0,,99.94,99.98,99.43,99.43,128
1784874900,2026-07-24T06:35:00.000Z,0,0,,99.45,99.73,99.43,99.69,122
1784875200,2026-07-24T06:40:00.000Z,0,0,,99.64,99.76,99.6,99.63,66
1784875500,2026-07-24T06:45:00.000Z,0,0,,99.64,99.68,99.33,99.39,196
1784875800,2026-07-24T06:50:00.000Z,0,0,,99.41,99.45,99.23,99.28,137
1784876100,2026-07-24T06:55:00.000Z,0,0,,99.32,99.36,98.9,98.99,333
1784876400,2026-07-24T07:00:00.000Z,0,0,,99.01,99.13,98.64,98.96,348
1784876700,2026-07-24T07:05:00.000Z,0,0,,98.98,99.16,98.94,99.14,184
1784877000,2026-07-24T07:10:00.000Z,0,0,,99.13,99.13,98.8,98.94,215
1784877300,2026-07-24T07:15:00.000Z,0,0,,98.93,99.04,98.67,98.67,256
1784877600,2026-07-24T07:20:00.000Z,0,0,,98.66,98.93,98.64,98.77,175
1784877900,2026-07-24T07:25:00.000Z,0,0,,98.81,98.81,98.56,98.62,171
1784878200,2026-07-24T07:30:00.000Z,0,0,,98.6,98.77,98.43,98.68,306
1784878500,2026-07-24T07:35:00.000Z,0,0,,98.69,98.97,98.61,98.89,227
1784878800,2026-07-24T07:40:00.000Z,0,0,,98.91,99,98.79,98.79,151
1784879100,2026-07-24T07:45:00.000Z,0,0,,98.78,98.92,98.61,98.61,121
1784879400,2026-07-24T07:50:00.000Z,0,0,,98.63,98.64,98.36,98.49,220
1784879700,2026-07-24T07:55:00.000Z,0,0,,98.47,98.62,98.27,98.57,180
1784880000,2026-07-24T08:00:00.000Z,0,0,,98.58,98.72,98.49,98.58,152
1784880300,2026-07-24T08:05:00.000Z,0,0,,98.62,98.87,98.51,98.6,301
1784880600,2026-07-24T08:10:00.000Z,0,0,,98.63,98.79,98.52,98.58,261
1784880900,2026-07-24T08:15:00.000Z,0,0,,98.59,98.82,98.53,98.62,224
1784881200,2026-07-24T08:20:00.000Z,0,0,,98.66,98.74,98.59,98.64,248
1784881500,2026-07-24T08:25:00.000Z,0,0,,98.66,98.7,98,98.01,1913
1784881800,2026-07-24T08:30:00.000Z,0,0,,98.03,98.27,98.02,98.21,632
1784882100,2026-07-24T08:35:00.000Z,0,0,,98.18,98.31,97.81,97.92,399
1784882400,2026-07-24T08:40:00.000Z,0,0,,97.93,97.94,97.53,97.57,295
1784882700,2026-07-24T08:45:00.000Z,0,0,,97.56,97.93,97.51,97.59,238
1784883000,2026-07-24T08:50:00.000Z,0,0,,97.61,97.81,97.51,97.63,254
1784883300,2026-07-24T08:55:00.000Z,0,0,,97.66,97.88,97.41,97.7,420
1784883600,2026-07-24T09:00:00.000Z,0,0,,97.71,97.75,97.15,97.28,373
1784883900,2026-07-24T09:05:00.000Z,0,0,,97.31,97.34,96.61,96.65,502
1784884200,2026-07-24T09:10:00.000Z,0,0,,96.69,97.24,96.61,97.09,510
1784884500,2026-07-24T09:15:00.000Z,0,0,,97.09,97.15,96.72,96.85,310
1784884800,2026-07-24T09:20:00.000Z,0,0,,96.87,97,96.6,96.72,286
1784885100,2026-07-24T09:25:00.000Z,0,0,,96.76,96.84,96.64,96.81,278
1784885400,2026-07-24T09:30:00.000Z,0,0,,96.84,97.18,96.51,96.62,421
1784885700,2026-07-24T09:35:00.000Z,0,0,,96.62,96.77,96.53,96.58,192
1784886000,2026-07-24T09:40:00.000Z,0,0,,96.6,96.73,96.4,96.71,267
1784886300,2026-07-24T09:45:00.000Z,0,0,,96.69,96.82,96.57,96.74,179
1784886600,2026-07-24T09:50:00.000Z,0,0,,96.73,97.04,96.63,97.03,318
1784886900,2026-07-24T09:55:00.000Z,0,0,,97.02,97.02,96.83,96.97,252
1784887200,2026-07-24T10:00:00.000Z,0,0,,96.99,97.31,96.83,97.24,329
1784887500,2026-07-24T10:05:00.000Z,0,0,,97.26,97.52,97.2,97.37,246
1784887800,2026-07-24T10:10:00.000Z,0,0,,97.38,97.72,97.37,97.65,237
1784888100,2026-07-24T10:15:00.000Z,0,0,,97.67,97.86,97.63,97.71,264
1784888400,2026-07-24T10:20:00.000Z,0,0,,97.73,97.77,97.53,97.65,184
1784888700,2026-07-24T10:25:00.000Z,0,0,,97.63,97.78,97.6,97.71,123
1784889000,2026-07-24T10:30:00.000Z,0,0,,97.75,98.15,97.72,98.12,282
1784889300,2026-07-24T10:35:00.000Z,0,0,,98.1,98.29,98.02,98.21,280
1784889600,2026-07-24T10:40:00.000Z,0,0,,98.22,98.27,98.1,98.14,125
1784889900,2026-07-24T10:45:00.000Z,0,0,,98.16,98.17,97.88,97.95,237
1784890200,2026-07-24T10:50:00.000Z,0,0,,97.96,98.23,97.88,98.22,160
1784890500,2026-07-24T10:55:00.000Z,0,0,,98.21,98.22,97.92,97.94,97
1784890800,2026-07-24T11:00:00.000Z,0,0,,97.95,97.96,97.61,97.69,237
1784891100,2026-07-24T11:05:00.000Z,0,0,,97.73,97.92,97.63,97.89,115
1784891400,2026-07-24T11:10:00.000Z,0,0,,97.9,97.95,97.77,97.81,84
1784891700,2026-07-24T11:15:00.000Z,0,0,,97.79,97.84,97.67,97.73,68
1784892000,2026-07-24T11:20:00.000Z,0,0,,97.76,97.76,97.61,97.7,71
1784892300,2026-07-24T11:25:00.000Z,0,0,,97.68,97.8,97.59,97.76,85
1784892600,2026-07-24T11:30:00.000Z,0,0,,97.77,97.84,97.65,97.81,71
1784892900,2026-07-24T11:35:00.000Z,0,0,,97.83,97.88,97.25,97.49,294
1784893200,2026-07-24T11:40:00.000Z,0,0,,97.51,97.74,97.45,97.72,158
1784893500,2026-07-24T11:45:00.000Z,0,0,,97.7,97.88,97.65,97.68,134
1784893800,2026-07-24T11:50:00.000Z,0,0,,97.64,97.87,97.63,97.84,92
1784894100,2026-07-24T11:55:00.000Z,0,0,,97.87,97.96,96.81,97.39,659
1784894400,2026-07-24T12:00:00.000Z,0,0,,97.37,97.81,97.21,97.69,331
1784894700,2026-07-24T12:05:00.000Z,0,0,,97.67,97.92,97.67,97.83,136
1784895000,2026-07-24T12:10:00.000Z,0,0,,97.86,97.93,97.69,97.71,123
1784895300,2026-07-24T12:15:00.000Z,0,0,,97.72,97.73,97.44,97.56,152
1784895600,2026-07-24T12:20:00.000Z,0,0,,97.58,97.63,97.53,97.6,156
1784895900,2026-07-24T12:25:00.000Z,0,0,,97.59,97.93,97.5,97.55,439
1784896200,2026-07-24T12:30:00.000Z,0,0,,97.54,97.63,97.44,97.47,158
1784896500,2026-07-24T12:35:00.000Z,0,0,,97.46,97.48,97.11,97.13,210
1784896800,2026-07-24T12:40:00.000Z,0,0,,97.16,97.23,97.01,97.2,147
1784897100,2026-07-24T12:45:00.000Z,0,0,,97.19,97.31,97.1,97.31,204
1784897400,2026-07-24T12:50:00.000Z,0,0,,97.28,97.49,97.24,97.36,180
1784897700,2026-07-24T12:55:00.000Z,0,0,,97.38,97.51,97.26,97.29,191
1784898000,2026-07-24T13:00:00.000Z,0,0,,97.33,97.64,97.13,97.56,352
1784898300,2026-07-24T13:05:00.000Z,0,0,,97.59,97.88,97.53,97.81,302
1784898600,2026-07-24T13:10:00.000Z,0,0,,97.82,97.86,97.69,97.79,166
1784898900,2026-07-24T13:15:00.000Z,0,0,,97.82,97.96,97.76,97.91,222
1784899200,2026-07-24T13:20:00.000Z,0,0,,97.92,98.18,97.87,98.09,282
1784899500,2026-07-24T13:25:00.000Z,0,0,,98.08,98.13,97.82,97.97,212
1784899800,2026-07-24T13:30:00.000Z,0,0,,97.99,98.01,97.7,97.74,225
1784900100,2026-07-24T13:35:00.000Z,0,0,,97.77,97.88,97.59,97.71,245
1784900400,2026-07-24T13:40:00.000Z,0,0,,97.71,97.94,97.66,97.93,154
1784900700,2026-07-24T13:45:00.000Z,0,0,,97.94,97.95,97.26,97.46,326
1784901000,2026-07-24T13:50:00.000Z,0,0,,97.48,97.83,97.48,97.74,238
1784901300,2026-07-24T13:55:00.000Z,0,0,,97.73,97.78,97.42,97.51,196
1784901600,2026-07-24T14:00:00.000Z,0,0,,97.55,97.63,97.28,97.49,212
1784901900,2026-07-24T14:05:00.000Z,0,0,,97.53,97.53,97.24,97.25,184
1784902200,2026-07-24T14:10:00.000Z,0,0,,97.28,97.38,97.16,97.32,199
1784902500,2026-07-24T14:15:00.000Z,0,0,,97.3,97.43,97.09,97.14,261
1784902800,2026-07-24T14:20:00.000Z,0,0,,97.15,97.32,97.02,97.21,273
1784903100,2026-07-24T14:25:00.000Z,0,0,,97.2,97.26,96.73,96.93,520
1784903400,2026-07-24T14:30:00.000Z,0,0,,96.97,97.01,96.73,96.89,272
1784903700,2026-07-24T14:35:00.000Z,0,0,,96.9,97.37,96.72,97.33,234
1784904000,2026-07-24T14:40:00.000Z,0,0,,97.32,97.43,97.08,97.19,430
1784904300,2026-07-24T14:45:00.000Z,0,0,,97.21,97.33,96.93,97.12,598
1784904600,2026-07-24T14:50:00.000Z,0,0,,97.09,97.18,97.02,97.09,167
1784904900,2026-07-24T14:55:00.000Z,0,0,,97.1,97.24,97.03,97.19,187
1784905200,2026-07-24T15:00:00.000Z,0,0,,97.2,97.35,97.12,97.29,176
1784905500,2026-07-24T15:05:00.000Z,0,0,,97.28,97.48,97.21,97.39,161
1784905800,2026-07-24T15:10:00.000Z,0,0,,97.41,97.46,96.26,96.48,1486
1784906100,2026-07-24T15:15:00.000Z,0,0,,96.51,96.6,95.61,95.97,1486
1784906400,2026-07-24T15:20:00.000Z,0,0,,96,96.08,95.61,96.04,904
1784906700,2026-07-24T15:25:00.000Z,0,0,,96.07,96.19,95.39,95.58,1470
1784907000,2026-07-24T15:30:00.000Z,0,0,,95.59,95.81,95.38,95.81,791
1784907300,2026-07-24T15:35:00.000Z,0,0,,95.83,95.93,95.13,95.39,630
1784907600,2026-07-24T15:40:00.000Z,0,0,,95.43,96,95.27,95.85,665
1784907900,2026-07-24T15:45:00.000Z,0,0,,95.86,96.32,95.84,96.26,484
1784908200,2026-07-24T15:50:00.000Z,0,0,,96.27,96.37,95.99,96.08,336
1784908500,2026-07-24T15:55:00.000Z,0,0,,96.11,96.15,95.99,96.07,277
1784908800,2026-07-24T16:00:00.000Z,0,0,,96.09,96.32,95.99,96.05,309
1784909100,2026-07-24T16:05:00.000Z,0,0,,96.07,96.18,95.99,96.17,287
1784909400,2026-07-24T16:10:00.000Z,1,0,,96.16,96.42,96.06,96.27,253
1784909700,2026-07-24T16:15:00.000Z,0,0,,96.24,96.31,96.06,96.1,163
1784910000,2026-07-24T16:20:00.000Z,0,0,,96.09,96.22,96.01,96.12,209
1784910300,2026-07-24T16:25:00.000Z,0,0,,96.13,96.19,95.8,95.97,248
1784910600,2026-07-24T16:30:00.000Z,0,0,,95.98,96.23,95.9,95.97,436
1784910900,2026-07-24T16:35:00.000Z,0,0,,96.01,96.03,95.69,95.94,163
1784911200,2026-07-24T16:40:00.000Z,0,0,,95.96,96.01,95.62,95.65,231
1784911500,2026-07-24T16:45:00.000Z,0,0,,95.68,95.83,95.53,95.68,165
1784911800,2026-07-24T16:50:00.000Z,0,0,,95.71,96.06,95.71,95.98,159
1784912100,2026-07-24T16:55:00.000Z,0,0,,95.97,96.1,95.89,95.92,93
1784912400,2026-07-24T17:00:00.000Z,0,0,,95.96,95.96,95.76,95.79,134
1784912700,2026-07-24T17:05:00.000Z,0,0,,95.82,96,95.74,95.96,174
1784913000,2026-07-24T17:10:00.000Z,0,0,,95.98,96.07,95.92,96.01,147
1784913300,2026-07-24T17:15:00.000Z,0,0,,96.03,96.28,96.01,96.15,149
1784913600,2026-07-24T17:20:00.000Z,0,0,,96.18,96.37,96.09,96.35,119
1784913900,2026-07-24T17:25:00.000Z,0,0,,96.34,96.37,96.11,96.29,117
1784914200,2026-07-24T17:30:00.000Z,0,0,,96.31,96.36,96.23,96.34,99
1784914500,2026-07-24T17:35:00.000Z,0,0,,96.31,96.51,96.31,96.46,134
1784914800,2026-07-24T17:40:00.000Z,0,0,,96.46,96.48,96.29,96.37,123
1784915100,2026-07-24T17:45:00.000Z,0,0,,96.39,96.42,96.23,96.41,120
1784915400,2026-07-24T17:50:00.000Z,0,0,,96.41,96.47,96.3,96.43,124
1784915700,2026-07-24T17:55:00.000Z,0,0,,96.45,96.45,96.19,96.3,109
1784916000,2026-07-24T18:00:00.000Z,0,0,,96.32,96.4,96.21,96.27,120
1784916300,2026-07-24T18:05:00.000Z,0,0,,96.23,96.29,96.11,96.23,157
1784916600,2026-07-24T18:10:00.000Z,0,0,,96.24,96.24,95.95,96.24,242
1784916900,2026-07-24T18:15:00.000Z,0,0,,96.22,96.62,96.18,96.6,234
1784917200,2026-07-24T18:20:00.000Z,0,0,,96.61,96.78,96.52,96.74,339
1784917500,2026-07-24T18:25:00.000Z,0,0,,96.74,96.85,96.6,96.78,622
1784917800,2026-07-24T18:30:00.000Z,0,0,,96.81,96.89,96.37,96.54,268
1784918100,2026-07-24T18:35:00.000Z,0,0,,96.55,96.65,96.32,96.5,278
1784918400,2026-07-24T18:40:00.000Z,0,0,,96.53,96.62,96.46,96.59,75
1784918700,2026-07-24T18:45:00.000Z,0,0,,96.57,96.57,96.31,96.44,78
1784919000,2026-07-24T18:50:00.000Z,0,0,,96.45,96.61,96.43,96.52,51
1784919300,2026-07-24T18:55:00.000Z,0,0,,96.52,96.78,96.49,96.71,97
1784919600,2026-07-24T19:00:00.000Z,0,0,,96.74,96.84,96.7,96.83,71
1784919900,2026-07-24T19:05:00.000Z,0,0,,96.86,96.95,96.79,96.89,51
1784920200,2026-07-24T19:10:00.000Z,0,0,,96.88,96.96,96.87,96.91,36
1784920500,2026-07-24T19:15:00.000Z,0,0,,96.92,96.99,96.86,96.93,44
1784920800,2026-07-24T19:20:00.000Z,0,0,,96.91,96.97,96.88,96.91,34
1784921100,2026-07-24T19:25:00.000Z,0,0,,96.87,97.08,96.86,97.06,77
1784921400,2026-07-24T19:30:00.000Z,0,0,,97.05,97.17,96.63,96.8,229
1784921700,2026-07-24T19:35:00.000Z,0,0,,96.82,96.83,96.26,96.54,328
1784922000,2026-07-24T19:40:00.000Z,0,0,,96.58,96.72,96.52,96.61,86
1784922300,2026-07-24T19:45:00.000Z,0,0,,96.63,96.77,96.63,96.7,55
1784922600,2026-07-24T19:50:00.000Z,0,0,,96.7,96.8,96.57,96.71,129
1784922900,2026-07-24T19:55:00.000Z,0,0,,96.75,97.41,96.74,97.38,304
1784923200,2026-07-24T20:00:00.000Z,0,0,,97.4,97.67,97.4,97.6,200
1784923500,2026-07-24T20:05:00.000Z,0,0,,97.61,97.86,97.59,97.81,89
1784923800,2026-07-24T20:10:00.000Z,0,0,,97.82,98.1,97.82,98.06,128
1784924100,2026-07-24T20:15:00.000Z,0,0,,98.09,98.09,97.8,97.82,111
1784924400,2026-07-24T20:20:00.000Z,0,0,,97.85,98.04,97.74,98.04,70
1784924700,2026-07-24T20:25:00.000Z,0,0,,98.01,98.16,97.96,98.1,61
1784925000,2026-07-24T20:30:00.000Z,0,0,,98.11,98.26,98.09,98.22,57
1784925300,2026-07-24T20:35:00.000Z,0,0,,98.23,98.23,98.02,98.15,74
1784925600,2026-07-24T20:40:00.000Z,0,0,,98.16,98.26,98.12,98.13,53
1784925900,2026-07-24T20:45:00.000Z,0,0,,98.15,98.26,98.13,98.21,54
1784926200,2026-07-24T20:50:00.000Z,0,0,,98.23,98.42,98.23,98.3,76
1784926500,2026-07-24T20:55:00.000Z,0,0,,98.28,98.43,98.23,98.39,100
1784926800,2026-07-24T21:00:00.000Z,0,0,,98.34,98.4,98.28,98.28,12
1784927100,2026-07-24T21:05:00.000Z,0,0,,98.26,98.38,98.26,98.38,11
1784927400,2026-07-24T21:10:00.000Z,0,0,,98.32,98.33,98.28,98.3,11
1784927700,2026-07-24T21:15:00.000Z,0,0,,98.28,98.38,98.28,98.31,16
1784928000,2026-07-24T21:20:00.000Z,0,0,,98.33,98.41,98.31,98.41,5
1784928300,2026-07-24T21:25:00.000Z,0,0,,98.49,98.49,98.47,98.47,2
1784928600,2026-07-24T21:30:00.000Z,0,0,,98.49,98.51,98.49,98.51,3
1784928900,2026-07-24T21:35:00.000Z,0,0,,98.43,98.54,98.43,98.54,4
1784929200,2026-07-24T21:40:00.000Z,0,0,,98.77,98.87,98.65,98.66,18
1784929500,2026-07-24T21:45:00.000Z,0,0,,98.72,98.72,98.72,98.72,1
1784930100,2026-07-24T21:55:00.000Z,0,0,,98.87,98.87,98.69,98.69,3
1785103200,2026-07-26T22:00:00.000Z,0,0,,93.6,93.6,89.58,91.93,1037
1785103500,2026-07-26T22:05:00.000Z,0,0,,91.85,91.95,91.05,91.63,253
1785103800,2026-07-26T22:10:00.000Z,0,0,,91.65,92.19,91.6,91.86,188
1785104100,2026-07-26T22:15:00.000Z,0,0,,91.87,91.87,90.81,90.85,279
1785104400,2026-07-26T22:20:00.000Z,0,0,,90.89,91.25,90.74,91.11,241
1785104700,2026-07-26T22:25:00.000Z,0,0,,91.12,91.16,90.77,91.16,145
1785105000,2026-07-26T22:30:00.000Z,0,0,,91.17,91.41,91.11,91.39,90
1785105300,2026-07-26T22:35:00.000Z,0,0,,91.35,91.56,91.31,91.55,121
1785105600,2026-07-26T22:40:00.000Z,0,0,,91.53,91.92,91.52,91.89,111
1785105900,2026-07-26T22:45:00.000Z,0,0,,91.9,91.9,91.7,91.7,36
1785106200,2026-07-26T22:50:00.000Z,0,0,,91.73,91.98,91.73,91.94,64
1785106500,2026-07-26T22:55:00.000Z,0,0,,91.91,91.94,91.88,91.9,16
1785106800,2026-07-26T23:00:00.000Z,0,0,,91.91,92.15,91.9,92.12,65
1785107100,2026-07-26T23:05:00.000Z,0,0,,92.1,92.31,92.05,92.25,51
1785107400,2026-07-26T23:10:00.000Z,0,0,,92.23,92.32,92.13,92.21,38
1785107700,2026-07-26T23:15:00.000Z,0,0,,92.19,92.19,91.97,92.06,37
1785108000,2026-07-26T23:20:00.000Z,0,0,,92.05,92.19,92.01,92.18,21
1785108300,2026-07-26T23:25:00.000Z,0,0,,92.17,92.17,92.13,92.13,20
1785108600,2026-07-26T23:30:00.000Z,0,0,,92.12,92.16,87.6,87.63,32
1785108900,2026-07-26T23:35:00.000Z,0,0,,87.64,87.68,87.6,87.64,22
1785109200,2026-07-26T23:40:00.000Z,0,0,,87.6,87.63,87.37,87.5,57
1785109500,2026-07-26T23:45:00.000Z,0,0,,87.47,87.54,87.43,87.52,33
1785109800,2026-07-26T23:50:00.000Z,0,0,,87.51,87.61,87.46,87.54,47
1785110100,2026-07-26T23:55:00.000Z,0,0,,87.58,87.58,87.38,87.5,46
1785110400,2026-07-27T00:00:00.000Z,0,0,,87.53,87.58,87.39,87.57,89
1785110700,2026-07-27T00:05:00.000Z,0,0,,87.56,87.79,87.39,87.5,111
1785111000,2026-07-27T00:10:00.000Z,0,0,,87.43,87.44,87.29,87.34,71
1785111300,2026-07-27T00:15:00.000Z,0,0,,87.32,87.34,86.97,87.15,145
1785111600,2026-07-27T00:20:00.000Z,0,0,,87.18,87.21,87.06,87.08,54
1785111900,2026-07-27T00:25:00.000Z,0,0,,87.06,87.44,87.04,87.38,57
1785112200,2026-07-27T00:30:00.000Z,0,0,,87.39,87.51,87.33,87.5,39
1785112500,2026-07-27T00:35:00.000Z,0,0,,87.47,87.52,87.37,87.43,32
1785112800,2026-07-27T00:40:00.000Z,0,0,,87.41,87.42,87.34,87.41,21
1785113100,2026-07-27T00:45:00.000Z,0,0,,87.48,87.64,87.44,87.63,42
1785113400,2026-07-27T00:50:00.000Z,0,0,,87.63,87.67,87.52,87.58,34
1785113700,2026-07-27T00:55:00.000Z,0,0,,87.57,87.79,87.57,87.68,54
1785114000,2026-07-27T01:00:00.000Z,0,0,,87.71,87.98,87.44,87.98,486
1785114300,2026-07-27T01:05:00.000Z,0,0,,87.98,88.01,87.76,87.97,140
1785114600,2026-07-27T01:10:00.000Z,0,0,,87.95,88.24,87.91,88.07,175
1785114900,2026-07-27T01:15:00.000Z,0,0,,88.06,88.07,87.89,87.97,81
1785115200,2026-07-27T01:20:00.000Z,0,0,,87.99,88.06,87.91,87.95,66
1785115500,2026-07-27T01:25:00.000Z,0,0,,87.98,88.05,87.86,87.89,65
1785115800,2026-07-27T01:30:00.000Z,0,0,,87.86,87.91,87.74,87.79,44
1785116100,2026-07-27T01:35:00.000Z,0,0,,87.83,87.9,87.72,87.77,63
1785116400,2026-07-27T01:40:00.000Z,0,0,,87.77,88.01,87.74,87.95,55
1785116700,2026-07-27T01:45:00.000Z,0,0,,88,88.1,87.97,88.09,43
1785117000,2026-07-27T01:50:00.000Z,0,0,,88.08,88.18,87.97,88.04,51
1785117300,2026-07-27T01:55:00.000Z,0,0,,88.05,88.14,88.02,88.09,29
1785117600,2026-07-27T02:00:00.000Z,0,0,,88.1,88.23,87.99,88.2,58
1785117900,2026-07-27T02:05:00.000Z,0,0,,88.19,88.26,88.08,88.24,113
1785118200,2026-07-27T02:10:00.000Z,0,0,,88.22,88.51,88.22,88.3,130
1785118500,2026-07-27T02:15:00.000Z,0,0,,88.35,88.35,88.21,88.29,43
1785118800,2026-07-27T02:20:00.000Z,0,0,,88.27,88.47,88.25,88.45,46
1785119100,2026-07-27T02:25:00.000Z,0,0,,88.47,88.56,88.38,88.51,63
1785119400,2026-07-27T02:30:00.000Z,0,0,,88.52,88.6,88.42,88.52,113
1785119700,2026-07-27T02:35:00.000Z,0,0,,88.51,88.51,88.23,88.26,59
1785120000,2026-07-27T02:40:00.000Z,0,0,,88.31,88.47,88.26,88.44,48
1785120300,2026-07-27T02:45:00.000Z,0,0,,88.42,88.5,88.35,88.38,56
1785120600,2026-07-27T02:50:00.000Z,0,0,,88.39,88.4,88.29,88.4,44
1785120900,2026-07-27T02:55:00.000Z,0,0,,88.43,88.53,88.33,88.39,70
1785121200,2026-07-27T03:00:00.000Z,0,0,,88.41,88.41,88.2,88.2,52
1785121500,2026-07-27T03:05:00.000Z,0,0,,88.22,88.23,88.02,88.06,60
1785121800,2026-07-27T03:10:00.000Z,0,0,,88.07,88.23,88,88.22,62
1785122100,2026-07-27T03:15:00.000Z,0,0,,88.23,88.24,88.07,88.08,54
1785122400,2026-07-27T03:20:00.000Z,0,0,,88.06,88.13,88.02,88.13,89
1785122700,2026-07-27T03:25:00.000Z,0,0,,88.16,88.21,88.08,88.1,43
1785123000,2026-07-27T03:30:00.000Z,0,0,,88.12,88.16,87.96,87.97,43
1785123300,2026-07-27T03:35:00.000Z,0,0,,87.95,87.99,87.91,87.96,22
1785123600,2026-07-27T03:40:00.000Z,0,0,,87.99,88.06,87.97,87.97,19
1785123900,2026-07-27T03:45:00.000Z,0,0,,87.96,88.1,87.95,88.08,20
1785124200,2026-07-27T03:50:00.000Z,0,0,,88.09,88.18,88.09,88.16,13
1785124500,2026-07-27T03:55:00.000Z,0,0,,88.19,88.19,88.02,88.02,24
1785124800,2026-07-27T04:00:00.000Z,0,0,,88.01,88.01,87.71,87.78,106
1785125100,2026-07-27T04:05:00.000Z,0,0,,87.8,87.92,87.74,87.9,62
1785125400,2026-07-27T04:10:00.000Z,0,0,,87.91,87.94,87.84,87.88,32
1785125700,2026-07-27T04:15:00.000Z,0,0,,87.88,87.94,87.77,87.8,46
1785126000,2026-07-27T04:20:00.000Z,0,0,,87.79,87.85,87.7,87.72,104
1785126300,2026-07-27T04:25:00.000Z,0,0,,87.71,87.71,87.56,87.64,167
1785126600,2026-07-27T04:30:00.000Z,0,0,,87.63,87.64,87.56,87.57,48
1785126900,2026-07-27T04:35:00.000Z,0,0,,87.59,87.59,87.44,87.47,62
1785127200,2026-07-27T04:40:00.000Z,0,0,,87.49,87.49,87.17,87.36,132
1785127500,2026-07-27T04:45:00.000Z,0,0,,87.33,87.44,87.33,87.44,39
1785127800,2026-07-27T04:50:00.000Z,0,0,,87.43,87.59,87.43,87.53,46
1785128100,2026-07-27T04:55:00.000Z,0,0,,87.54,87.62,87.54,87.6,33
1785128400,2026-07-27T05:00:00.000Z,0,0,,87.63,87.68,87.43,87.68,102
1785128700,2026-07-27T05:05:00.000Z,0,0,,87.65,87.69,87.51,87.52,47
1785129000,2026-07-27T05:10:00.000Z,0,0,,87.54,87.57,87.42,87.53,53
1785129300,2026-07-27T05:15:00.000Z,0,0,,87.54,87.68,87.49,87.64,52
1785129600,2026-07-27T05:20:00.000Z,0,0,,87.61,87.61,87.31,87.36,82
1785129900,2026-07-27T05:25:00.000Z,0,0,,87.35,87.46,87.33,87.4,38
1785130200,2026-07-27T05:30:00.000Z,0,0,,87.39,87.58,87.3,87.53,160
1785130500,2026-07-27T05:35:00.000Z,0,0,,87.57,87.6,87.45,87.46,78
1785130800,2026-07-27T05:40:00.000Z,0,0,,87.44,87.54,87.36,87.37,78
1785131100,2026-07-27T05:45:00.000Z,0,0,,87.37,87.5,87.2,87.2,81
1785131400,2026-07-27T05:50:00.000Z,0,0,,87.23,87.28,87.1,87.12,105
1785131700,2026-07-27T05:55:00.000Z,0,0,,87.15,87.27,87.05,87.23,130
1785132000,2026-07-27T06:00:00.000Z,0,0,,87.24,87.29,86.76,86.79,262
1785132300,2026-07-27T06:05:00.000Z,0,0,,86.84,86.99,86.72,86.72,198
1785132600,2026-07-27T06:10:00.000Z,0,0,,86.74,86.74,86.43,86.51,358
1785132900,2026-07-27T06:15:00.000Z,0,0,,86.48,86.63,86.26,86.32,244
1785133200,2026-07-27T06:20:00.000Z,0,0,,86.33,86.66,86.28,86.65,220
1785133500,2026-07-27T06:25:00.000Z,0,0,,86.66,86.71,86.56,86.66,150
1785133800,2026-07-27T06:30:00.000Z,0,0,,86.65,86.79,86.63,86.68,168
1785134100,2026-07-27T06:35:00.000Z,0,0,,86.7,86.73,86.51,86.62,179
1785134400,2026-07-27T06:40:00.000Z,0,0,,86.63,86.72,86.5,86.56,251
1785134700,2026-07-27T06:45:00.000Z,0,0,,86.53,86.68,86.36,86.45,203
1785135000,2026-07-27T06:50:00.000Z,0,0,,86.46,86.61,86.29,86.41,193
1785135300,2026-07-27T06:55:00.000Z,0,0,,86.44,86.48,86.2,86.31,244
1785135600,2026-07-27T07:00:00.000Z,0,0,,86.35,86.69,86.15,86.62,375
1785135900,2026-07-27T07:05:00.000Z,1,0,,86.64,86.69,86.55,86.62,161
1785136200,2026-07-27T07:10:00.000Z,0,0,,86.61,86.66,86.4,86.45,195
1785136500,2026-07-27T07:15:00.000Z,0,0,,86.44,86.52,86.32,86.37,249
1785136800,2026-07-27T07:20:00.000Z,0,0,,86.39,86.63,86.34,86.6,168
1785137100,2026-07-27T07:25:00.000Z,0,0,,86.63,86.9,86.58,86.89,249
1785137400,2026-07-27T07:30:00.000Z,0,0,,86.88,87.05,86.88,86.95,233
1785137700,2026-07-27T07:35:00.000Z,0,0,,86.94,86.98,86.73,86.91,240
1785138000,2026-07-27T07:40:00.000Z,0,0,,86.92,87.11,86.83,87.04,226
1785138300,2026-07-27T07:45:00.000Z,0,0,,87.03,87.24,86.89,86.92,413
1785138600,2026-07-27T07:50:00.000Z,0,0,,86.96,87.07,86.65,86.85,410
1785138900,2026-07-27T07:55:00.000Z,0,0,,86.86,87.23,86.55,87.23,398
1785139200,2026-07-27T08:00:00.000Z,0,0,,87.24,87.56,87.16,87.41,521
1785139500,2026-07-27T08:05:00.000Z,0,0,,87.43,87.47,86.81,87.04,416
1785139800,2026-07-27T08:10:00.000Z,0,0,,87.05,87.15,86.85,86.93,251
1785140100,2026-07-27T08:15:00.000Z,0,0,,86.94,87.04,86.49,86.6,394
1785140400,2026-07-27T08:20:00.000Z,0,0,,86.63,86.65,86.46,86.55,385
1785140700,2026-07-27T08:25:00.000Z,0,0,,86.54,86.62,86.05,86.2,1167
1785141000,2026-07-27T08:30:00.000Z,0,0,,86.21,86.3,85.99,86.21,650
1785141300,2026-07-27T08:35:00.000Z,0,0,,86.23,86.37,86.14,86.24,362
1785141600,2026-07-27T08:40:00.000Z,0,0,,86.23,86.24,85.79,85.88,402
1785141900,2026-07-27T08:45:00.000Z,0,0,,85.91,86.09,85.86,85.96,346
1785142200,2026-07-27T08:50:00.000Z,0,0,,85.97,85.97,85.36,85.41,502
1785142500,2026-07-27T08:55:00.000Z,0,0,,85.44,85.53,85.29,85.42,491
1785142800,2026-07-27T09:00:00.000Z,0,0,,85.41,85.67,85.41,85.64,350
1785143100,2026-07-27T09:05:00.000Z,0,0,,85.66,85.74,85.49,85.67,271
1785143400,2026-07-27T09:10:00.000Z,0,0,,85.69,85.71,85.51,85.69,166
1785143700,2026-07-27T09:15:00.000Z,0,0,,85.7,85.71,85.49,85.68,205
1785144000,2026-07-27T09:20:00.000Z,0,0,,85.71,85.72,85.49,85.53,166
1785144300,2026-07-27T09:25:00.000Z,0,0,,85.51,85.51,85.07,85.21,531
1785144600,2026-07-27T09:30:00.000Z,0,0,,85.22,85.31,84.91,85.04,531
1785144900,2026-07-27T09:35:00.000Z,0,0,,85.09,85.37,85.08,85.28,250
1785145200,2026-07-27T09:40:00.000Z,0,0,,85.29,85.34,85,85.06,167
1785145500,2026-07-27T09:45:00.000Z,0,0,,85.05,85.09,84.84,84.95,357
1785145800,2026-07-27T09:50:00.000Z,0,0,,84.93,84.93,84.69,84.73,360
1785146100,2026-07-27T09:55:00.000Z,0,0,,84.76,84.86,84.65,84.83,290
1785146400,2026-07-27T10:00:00.000Z,0,0,,84.86,85.02,84.84,84.98,283
1785146700,2026-07-27T10:05:00.000Z,0,0,,85.01,85.45,85,85.36,276
1785147000,2026-07-27T10:10:00.000Z,1,0,,85.38,85.75,85.3,85.44,651
1785147300,2026-07-27T10:15:00.000Z,0,0,,85.45,85.56,85.16,85.29,262
1785147600,2026-07-27T10:20:00.000Z,0,0,,85.3,85.67,85.3,85.57,215
1785147900,2026-07-27T10:25:00.000Z,0,0,,85.58,85.7,85.47,85.49,252
1785148200,2026-07-27T10:30:00.000Z,0,0,,85.51,85.54,85.33,85.49,142
1785148500,2026-07-27T10:35:00.000Z,0,0,,85.52,85.55,85.38,85.4,145
1785148800,2026-07-27T10:40:00.000Z,0,0,,85.41,85.53,85.41,85.44,70
1785149100,2026-07-27T10:45:00.000Z,0,0,,85.45,85.63,85.42,85.54,96
1785149400,2026-07-27T10:50:00.000Z,0,0,,85.58,85.72,85.49,85.54,145
1785149700,2026-07-27T10:55:00.000Z,0,0,,85.57,85.79,85.45,85.74,176
1785150000,2026-07-27T11:00:00.000Z,0,0,,85.76,85.91,85.64,85.89,216
1785150300,2026-07-27T11:05:00.000Z,0,0,,85.91,85.95,85.77,85.83,146
1785150600,2026-07-27T11:10:00.000Z,0,0,,85.81,85.97,85.77,85.94,155
1785150900,2026-07-27T11:15:00.000Z,0,0,,85.91,85.94,85.76,85.91,110
1785151200,2026-07-27T11:20:00.000Z,0,0,,85.98,86.01,85.84,85.9,104
1785151500,2026-07-27T11:25:00.000Z,0,0,,85.89,86.33,85.88,86.32,245
1785151800,2026-07-27T11:30:00.000Z,0,0,,86.32,86.46,85.73,85.82,497
1785152100,2026-07-27T11:35:00.000Z,0,0,,85.82,85.84,85.68,85.81,151
1785152400,2026-07-27T11:40:00.000Z,0,0,,85.78,86.09,85.66,85.75,309
1785152700,2026-07-27T11:45:00.000Z,0,0,,85.73,85.96,85.64,85.9,197
1785153000,2026-07-27T11:50:00.000Z,0,0,,85.92,86.01,85.83,85.93,135
1785153300,2026-07-27T11:55:00.000Z,0,0,,85.94,86.03,85.88,85.98,154
1785153600,2026-07-27T12:00:00.000Z,0,0,,86.01,86.18,85.97,86.12,229
1785153900,2026-07-27T12:05:00.000Z,0,0,,86.13,86.47,86.13,86.41,298
1785154200,2026-07-27T12:10:00.000Z,0,0,,86.42,86.91,86.35,86.8,752
1785154500,2026-07-27T12:15:00.000Z,0,0,,86.81,86.89,86.65,86.85,336
1785154800,2026-07-27T12:20:00.000Z,0,0,,86.87,86.96,86.75,86.75,228
1785155100,2026-07-27T12:25:00.000Z,0,0,,86.77,86.84,86.69,86.82,207
1785155400,2026-07-27T12:30:00.000Z,0,0,,86.83,87.01,86.73,86.78,266
1785155700,2026-07-27T12:35:00.000Z,0,0,,86.74,86.96,86.68,86.91,235
1785156000,2026-07-27T12:40:00.000Z,0,0,,86.9,87.07,86.83,87.06,213
1785156300,2026-07-27T12:45:00.000Z,0,0,,87.08,87.08,86.86,86.92,189
1785156600,2026-07-27T12:50:00.000Z,0,0,,86.95,87.28,86.92,87.19,471
1785156900,2026-07-27T12:55:00.000Z,0,0,,87.17,87.23,86.97,86.97,296
1785157200,2026-07-27T13:00:00.000Z,0,0,,86.99,87.25,86.88,86.94,589
1785157500,2026-07-27T13:05:00.000Z,0,0,,86.98,87.2,86.81,87.11,285
1785157800,2026-07-27T13:10:00.000Z,0,0,,87.12,87.19,86.96,87.06,271
1785158100,2026-07-27T13:15:00.000Z,0,0,,87.09,87.43,87.04,87.37,252
1785158400,2026-07-27T13:20:00.000Z,0,0,,87.35,87.38,87.09,87.19,188
1785158700,2026-07-27T13:25:00.000Z,0,0,,87.21,87.38,87.16,87.38,172
1785159000,2026-07-27T13:30:00.000Z,0,0,,87.36,87.4,86.93,87.01,317
1785159300,2026-07-27T13:35:00.000Z,0,0,,87.03,87.03,86.64,86.64,400
1785159600,2026-07-27T13:40:00.000Z,0,0,,86.67,86.89,86.65,86.82,287
1785159900,2026-07-27T13:45:00.000Z,0,0,,86.83,86.91,86.63,86.74,213
1785160200,2026-07-27T13:50:00.000Z,0,0,,86.76,87.07,86.68,87.01,297
1785160500,2026-07-27T13:55:00.000Z,0,0,,87.03,87.16,86.99,87.01,454
1785160800,2026-07-27T14:00:00.000Z,0,0,,87.02,87.03,86.71,86.75,337
1785161100,2026-07-27T14:05:00.000Z,0,0,,86.72,86.84,86.64,86.73,238
1785161400,2026-07-27T14:10:00.000Z,0,0,,86.72,86.81,86.47,86.49,421
1785161700,2026-07-27T14:15:00.000Z,0,0,,86.5,86.66,86.47,86.61,370
1785162000,2026-07-27T14:20:00.000Z,0,0,,86.62,86.7,86.46,86.52,220
1785162300,2026-07-27T14:25:00.000Z,0,0,,86.54,86.76,86.49,86.58,249
1785162600,2026-07-27T14:30:00.000Z,0,0,,86.61,86.76,86.47,86.68,249
1785162900,2026-07-27T14:35:00.000Z,0,0,,86.67,86.74,86.47,86.5,288
1785163200,2026-07-27T14:40:00.000Z,0,0,,86.51,86.63,86.39,86.49,332
1785163500,2026-07-27T14:45:00.000Z,0,0,,86.47,86.58,86.39,86.56,302
1785163800,2026-07-27T14:50:00.000Z,0,0,,86.58,86.7,86.53,86.66,317
1785164100,2026-07-27T14:55:00.000Z,0,0,,86.63,86.71,86.39,86.44,400
1785164400,2026-07-27T15:00:00.000Z,0,0,,86.47,86.64,86.2,86.28,694
1785164700,2026-07-27T15:05:00.000Z,0,0,,86.31,86.51,86.29,86.35,471
1785165000,2026-07-27T15:10:00.000Z,0,0,,86.38,86.44,86.18,86.27,323
1785165300,2026-07-27T15:15:00.000Z,0,0,,86.27,86.46,86.16,86.18,432
1785165600,2026-07-27T15:20:00.000Z,0,0,,86.19,86.37,86.03,86.28,358
1785165900,2026-07-27T15:25:00.000Z,0,0,,86.29,86.37,86.12,86.23,820
1785166200,2026-07-27T15:30:00.000Z,0,0,,86.24,86.42,86.06,86.38,517
1785166500,2026-07-27T15:35:00.000Z,0,0,,86.39,86.44,86.24,86.42,331
1785166800,2026-07-27T15:40:00.000Z,0,0,,86.43,86.47,86.32,86.37,282
1785167100,2026-07-27T15:45:00.000Z,0,0,,86.39,86.51,86.35,86.51,153
1785167400,2026-07-27T15:50:00.000Z,0,0,,86.49,86.49,86.34,86.44,234
1785167700,2026-07-27T15:55:00.000Z,0,0,,86.45,86.64,86.45,86.63,181
1785168000,2026-07-27T16:00:00.000Z,0,0,,86.64,86.64,86.39,86.53,189
1785168300,2026-07-27T16:05:00.000Z,0,0,,86.52,86.6,86.43,86.57,154
1785168600,2026-07-27T16:10:00.000Z,0,0,,86.58,86.63,86.5,86.5,121
1785168900,2026-07-27T16:15:00.000Z,0,0,,86.52,86.89,86.46,86.88,268
1785169200,2026-07-27T16:20:00.000Z,0,0,,86.88,86.98,86.77,86.83,169
1785169500,2026-07-27T16:25:00.000Z,0,0,,86.85,86.85,86.03,86.18,1400
1785169800,2026-07-27T16:30:00.000Z,0,0,,86.21,86.26,85.66,85.68,531
1785170100,2026-07-27T16:35:00.000Z,0,0,,85.73,86.01,85.7,85.98,307
1785170400,2026-07-27T16:40:00.000Z,0,0,,85.99,86.17,85.95,86.05,247
1785170700,2026-07-27T16:45:00.000Z,0,0,,86.04,86.31,85.98,86.27,263
1785171000,2026-07-27T16:50:00.000Z,0,0,,86.26,86.4,86.15,86.22,307
1785171300,2026-07-27T16:55:00.000Z,0,0,,86.25,86.25,86.06,86.1,179
1785171600,2026-07-27T17:00:00.000Z,0,0,,86.11,86.14,86.01,86.03,132
1785171900,2026-07-27T17:05:00.000Z,0,0,,86.02,86.16,85.89,86.05,183
1785172200,2026-07-27T17:10:00.000Z,0,0,,86.03,86.16,85.85,85.94,171
1785172500,2026-07-27T17:15:00.000Z,0,0,,85.97,86.07,85.91,85.96,134
1785172800,2026-07-27T17:20:00.000Z,0,0,,85.99,85.99,85.84,85.99,163
1785173100,2026-07-27T17:25:00.000Z,0,0,,85.98,85.99,85.82,85.89,137
1785173400,2026-07-27T17:30:00.000Z,0,0,,85.92,85.97,85.83,85.87,191
1785173700,2026-07-27T17:35:00.000Z,0,0,,85.88,86.09,85.88,86.07,148
1785174000,2026-07-27T17:40:00.000Z,0,0,,86.08,86.14,85.98,86.12,123
1785174300,2026-07-27T17:45:00.000Z,0,0,,86.13,86.14,86.02,86.06,113
1785174600,2026-07-27T17:50:00.000Z,0,0,,86.05,86.07,85.89,85.94,161
1785174900,2026-07-27T17:55:00.000Z,0,0,,85.91,85.96,85.79,85.82,199
1785175200,2026-07-27T18:00:00.000Z,0,0,,85.85,85.85,85.63,85.76,304
1785175500,2026-07-27T18:05:00.000Z,0,0,,85.77,85.78,85.55,85.58,155
1785175800,2026-07-27T18:10:00.000Z,0,0,,85.56,85.71,85.53,85.61,177
1785176100,2026-07-27T18:15:00.000Z,0,0,,85.64,85.66,85.35,85.43,235
1785176400,2026-07-27T18:20:00.000Z,0,0,,85.44,85.65,85.39,85.63,244
1785176700,2026-07-27T18:25:00.000Z,0,0,,85.65,85.92,85.57,85.86,557
1785177000,2026-07-27T18:30:00.000Z,0,0,,85.88,86.13,85.79,86.13,177
1785177300,2026-07-27T18:35:00.000Z,0,0,,86.1,86.17,86.03,86.03,108
1785177600,2026-07-27T18:40:00.000Z,0,0,,86.04,86.05,85.53,85.7,474
1785177900,2026-07-27T18:45:00.000Z,0,0,,85.7,85.77,85.62,85.65,84
1785178200,2026-07-27T18:50:00.000Z,0,0,,85.66,85.71,85.58,85.58,60
1785178500,2026-07-27T18:55:00.000Z,0,0,,85.63,85.67,85.48,85.5,90
1785178800,2026-07-27T19:00:00.000Z,0,0,,85.52,85.66,85.44,85.62,105
1785179100,2026-07-27T19:05:00.000Z,0,0,,85.64,85.66,85.57,85.63,71
1785179400,2026-07-27T19:10:00.000Z,0,0,,85.62,85.77,85.6,85.74,72
1785179700,2026-07-27T19:15:00.000Z,0,0,,85.73,85.78,85.64,85.72,76
1785180000,2026-07-27T19:20:00.000Z,0,0,,85.71,85.71,85.56,85.63,52
1785180300,2026-07-27T19:25:00.000Z,0,0,,85.62,85.65,85.54,85.57,71
1785180600,2026-07-27T19:30:00.000Z,0,0,,85.59,85.64,85.52,85.59,93
1785180900,2026-07-27T19:35:00.000Z,0,0,,85.58,85.64,85.51,85.51,53
1785181200,2026-07-27T19:40:00.000Z,0,0,,85.52,85.58,85.44,85.48,66
1785181500,2026-07-27T19:45:00.000Z,0,0,,85.46,85.56,85.39,85.41,94
1785181800,2026-07-27T19:50:00.000Z,0,0,,85.42,85.44,85.29,85.36,101
1785182100,2026-07-27T19:55:00.000Z,0,0,,85.37,85.43,85.31,85.32,103
1785182400,2026-07-27T20:00:00.000Z,0,0,,85.33,85.38,85.29,85.35,50
1785182700,2026-07-27T20:05:00.000Z,0,0,,85.37,85.39,85.13,85.2,96
1785183000,2026-07-27T20:10:00.000Z,0,0,,85.19,85.23,85.14,85.18,44
1785183300,2026-07-27T20:15:00.000Z,0,0,,85.2,85.35,85.17,85.34,57
1785183600,2026-07-27T20:20:00.000Z,0,0,,85.34,85.39,85.22,85.23,47
1785183900,2026-07-27T20:25:00.000Z,0,0,,85.24,85.32,85.21,85.28,43
1785184200,2026-07-27T20:30:00.000Z,0,0,,85.27,85.39,85.27,85.37,42
1785184500,2026-07-27T20:35:00.000Z,0,0,,85.36,85.44,85.28,85.44,38
1785184800,2026-07-27T20:40:00.000Z,0,0,,85.42,85.47,85.4,85.43,45
1785185100,2026-07-27T20:45:00.000Z,0,0,,85.43,85.43,85.31,85.31,33
1785185400,2026-07-27T20:50:00.000Z,0,0,,85.34,85.36,85.12,85.14,79
1785185700,2026-07-27T20:55:00.000Z,0,0,,85.12,85.28,85.02,85.25,118
1785186000,2026-07-27T21:00:00.000Z,0,0,,85.29,85.39,85.29,85.32,25
1785186300,2026-07-27T21:05:00.000Z,0,0,,85.35,85.55,85.29,85.5,51
1785186600,2026-07-27T21:10:00.000Z,0,0,,85.52,85.53,85.47,85.47,4
1785186900,2026-07-27T21:15:00.000Z,0,0,,85.51,85.51,85.49,85.49,2
1785187200,2026-07-27T21:20:00.000Z,0,0,,85.51,85.55,85.49,85.53,8
1785187500,2026-07-27T21:25:00.000Z,0,0,,85.44,85.48,85.32,85.48,13
1785187800,2026-07-27T21:30:00.000Z,0,0,,85.41,85.41,85.41,85.41,1
1785188100,2026-07-27T21:35:00.000Z,0,0,,85.44,85.52,85.44,85.46,6
1785188700,2026-07-27T21:45:00.000Z,0,0,,85.39,85.39,85.36,85.37,3
1785189000,2026-07-27T21:50:00.000Z,0,0,,85.36,85.36,85.31,85.34,4
1785189300,2026-07-27T21:55:00.000Z,0,0,,85.3,85.35,85.3,85.34,5
1785196800,2026-07-28T00:00:00.000Z,0,0,,85.47,85.47,85.23,85.3,72
1785197100,2026-07-28T00:05:00.000Z,0,0,,85.32,85.42,85.22,85.37,33
1785197400,2026-07-28T00:10:00.000Z,0,0,,85.35,85.45,85.28,85.36,36
1785197700,2026-07-28T00:15:00.000Z,0,0,,85.24,85.29,85.06,85.06,46
1785198000,2026-07-28T00:20:00.000Z,0,0,,85.04,85.13,84.96,85.04,80
1785198300,2026-07-28T00:25:00.000Z,0,0,,85.06,85.15,84.97,85.14,95
1785198600,2026-07-28T00:30:00.000Z,0,0,,85.1,85.23,85.1,85.17,28
1785198900,2026-07-28T00:35:00.000Z,0,0,,85.16,85.25,85.16,85.25,23
1785199200,2026-07-28T00:40:00.000Z,0,0,,85.24,85.4,85.24,85.37,45
1785199500,2026-07-28T00:45:00.000Z,0,0,,85.37,85.44,85.33,85.39,22
1785199800,2026-07-28T00:50:00.000Z,0,0,,85.4,85.58,85.37,85.54,58
1785200100,2026-07-28T00:55:00.000Z,0,0,,85.53,85.53,85.39,85.46,42
1785200400,2026-07-28T01:00:00.000Z,0,0,,85.4,85.59,85.15,85.34,246
1785200700,2026-07-28T01:05:00.000Z,0,0,,85.32,85.32,85.14,85.21,122
1785201000,2026-07-28T01:10:00.000Z,0,0,,85.19,85.28,85.09,85.16,55
1785201300,2026-07-28T01:15:00.000Z,0,0,,85.2,85.35,85.19,85.26,68
1785201600,2026-07-28T01:20:00.000Z,0,0,,85.23,85.23,85,85,75
1785201900,2026-07-28T01:25:00.000Z,0,0,,85.04,85.1,84.89,84.99,136
1785202200,2026-07-28T01:30:00.000Z,0,0,,85.01,85.2,84.99,85.2,112
1785202500,2026-07-28T01:35:00.000Z,0,0,,85.23,85.23,85.11,85.13,23
1785202800,2026-07-28T01:40:00.000Z,0,0,,85.14,85.31,85.14,85.27,54
1785203100,2026-07-28T01:45:00.000Z,0,0,,85.24,85.42,85.19,85.34,92
1785203400,2026-07-28T01:50:00.000Z,0,0,,85.35,85.44,85.32,85.43,66
1785203700,2026-07-28T01:55:00.000Z,0,0,,85.4,85.4,85.01,85.03,93
1785204000,2026-07-28T02:00:00.000Z,0,0,,85.05,85.15,84.98,85,79
1785204300,2026-07-28T02:05:00.000Z,0,0,,84.96,84.98,84.74,84.97,121
1785204600,2026-07-28T02:10:00.000Z,0,0,,84.95,85.03,84.89,84.92,48
1785204900,2026-07-28T02:15:00.000Z,0,0,,84.95,84.95,84.61,84.63,87
1785205200,2026-07-28T02:20:00.000Z,0,0,,84.63,84.86,84.61,84.76,101
1785205500,2026-07-28T02:25:00.000Z,0,0,,84.75,84.87,84.62,84.69,63
1785205800,2026-07-28T02:30:00.000Z,0,0,,84.68,84.76,84.56,84.63,172
1785206100,2026-07-28T02:35:00.000Z,0,0,,84.67,84.71,84.58,84.71,66
1785206400,2026-07-28T02:40:00.000Z,0,0,,84.72,84.72,84.5,84.5,147
1785206700,2026-07-28T02:45:00.000Z,0,0,,84.54,84.58,84.5,84.5,116
1785207000,2026-07-28T02:50:00.000Z,0,0,,84.51,84.52,84.19,84.25,259
1785207300,2026-07-28T02:55:00.000Z,0,0,,84.22,84.29,84.19,84.29,74
1785207600,2026-07-28T03:00:00.000Z,0,0,,84.33,84.41,84.09,84.17,136
1785207900,2026-07-28T03:05:00.000Z,0,0,,84.16,84.33,84.16,84.29,80
1785208200,2026-07-28T03:10:00.000Z,0,0,,84.31,84.41,84.29,84.37,71
1785208500,2026-07-28T03:15:00.000Z,0,0,,84.35,84.6,84.29,84.52,86
1785208800,2026-07-28T03:20:00.000Z,0,0,,84.52,84.62,84.48,84.55,46
1785209100,2026-07-28T03:25:00.000Z,0,0,,84.55,84.69,84.52,84.68,69
1785209400,2026-07-28T03:30:00.000Z,0,0,,84.67,84.78,84.63,84.73,46
1785209700,2026-07-28T03:35:00.000Z,0,0,,84.74,84.85,84.74,84.8,29
1785210000,2026-07-28T03:40:00.000Z,0,0,,84.83,84.86,84.73,84.78,35
1785210300,2026-07-28T03:45:00.000Z,0,0,,84.75,84.78,84.72,84.76,19
1785210600,2026-07-28T03:50:00.000Z,0,0,,84.75,84.84,84.73,84.81,28
1785210900,2026-07-28T03:55:00.000Z,0,0,,84.84,84.87,84.75,84.84,22
1785211200,2026-07-28T04:00:00.000Z,0,0,,84.85,84.87,84.82,84.83,20
1785211500,2026-07-28T04:05:00.000Z,0,0,,84.84,84.98,84.84,84.91,52
1785211800,2026-07-28T04:10:00.000Z,0,0,,84.92,85.12,84.89,85.12,70
1785212100,2026-07-28T04:15:00.000Z,0,0,,85.11,85.2,84.95,84.97,36
1785212400,2026-07-28T04:20:00.000Z,0,0,,84.92,84.97,84.86,84.92,29
1785212700,2026-07-28T04:25:00.000Z,0,0,,84.96,84.98,84.91,84.92,19
1785213000,2026-07-28T04:30:00.000Z,0,0,,84.94,84.99,84.92,84.99,25
1785213300,2026-07-28T04:35:00.000Z,0,0,,84.97,84.99,84.93,84.93,8
1785213600,2026-07-28T04:40:00.000Z,0,0,,84.92,84.97,84.83,84.93,21
1785213900,2026-07-28T04:45:00.000Z,0,0,,84.9,84.94,84.84,84.86,27
1785214200,2026-07-28T04:50:00.000Z,0,0,,84.9,84.91,84.85,84.9,21
1785214500,2026-07-28T04:55:00.000Z,0,0,,84.89,84.89,84.81,84.86,26
1785214800,2026-07-28T05:00:00.000Z,0,0,,84.84,84.91,84.81,84.83,19
1785215100,2026-07-28T05:05:00.000Z,0,0,,84.81,84.86,84.8,84.84,17
1785215400,2026-07-28T05:10:00.000Z,0,0,,84.83,84.86,84.77,84.82,21
1785215700,2026-07-28T05:15:00.000Z,0,0,,84.82,84.87,84.74,84.86,24
1785216000,2026-07-28T05:20:00.000Z,0,0,,84.84,84.84,84.71,84.75,49
1785216300,2026-07-28T05:25:00.000Z,0,0,,84.71,84.84,84.68,84.84,68
1785216600,2026-07-28T05:30:00.000Z,0,0,,84.87,85.21,84.86,85.21,213
1785216900,2026-07-28T05:35:00.000Z,0,0,,85.2,85.57,85.15,85.57,150
1785217200,2026-07-28T05:40:00.000Z,0,0,,85.48,85.53,85.45,85.51,10
1785217500,2026-07-28T05:45:00.000Z,0,0,,85.27,85.27,85.25,85.25,2
1785217800,2026-07-28T05:50:00.000Z,0,0,,85.21,85.28,85.21,85.28,5
1785218100,2026-07-28T05:55:00.000Z,0,0,,85.48,85.48,85.32,85.36,6
1785218400,2026-07-28T06:00:00.000Z,0,0,,85.42,85.42,85.18,85.25,17
1785218700,2026-07-28T06:05:00.000Z,0,0,,85.49,85.49,85.46,85.46,2
1785219000,2026-07-28T06:10:00.000Z,0,0,,85.42,85.44,85.34,85.34,11
1785219300,2026-07-28T06:15:00.000Z,0,0,,85.29,85.35,85.25,85.29,9
1785219600,2026-07-28T06:20:00.000Z,0,0,,85.27,85.27,85.24,85.25,5
1785219900,2026-07-28T06:25:00.000Z,0,0,,85.19,85.19,85,85.05,9
1785220200,2026-07-28T06:30:00.000Z,0,0,,85.05,85.05,84.6,84.61,39
1785220500,2026-07-28T06:35:00.000Z,0,0,,84.58,84.63,84.28,84.42,46
1785220800,2026-07-28T06:40:00.000Z,0,0,,84.47,84.47,84.01,84.1,12
1785221100,2026-07-28T06:45:00.000Z,0,0,,84.13,84.26,84,84.12,212
1785221400,2026-07-28T06:50:00.000Z,0,0,,84.13,84.19,83.81,83.87,310
1785221700,2026-07-28T06:55:00.000Z,0,0,,83.86,83.94,83.66,83.91,290
1785222000,2026-07-28T07:00:00.000Z,0,0,,83.9,84.27,83.78,84.22,388
1785222300,2026-07-28T07:05:00.000Z,0,0,,84.21,84.31,84.01,84.07,270
1785222600,2026-07-28T07:10:00.000Z,0,0,,84.1,84.5,84.09,84.5,204
1785222900,2026-07-28T07:15:00.000Z,0,0,,84.52,84.55,84.31,84.35,190
1785223200,2026-07-28T07:20:00.000Z,0,0,,84.33,84.33,84.1,84.25,264
1785223500,2026-07-28T07:25:00.000Z,0,0,,84.24,84.5,84.13,84.4,249
1785223800,2026-07-28T07:30:00.000Z,0,0,,84.43,84.55,84.32,84.47,208
1785224100,2026-07-28T07:35:00.000Z,0,0,,84.45,84.7,84.36,84.52,247
1785224400,2026-07-28T07:40:00.000Z,0,0,,84.53,84.61,84.46,84.59,178
1785224700,2026-07-28T07:45:00.000Z,0,0,,84.56,84.6,84.44,84.45,131
1785225000,2026-07-28T07:50:00.000Z,0,0,,84.47,84.48,83.72,83.78,530
1785225300,2026-07-28T07:55:00.000Z,0,0,,83.76,83.93,83.7,83.93,288
1785225600,2026-07-28T08:00:00.000Z,0,0,,83.91,83.98,83.77,83.9,278
1785225900,2026-07-28T08:05:00.000Z,0,0,,83.92,83.96,83.62,83.82,328
1785226200,2026-07-28T08:10:00.000Z,0,0,,83.8,83.99,83.62,83.87,380
1785226500,2026-07-28T08:15:00.000Z,0,0,,83.9,84.01,83.63,83.84,720
1785226800,2026-07-28T08:20:00.000Z,0,0,,83.86,83.87,83.37,83.51,698
1785227100,2026-07-28T08:25:00.000Z,0,0,,83.53,83.64,83.31,83.33,1488
1785227400,2026-07-28T08:30:00.000Z,0,0,,83.35,83.61,83.24,83.27,719
1785227700,2026-07-28T08:35:00.000Z,0,0,,83.29,83.37,83.12,83.33,388
1785228000,2026-07-28T08:40:00.000Z,0,0,,83.32,83.46,83.17,83.26,335
1785228300,2026-07-28T08:45:00.000Z,0,0,,83.3,83.3,83.02,83.16,340
1785228600,2026-07-28T08:50:00.000Z,0,0,,83.18,83.24,82.78,83.16,529
1785228900,2026-07-28T08:55:00.000Z,0,0,,83.19,83.34,83.14,83.27,240
1785229200,2026-07-28T09:00:00.000Z,0,0,,83.28,83.69,83.28,83.62,348
1785229500,2026-07-28T09:05:00.000Z,1,0,,83.64,83.74,83.48,83.66,339
1785229800,2026-07-28T09:10:00.000Z,0,0,,83.67,83.96,83.65,83.92,444
1785230100,2026-07-28T09:15:00.000Z,0,0,,83.93,84.08,83.78,83.84,312
1785230400,2026-07-28T09:20:00.000Z,0,0,,83.86,83.87,83.56,83.58,208
1785230700,2026-07-28T09:25:00.000Z,0,0,,83.59,83.61,83.39,83.44,159
1785231000,2026-07-28T09:30:00.000Z,0,0,,83.45,83.76,83.41,83.61,188
1785231300,2026-07-28T09:35:00.000Z,0,0,,83.6,83.87,83.59,83.84,161
1785231600,2026-07-28T09:40:00.000Z,0,0,,83.84,83.87,83.65,83.78,135
1785231900,2026-07-28T09:45:00.000Z,0,0,,83.77,83.91,83.71,83.88,109
1785232200,2026-07-28T09:50:00.000Z,0,0,,83.86,83.87,83.6,83.67,156
1785232500,2026-07-28T09:55:00.000Z,0,0,,83.71,83.73,83.61,83.68,117
1785232800,2026-07-28T10:00:00.000Z,0,0,,83.7,83.83,83.65,83.81,145
1785233100,2026-07-28T10:05:00.000Z,0,0,,83.82,83.94,83.78,83.87,83
1785233400,2026-07-28T10:10:00.000Z,0,0,,83.88,83.91,83.73,83.85,93
1785233700,2026-07-28T10:15:00.000Z,0,0,,83.84,84.11,83.84,84.08,164
1785234000,2026-07-28T10:20:00.000Z,0,0,,84.07,84.18,84,84.12,173
1785234300,2026-07-28T10:25:00.000Z,0,0,,84.14,84.3,84.1,84.24,168
1785234600,2026-07-28T10:30:00.000Z,0,0,,84.26,84.31,84.14,84.15,132
1785234900,2026-07-28T10:35:00.000Z,0,0,,84.12,84.5,83.89,83.99,684
1785235200,2026-07-28T10:40:00.000Z,0,0,,83.98,84.13,83.96,84.04,92
1785235500,2026-07-28T10:45:00.000Z,0,0,,84.02,84.13,83.95,84.07,86
1785235800,2026-07-28T10:50:00.000Z,0,0,,84.06,84.12,83.95,84.02,102
1785236100,2026-07-28T10:55:00.000Z,0,0,,84.06,84.16,83.98,84.13,127
1785236400,2026-07-28T11:00:00.000Z,0,0,,84.14,84.14,83.95,84.02,105
1785236700,2026-07-28T11:05:00.000Z,0,0,,84.01,84.29,83.99,84.26,139
1785237000,2026-07-28T11:10:00.000Z,0,0,,84.3,84.31,84.18,84.2,109
1785237300,2026-07-28T11:15:00.000Z,0,0,,84.21,84.21,83.66,83.99,589
1785237600,2026-07-28T11:20:00.000Z,0,0,,83.98,84.14,83.96,84.14,149
1785237900,2026-07-28T11:25:00.000Z,0,0,,84.16,84.26,84.09,84.23,197
1785238200,2026-07-28T11:30:00.000Z,0,0,,84.26,84.38,84.18,84.35,279
1785238500,2026-07-28T11:35:00.000Z,0,0,,84.36,84.6,84.32,84.56,257
1785238800,2026-07-28T11:40:00.000Z,0,0,,84.57,84.69,84.5,84.58,203
1785239100,2026-07-28T11:45:00.000Z,0,0,,84.62,84.69,84.52,84.64,137
1785239400,2026-07-28T11:50:00.000Z,0,0,,84.67,84.74,84.6,84.71,153
1785239700,2026-07-28T11:55:00.000Z,0,0,,84.72,84.72,84.5,84.58,150
1785240000,2026-07-28T12:00:00.000Z,0,0,,84.6,84.61,84.32,84.33,173
1785240300,2026-07-28T12:05:00.000Z,0,0,,84.35,84.43,84.22,84.33,162
1785240600,2026-07-28T12:10:00.000Z,0,0,,84.36,84.57,84.35,84.48,146
1785240900,2026-07-28T12:15:00.000Z,0,0,,84.47,84.62,84.43,84.55,152
1785241200,2026-07-28T12:20:00.000Z,0,0,,84.56,84.57,84.23,84.24,149
1785241500,2026-07-28T12:25:00.000Z,0,0,,84.25,84.52,84.21,84.46,148
1785241800,2026-07-28T12:30:00.000Z,0,0,,84.45,84.51,84.24,84.33,326
1785242100,2026-07-28T12:35:00.000Z,0,0,,84.31,84.35,83.91,84.06,473
1785242400,2026-07-28T12:40:00.000Z,0,0,,84.04,84.14,83.88,84.03,283
1785242700,2026-07-28T12:45:00.000Z,0,0,,84.01,84.05,83.91,84.01,183
1785243000,2026-07-28T12:50:00.000Z,0,0,,84.02,84.03,83.75,83.79,245
1785243300,2026-07-28T12:55:00.000Z,0,0,,83.8,83.81,83.58,83.72,379
1785243600,2026-07-28T13:00:00.000Z,0,0,,83.74,84.28,83.74,84.22,446
1785243900,2026-07-28T13:05:00.000Z,0,0,,84.2,84.27,84.03,84.16,219
1785244200,2026-07-28T13:10:00.000Z,0,0,,84.17,84.28,84.15,84.2,161
1785244500,2026-07-28T13:15:00.000Z,0,0,,84.19,84.25,84.08,84.11,115
1785244800,2026-07-28T13:20:00.000Z,0,0,,84.13,84.13,83.82,83.92,276
1785245100,2026-07-28T13:25:00.000Z,0,0,,83.94,84.18,83.88,83.99,195
1785245400,2026-07-28T13:30:00.000Z,0,0,,84.01,84.05,83.59,83.66,316
1785245700,2026-07-28T13:35:00.000Z,0,0,,83.67,83.93,83.59,83.8,286
1785246000,2026-07-28T13:40:00.000Z,0,0,,83.83,83.85,83.63,83.81,183
1785246300,2026-07-28T13:45:00.000Z,0,0,,83.83,84.09,83.79,84.03,276
1785246600,2026-07-28T13:50:00.000Z,0,0,,84.04,84.15,83.98,84.08,325
1785246900,2026-07-28T13:55:00.000Z,0,0,,84.11,84.27,84.03,84.06,302
1785247200,2026-07-28T14:00:00.000Z,0,0,,84.07,84.45,84.02,84.37,378
1785247500,2026-07-28T14:05:00.000Z,0,0,,84.4,84.45,84.16,84.22,274
1785247800,2026-07-28T14:10:00.000Z,0,0,,84.21,84.3,84.01,84.03,316
1785248100,2026-07-28T14:15:00.000Z,0,0,,84.02,84.04,83.84,83.97,301
1785248400,2026-07-28T14:20:00.000Z,0,0,,83.95,84.01,83.82,83.99,255
1785248700,2026-07-28T14:25:00.000Z,0,0,,84.01,84.04,83.63,83.76,328
1785249000,2026-07-28T14:30:00.000Z,0,0,,83.78,83.84,83.56,83.76,377
1785249300,2026-07-28T14:35:00.000Z,0,0,,83.79,83.89,83.54,83.85,452
1785249600,2026-07-28T14:40:00.000Z,0,0,,83.88,84.07,83.79,84.02,442
1785249900,2026-07-28T14:45:00.000Z,0,0,,84.05,84.09,83.91,84.01,275
1785250200,2026-07-28T14:50:00.000Z,0,0,,84.01,84.17,83.94,83.95,260
1785250500,2026-07-28T14:55:00.000Z,0,0,,83.99,84.12,83.95,84.04,168
1785250800,2026-07-28T15:00:00.000Z,0,0,,84.05,84.09,83.83,84.05,396
1785251100,2026-07-28T15:05:00.000Z,0,0,,84.06,84.13,83.79,83.79,394
1785251400,2026-07-28T15:10:00.000Z,0,0,,83.8,83.95,82.98,83.18,1871
1785251700,2026-07-28T15:15:00.000Z,0,0,,83.18,83.29,82.5,82.5,1620
1785252000,2026-07-28T15:20:00.000Z,0,0,,82.51,82.79,82.18,82.55,1269
1785252300,2026-07-28T15:25:00.000Z,0,0,,82.57,82.62,82.1,82.34,1509
1785252600,2026-07-28T15:30:00.000Z,0,0,,82.37,82.41,81.93,82.07,1319
1785252900,2026-07-28T15:35:00.000Z,0,0,,82.09,82.25,81.83,82.19,754
1785253200,2026-07-28T15:40:00.000Z,0,0,,82.2,82.29,81.84,81.93,595
1785253500,2026-07-28T15:45:00.000Z,0,0,,81.94,82.19,81.89,82.18,403
1785253800,2026-07-28T15:50:00.000Z,0,0,,82.2,82.2,81.48,81.51,749
1785254100,2026-07-28T15:55:00.000Z,0,0,,81.54,81.57,81.19,81.26,960
1785254400,2026-07-28T16:00:00.000Z,0,0,,81.28,81.57,81.27,81.5,609
1785254700,2026-07-28T16:05:00.000Z,0,0,,81.51,81.68,81.46,81.54,579
1785255000,2026-07-28T16:10:00.000Z,0,0,,81.56,81.68,81.34,81.37,441
1785255300,2026-07-28T16:15:00.000Z,0,0,,81.36,81.39,81.1,81.11,547
1785255600,2026-07-28T16:20:00.000Z,0,0,,81.12,81.46,81.1,81.37,342
1785255900,2026-07-28T16:25:00.000Z,0,0,,81.38,81.4,81.1,81.19,308
1785256200,2026-07-28T16:30:00.000Z,0,0,,81.2,81.32,80.76,81.01,732
1785256500,2026-07-28T16:35:00.000Z,0,0,,81,81.01,80.73,80.79,466
1785256800,2026-07-28T16:40:00.000Z,0,0,,80.79,81.07,80.67,81.06,475
1785257100,2026-07-28T16:45:00.000Z,0,0,,81.08,81.7,81,81.64,755
1785257400,2026-07-28T16:50:00.000Z,0,0,,81.62,81.62,81.19,81.2,373
1785257700,2026-07-28T16:55:00.000Z,0,0,,81.21,81.51,81.19,81.44,223
1785258000,2026-07-28T17:00:00.000Z,0,0,,81.46,81.63,81.36,81.4,274
1785258300,2026-07-28T17:05:00.000Z,0,0,,81.4,81.49,81.17,81.39,479
1785258600,2026-07-28T17:10:00.000Z,0,0,,81.37,81.81,81.31,81.7,599
1785258900,2026-07-28T17:15:00.000Z,0,0,,81.69,82.03,81.63,81.79,464
1785259200,2026-07-28T17:20:00.000Z,0,0,,81.81,81.85,81.11,81.82,1154
1785259500,2026-07-28T17:25:00.000Z,0,0,,81.85,82.02,81.74,82,321
1785259800,2026-07-28T17:30:00.000Z,0,0,,82.03,82.09,81.78,81.82,305
1785260100,2026-07-28T17:35:00.000Z,0,0,,81.86,82.08,81.79,82.03,230
1785260400,2026-07-28T17:40:00.000Z,0,0,,82.02,82.21,81.99,82.12,277
1785260700,2026-07-28T17:45:00.000Z,0,0,,82.11,82.29,81.99,82.01,279
1785261000,2026-07-28T17:50:00.000Z,0,0,,82.02,82.23,81.96,82.17,260
1785261300,2026-07-28T17:55:00.000Z,0,0,,82.2,82.44,82.13,82.18,349
1785261600,2026-07-28T18:00:00.000Z,0,0,,82.2,82.21,81.91,81.93,406
1785261900,2026-07-28T18:05:00.000Z,0,0,,81.96,81.97,81.68,81.72,344
1785262200,2026-07-28T18:10:00.000Z,0,0,,81.74,81.86,81.65,81.82,287
1785262500,2026-07-28T18:15:00.000Z,0,0,,81.83,82.1,81.79,81.86,285
1785262800,2026-07-28T18:20:00.000Z,0,0,,81.88,81.97,81.79,81.81,269
1785263100,2026-07-28T18:25:00.000Z,0,0,,81.82,82.18,81.62,82.12,1229
1785263400,2026-07-28T18:30:00.000Z,0,0,,82.14,82.25,82.04,82.06,282
1785263700,2026-07-28T18:35:00.000Z,0,0,,82.08,82.12,81.94,82,193
1785264000,2026-07-28T18:40:00.000Z,0,0,,82.03,82.11,81.96,82.07,124
1785264300,2026-07-28T18:45:00.000Z,0,0,,82.05,82.1,81.96,81.98,126
1785264600,2026-07-28T18:50:00.000Z,0,0,,81.97,82.01,81.74,81.94,182
1785264900,2026-07-28T18:55:00.000Z,0,0,,81.96,82.02,81.89,81.97,90
1785265200,2026-07-28T19:00:00.000Z,0,0,,82,82.02,81.79,81.82,92
1785265500,2026-07-28T19:05:00.000Z,0,0,,81.81,81.89,81.76,81.85,95
1785265800,2026-07-28T19:10:00.000Z,0,0,,81.84,81.93,81.81,81.89,81
1785266100,2026-07-28T19:15:00.000Z,0,0,,81.9,81.9,81.78,81.81,45
1785266400,2026-07-28T19:20:00.000Z,0,0,,81.8,81.85,81.73,81.75,63
1785266700,2026-07-28T19:25:00.000Z,0,0,,81.79,81.79,81.7,81.75,41
1785267000,2026-07-28T19:30:00.000Z,0,0,,81.72,81.86,81.7,81.73,90
1785267300,2026-07-28T19:35:00.000Z,0,0,,81.72,81.84,81.71,81.77,64
1785267600,2026-07-28T19:40:00.000Z,0,0,,81.75,81.85,81.72,81.81,70
1785267900,2026-07-28T19:45:00.000Z,0,0,,81.83,81.86,81.7,81.7,77
1785268200,2026-07-28T19:50:00.000Z,0,0,,81.72,81.82,81.68,81.8,46
1785268500,2026-07-28T19:55:00.000Z,0,0,,81.81,81.92,81.75,81.87,80
1785268800,2026-07-28T20:00:00.000Z,0,0,,81.89,82,81.88,81.96,60
1785269100,2026-07-28T20:05:00.000Z,0,0,,81.94,81.97,81.87,81.93,39
1785269400,2026-07-28T20:10:00.000Z,0,0,,81.92,81.97,81.87,81.96,55
1785269700,2026-07-28T20:15:00.000Z,0,0,,81.94,81.96,81.85,81.85,45
1785270000,2026-07-28T20:20:00.000Z,0,0,,81.82,81.96,81.78,81.95,122
1785270300,2026-07-28T20:25:00.000Z,0,0,,81.94,82.01,81.93,81.98,47
1785270600,2026-07-28T20:30:00.000Z,0,0,,81.99,81.99,81.75,81.75,72
1785270900,2026-07-28T20:35:00.000Z,0,0,,81.76,82.04,81.75,82,174
1785271200,2026-07-28T20:40:00.000Z,0,0,,82.01,82.03,81.82,81.85,25
1785271500,2026-07-28T20:45:00.000Z,0,0,,81.85,81.99,81.84,81.99,36
1785271800,2026-07-28T20:50:00.000Z,0,0,,82,82.01,81.83,81.99,41
1785272100,2026-07-28T20:55:00.000Z,0,0,,81.97,82,81.8,81.8,44
1785272400,2026-07-28T21:00:00.000Z,0,0,,81.85,81.88,81.79,81.85,13
1785272700,2026-07-28T21:05:00.000Z,0,0,,81.86,82.51,81.86,82.5,81
1785273000,2026-07-28T21:10:00.000Z,0,0,,82.36,82.58,82.36,82.5,28
1785273300,2026-07-28T21:15:00.000Z,0,0,,82.52,82.59,82.52,82.53,16
1785273600,2026-07-28T21:20:00.000Z,0,0,,82.52,82.67,82.52,82.64,14
1785273900,2026-07-28T21:25:00.000Z,0,0,,82.69,82.75,82.61,82.75,16
1785274200,2026-07-28T21:30:00.000Z,0,0,,82.71,82.81,82.69,82.8,9
1785274500,2026-07-28T21:35:00.000Z,0,0,,82.81,82.88,82.74,82.74,24
1785274800,2026-07-28T21:40:00.000Z,0,0,,82.76,82.81,82.71,82.81,7
1785275100,2026-07-28T21:45:00.000Z,0,0,,82.83,82.93,82.81,82.82,14
1785275400,2026-07-28T21:50:00.000Z,0,0,,82.85,83.03,82.84,83.02,50
1785275700,2026-07-28T21:55:00.000Z,0,0,,83.02,83.09,82.87,83,34
1785283200,2026-07-29T00:00:00.000Z,0,0,,84,84.58,83.95,84.34,589
1785283500,2026-07-29T00:05:00.000Z,0,0,,84.35,84.6,84.34,84.55,172
1785283800,2026-07-29T00:10:00.000Z,0,0,,84.56,84.63,84.44,84.44,91
1785284100,2026-07-29T00:15:00.000Z,0,0,,84.42,84.52,84.29,84.44,105
1785284400,2026-07-29T00:20:00.000Z,0,0,,84.42,84.48,84.08,84.17,190
1785284700,2026-07-29T00:25:00.000Z,0,0,,84.16,84.34,84.16,84.27,96
1785285000,2026-07-29T00:30:00.000Z,0,0,,84.29,84.69,84.29,84.67,160
1785285300,2026-07-29T00:35:00.000Z,0,0,,84.68,84.94,84.67,84.94,179
1785285600,2026-07-29T00:40:00.000Z,0,0,,84.92,84.96,84.79,84.79,131
1785285900,2026-07-29T00:45:00.000Z,0,0,,84.79,85.01,84.76,84.94,94
1785286200,2026-07-29T00:50:00.000Z,0,0,,84.93,84.96,84.81,84.82,55
1785286500,2026-07-29T00:55:00.000Z,0,0,,84.8,84.89,84.7,84.85,121
1785286800,2026-07-29T01:00:00.000Z,0,0,,84.82,85.12,84.79,84.93,328
1785287100,2026-07-29T01:05:00.000Z,0,0,,84.96,85.08,84.84,85.03,191
1785287400,2026-07-29T01:10:00.000Z,0,0,,85.06,85.36,84.93,85.36,223
1785287700,2026-07-29T01:15:00.000Z,0,0,,85.33,85.45,85.2,85.26,257
1785288000,2026-07-29T01:20:00.000Z,0,0,,85.29,85.3,85.14,85.19,114
1785288300,2026-07-29T01:25:00.000Z,0,0,,85.21,85.22,85.03,85.07,111
1785288600,2026-07-29T01:30:00.000Z,0,0,,85.1,85.63,85.1,85.6,159
1785288900,2026-07-29T01:35:00.000Z,0,0,,85.59,85.61,85.48,85.54,81
1785289200,2026-07-29T01:40:00.000Z,0,0,,85.55,85.58,85.43,85.46,57
1785289500,2026-07-29T01:45:00.000Z,0,0,,85.48,85.51,85.37,85.38,77
1785289800,2026-07-29T01:50:00.000Z,0,0,,85.38,85.39,85.22,85.3,57
1785290100,2026-07-29T01:55:00.000Z,0,0,,85.29,85.33,85.14,85.27,74
1785290400,2026-07-29T02:00:00.000Z,0,0,,85.29,85.36,85.2,85.33,51
1785290700,2026-07-29T02:05:00.000Z,0,0,,85.31,85.32,85.16,85.16,48
1785291000,2026-07-29T02:10:00.000Z,0,0,,85.17,85.25,85.13,85.19,64
1785291300,2026-07-29T02:15:00.000Z,0,0,,85.2,85.21,85.1,85.14,58
1785291600,2026-07-29T02:20:00.000Z,0,0,,85.12,85.12,84.96,84.99,42
1785291900,2026-07-29T02:25:00.000Z,0,0,,84.99,85.02,84.93,84.93,47
1785292200,2026-07-29T02:30:00.000Z,0,0,,84.93,84.94,84.66,84.7,125
1785292500,2026-07-29T02:35:00.000Z,0,0,,84.71,84.74,84.62,84.72,93
1785292800,2026-07-29T02:40:00.000Z,0,0,,84.71,84.89,84.7,84.85,57
1785293100,2026-07-29T02:45:00.000Z,0,0,,84.84,84.85,84.7,84.72,39
1785293400,2026-07-29T02:50:00.000Z,0,0,,84.74,84.86,84.72,84.82,39
1785293700,2026-07-29T02:55:00.000Z,0,0,,84.83,84.91,84.76,84.87,28
1785294000,2026-07-29T03:00:00.000Z,0,0,,84.88,85.03,84.87,85.03,43
1785294300,2026-07-29T03:05:00.000Z,0,0,,84.97,85.09,84.97,85.07,55
1785294600,2026-07-29T03:10:00.000Z,0,0,,85.07,85.12,85.04,85.09,31
1785294900,2026-07-29T03:15:00.000Z,0,0,,85.08,85.13,84.99,85.12,92
1785295200,2026-07-29T03:20:00.000Z,0,0,,85.11,85.17,85.02,85.03,44
1785295500,2026-07-29T03:25:00.000Z,0,0,,85.05,85.09,84.97,85.01,27
1785295800,2026-07-29T03:30:00.000Z,0,0,,85.05,85.23,85.04,85.23,31
1785296100,2026-07-29T03:35:00.000Z,0,0,,85.21,85.21,85.12,85.15,35
1785296400,2026-07-29T03:40:00.000Z,0,0,,85.17,85.22,85.16,85.21,20
1785296700,2026-07-29T03:45:00.000Z,0,0,,85.19,85.22,85.13,85.21,16
1785297000,2026-07-29T03:50:00.000Z,0,0,,85.19,85.33,85.18,85.3,49
1785297300,2026-07-29T03:55:00.000Z,0,0,,85.33,85.37,85.29,85.31,25
1785297600,2026-07-29T04:00:00.000Z,0,0,,85.3,85.3,85.2,85.23,65
1785297900,2026-07-29T04:05:00.000Z,0,0,,85.24,85.26,85.15,85.19,28
1785298200,2026-07-29T04:10:00.000Z,0,0,,85.16,85.24,85.16,85.21,20
1785298500,2026-07-29T04:15:00.000Z,0,0,,85.2,85.27,85.14,85.16,31
1785298800,2026-07-29T04:20:00.000Z,0,0,,85.15,85.19,85.13,85.15,15
1785299100,2026-07-29T04:25:00.000Z,0,0,,85.17,85.21,85.08,85.08,22
1785299400,2026-07-29T04:30:00.000Z,0,0,,85.1,85.1,84.92,84.99,57
1785299700,2026-07-29T04:35:00.000Z,0,0,,84.97,84.98,84.86,84.92,35
1785300000,2026-07-29T04:40:00.000Z,0,0,,84.93,84.93,84.73,84.75,76
1785300300,2026-07-29T04:45:00.000Z,0,0,,84.78,84.79,84.65,84.67,78
1785300600,2026-07-29T04:50:00.000Z,0,0,,84.63,84.67,84.23,84.49,242
1785300900,2026-07-29T04:55:00.000Z,0,0,,84.51,84.69,84.5,84.67,34
1785301200,2026-07-29T05:00:00.000Z,0,0,,84.66,84.73,84.45,84.55,139
1785301500,2026-07-29T05:05:00.000Z,0,0,,84.53,84.57,84.38,84.47,79
1785301800,2026-07-29T05:10:00.000Z,0,0,,84.48,84.54,84.39,84.46,62
1785302100,2026-07-29T05:15:00.000Z,0,0,,84.44,84.49,84.35,84.45,144
1785302400,2026-07-29T05:20:00.000Z,0,0,,84.48,84.62,84.39,84.55,82
1785302700,2026-07-29T05:25:00.000Z,0,0,,84.56,84.6,84.41,84.44,75
1785303000,2026-07-29T05:30:00.000Z,0,0,,84.46,84.56,84.35,84.53,125
1785303300,2026-07-29T05:35:00.000Z,0,0,,84.55,84.62,84.46,84.6,82
1785303600,2026-07-29T05:40:00.000Z,0,0,,84.59,84.71,84.37,84.43,145
1785303900,2026-07-29T05:45:00.000Z,0,0,,84.45,84.57,84.4,84.54,73
1785304200,2026-07-29T05:50:00.000Z,0,0,,84.53,84.6,84.36,84.44,103
1785304500,2026-07-29T05:55:00.000Z,0,0,,84.47,84.71,84.34,84.67,137
1785304800,2026-07-29T06:00:00.000Z,0,0,,84.7,84.79,84.48,84.69,138
1785305100,2026-07-29T06:05:00.000Z,0,0,,84.71,84.93,84.63,84.83,147
1785305400,2026-07-29T06:10:00.000Z,0,0,,84.85,84.92,84.75,84.82,192
1785305700,2026-07-29T06:15:00.000Z,0,0,,84.83,84.89,84.66,84.85,148
1785306000,2026-07-29T06:20:00.000Z,0,0,,84.89,84.9,84.69,84.78,149
1785306300,2026-07-29T06:25:00.000Z,0,0,,84.79,84.87,84.7,84.85,84
1785306600,2026-07-29T06:30:00.000Z,0,0,,84.83,84.89,84.66,84.7,141
1785306900,2026-07-29T06:35:00.000Z,0,0,,84.72,84.8,84.51,84.53,128
1785307200,2026-07-29T06:40:00.000Z,0,0,,84.54,84.57,84.3,84.35,130
1785307500,2026-07-29T06:45:00.000Z,0,0,,84.36,84.54,84.31,84.54,145
1785307800,2026-07-29T06:50:00.000Z,0,0,,84.53,84.57,84.39,84.49,126
1785308100,2026-07-29T06:55:00.000Z,0,0,,84.48,84.69,84.48,84.64,160
1785308400,2026-07-29T07:00:00.000Z,0,0,,84.66,84.71,84.52,84.58,225
1785308700,2026-07-29T07:05:00.000Z,0,0,,84.6,84.6,84.39,84.39,194
1785309000,2026-07-29T07:10:00.000Z,0,0,,84.36,84.53,84.33,84.48,145
1785309300,2026-07-29T07:15:00.000Z,0,0,,84.46,84.82,84.44,84.82,191
1785309600,2026-07-29T07:20:00.000Z,0,0,,84.81,84.89,84.66,84.79,221
1785309900,2026-07-29T07:25:00.000Z,0,0,,84.79,84.85,84.62,84.78,234
1785310200,2026-07-29T07:30:00.000Z,0,0,,84.76,84.84,84.56,84.69,153
1785310500,2026-07-29T07:35:00.000Z,0,0,,84.68,84.68,84.36,84.38,141
1785310800,2026-07-29T07:40:00.000Z,0,0,,84.36,84.56,84.35,84.43,134
1785311100,2026-07-29T07:45:00.000Z,0,0,,84.46,84.77,84.45,84.77,107
1785311400,2026-07-29T07:50:00.000Z,0,0,,84.8,84.92,84.69,84.86,196
1785311700,2026-07-29T07:55:00.000Z,0,0,,84.88,84.95,84.63,84.66,235
1785312000,2026-07-29T08:00:00.000Z,0,0,,84.68,84.79,84.56,84.59,206
1785312300,2026-07-29T08:05:00.000Z,0,0,,84.62,84.81,84.47,84.77,300
1785312600,2026-07-29T08:10:00.000Z,0,0,,84.72,84.77,84.39,84.43,250
1785312900,2026-07-29T08:15:00.000Z,0,0,,84.46,84.52,84.26,84.47,284
1785313200,2026-07-29T08:20:00.000Z,0,0,,84.48,84.75,84.43,84.7,404
1785313500,2026-07-29T08:25:00.000Z,0,0,,84.71,84.98,84.61,84.84,1021
1785313800,2026-07-29T08:30:00.000Z,0,0,,84.86,85.01,84.69,84.8,433
1785314100,2026-07-29T08:35:00.000Z,0,0,,84.78,84.86,84.51,84.59,209
1785314400,2026-07-29T08:40:00.000Z,0,0,,84.62,84.77,84.54,84.61,173
1785314700,2026-07-29T08:45:00.000Z,0,0,,84.62,84.65,84.39,84.45,244
1785315000,2026-07-29T08:50:00.000Z,0,0,,84.44,84.58,84.3,84.56,210
1785315300,2026-07-29T08:55:00.000Z,0,0,,84.55,84.68,84.49,84.62,173
1785315600,2026-07-29T09:00:00.000Z,0,0,,84.67,84.89,84.64,84.86,216
1785315900,2026-07-29T09:05:00.000Z,0,0,,84.87,84.87,84.73,84.76,187
1785316200,2026-07-29T09:10:00.000Z,0,0,,84.77,84.79,84.68,84.71,121
1785316500,2026-07-29T09:15:00.000Z,0,0,,84.72,84.78,84.64,84.77,170
1785316800,2026-07-29T09:20:00.000Z,0,0,,84.78,84.84,84.54,84.63,189
1785317100,2026-07-29T09:25:00.000Z,0,0,,84.65,84.84,84.61,84.76,149
1785317400,2026-07-29T09:30:00.000Z,0,0,,84.77,84.99,84.68,84.95,156
1785317700,2026-07-29T09:35:00.000Z,0,0,,84.96,85.1,84.88,84.94,188
1785318000,2026-07-29T09:40:00.000Z,0,0,,84.96,84.96,84.83,84.9,140
1785318300,2026-07-29T09:45:00.000Z,0,0,,84.89,84.9,84.76,84.84,87
1785318600,2026-07-29T09:50:00.000Z,0,0,,84.85,84.95,84.78,84.93,143
1785318900,2026-07-29T09:55:00.000Z,0,0,,84.94,85.09,84.88,84.89,196
1785319200,2026-07-29T10:00:00.000Z,0,0,,84.93,85.02,84.74,84.8,180
1785319500,2026-07-29T10:05:00.000Z,0,0,,84.79,85.35,84.75,85.16,702
1785319800,2026-07-29T10:10:00.000Z,0,0,,85.17,85.41,85.1,85.32,276
1785320100,2026-07-29T10:15:00.000Z,0,0,,85.31,85.44,85.19,85.31,254
1785320400,2026-07-29T10:20:00.000Z,0,0,,85.34,85.48,85.3,85.35,203
1785320700,2026-07-29T10:25:00.000Z,0,0,,85.35,85.47,85.21,85.47,289
1785321000,2026-07-29T10:30:00.000Z,0,0,,85.48,85.5,85.34,85.47,131
1785321300,2026-07-29T10:35:00.000Z,0,0,,85.49,85.83,85.43,85.82,267
1785321600,2026-07-29T10:40:00.000Z,0,0,,85.83,85.86,85.62,85.69,333
1785321900,2026-07-29T10:45:00.000Z,0,0,,85.71,85.86,85.67,85.85,183
1785322200,2026-07-29T10:50:00.000Z,0,0,,85.86,85.96,85.81,85.94,236
1785322500,2026-07-29T10:55:00.000Z,0,0,,85.96,86,85.86,85.88,196
1785322800,2026-07-29T11:00:00.000Z,0,0,,85.89,85.97,85.79,85.87,218
1785323100,2026-07-29T11:05:00.000Z,0,0,,85.88,85.91,85.73,85.76,114
1785323400,2026-07-29T11:10:00.000Z,0,0,,85.77,85.89,85.77,85.87,94
1785323700,2026-07-29T11:15:00.000Z,0,0,,85.89,85.9,85.7,85.82,150
1785324000,2026-07-29T11:20:00.000Z,0,0,,85.84,85.91,85.76,85.83,111
1785324300,2026-07-29T11:25:00.000Z,0,0,,85.81,85.82,85.5,85.56,188
1785324600,2026-07-29T11:30:00.000Z,0,0,,85.57,85.73,85.53,85.67,179
1785324900,2026-07-29T11:35:00.000Z,0,0,,85.65,85.68,85.53,85.57,176
1785325200,2026-07-29T11:40:00.000Z,0,0,,85.54,85.68,85.51,85.65,151
1785325500,2026-07-29T11:45:00.000Z,0,0,,85.64,85.74,85,85.2,728
1785325800,2026-07-29T11:50:00.000Z,0,0,,85.22,85.49,85.19,85.42,251
1785326100,2026-07-29T11:55:00.000Z,0,0,,85.43,85.45,85.22,85.22,178
1785326400,2026-07-29T12:00:00.000Z,0,0,,85.25,85.4,85.18,85.39,218
1785326700,2026-07-29T12:05:00.000Z,0,0,,85.38,85.59,85.33,85.54,207
1785327000,2026-07-29T12:10:00.000Z,0,0,,85.53,85.79,85.5,85.7,315
1785327300,2026-07-29T12:15:00.000Z,0,0,,85.69,87.08,85.68,87.04,2190
1785327600,2026-07-29T12:20:00.000Z,0,0,,87.03,87.08,86.61,86.99,726
1785327900,2026-07-29T12:25:00.000Z,0,0,,87.01,87.09,86.79,86.99,474
1785328200,2026-07-29T12:30:00.000Z,0,0,,87.03,87.22,86.8,86.8,443
1785328500,2026-07-29T12:35:00.000Z,0,0,,86.82,86.88,86.54,86.63,482
1785328800,2026-07-29T12:40:00.000Z,0,0,,86.66,86.72,86.59,86.64,203
1785329100,2026-07-29T12:45:00.000Z,0,0,,86.62,86.74,86.51,86.63,247
1785329400,2026-07-29T12:50:00.000Z,0,0,,86.69,86.98,86.67,86.97,330
1785329700,2026-07-29T12:55:00.000Z,0,0,,86.98,87.07,86.78,86.85,338
1785330000,2026-07-29T13:00:00.000Z,0,0,,86.88,87.11,86.61,86.96,487
1785330300,2026-07-29T13:05:00.000Z,0,0,,86.95,87.06,86.83,86.84,302
1785330600,2026-07-29T13:10:00.000Z,0,0,,86.84,86.93,86.75,86.76,234
1785330900,2026-07-29T13:15:00.000Z,0,0,,86.78,86.92,86.62,86.89,286
1785331200,2026-07-29T13:20:00.000Z,0,0,,86.9,86.97,86.63,86.67,281
1785331500,2026-07-29T13:25:00.000Z,0,0,,86.66,86.82,86.62,86.79,190
1785331800,2026-07-29T13:30:00.000Z,0,0,,86.81,87.12,86.76,86.97,479
1785332100,2026-07-29T13:35:00.000Z,0,0,,87,87.06,86.75,86.78,335
1785332400,2026-07-29T13:40:00.000Z,0,0,,86.81,86.93,86.72,86.93,202
1785332700,2026-07-29T13:45:00.000Z,0,0,,86.94,87.27,86.88,87.1,427
1785333000,2026-07-29T13:50:00.000Z,0,0,,87.13,87.27,87.08,87.23,272
1785333300,2026-07-29T13:55:00.000Z,0,0,,87.24,87.34,87.2,87.26,285
1785333600,2026-07-29T14:00:00.000Z,0,0,,87.27,87.29,87.02,87.08,277
1785333900,2026-07-29T14:05:00.000Z,0,0,,87.09,87.11,86.85,87.01,344
1785334200,2026-07-29T14:10:00.000Z,0,0,,87.02,87.07,86.9,87.02,278
1785334500,2026-07-29T14:15:00.000Z,0,0,,87.03,87.2,86.96,87.05,333
1785334800,2026-07-29T14:20:00.000Z,0,0,,87.06,87.1,86.91,87.05,335
1785335100,2026-07-29T14:25:00.000Z,0,0,,87.07,87.45,87.07,87.43,357
1785335400,2026-07-29T14:30:00.000Z,0,0,,87.42,87.58,87.37,87.42,511
1785335700,2026-07-29T14:35:00.000Z,0,0,,87.44,87.56,87.36,87.38,415
1785336000,2026-07-29T14:40:00.000Z,0,0,,87.4,87.65,87.36,87.58,399
1785336300,2026-07-29T14:45:00.000Z,0,0,,87.59,87.79,87.59,87.67,435
1785336600,2026-07-29T14:50:00.000Z,0,0,,87.71,87.84,87.52,87.79,443
1785336900,2026-07-29T14:55:00.000Z,0,0,,87.82,88,87.68,87.9,568
1785337200,2026-07-29T15:00:00.000Z,0,0,,87.93,88.13,87.89,87.97,736
1785337500,2026-07-29T15:05:00.000Z,0,0,,87.99,88.01,87.69,87.73,467
1785337800,2026-07-29T15:10:00.000Z,0,0,,87.74,87.81,87.48,87.65,465
1785338100,2026-07-29T15:15:00.000Z,0,0,,87.66,88.04,87.64,88,424
1785338400,2026-07-29T15:20:00.000Z,0,0,,87.99,88.08,87.78,87.79,407
1785338700,2026-07-29T15:25:00.000Z,0,0,,87.83,87.96,87.65,87.76,793
1785339000,2026-07-29T15:30:00.000Z,0,0,,87.78,87.83,87.39,87.57,775
1785339300,2026-07-29T15:35:00.000Z,0,0,,87.58,87.67,87.45,87.47,269
1785339600,2026-07-29T15:40:00.000Z,0,0,,87.51,87.63,87.44,87.54,306
1785339900,2026-07-29T15:45:00.000Z,0,0,,87.53,87.58,87.39,87.56,262
1785340200,2026-07-29T15:50:00.000Z,0,0,,87.59,87.68,87.54,87.62,260
1785340500,2026-07-29T15:55:00.000Z,0,0,,87.65,87.99,87.63,87.93,383
1785340800,2026-07-29T16:00:00.000Z,0,0,,87.94,88.22,87.88,88.12,406
1785341100,2026-07-29T16:05:00.000Z,0,0,,88.12,88.13,87.9,88.05,348
1785341400,2026-07-29T16:10:00.000Z,0,0,,88.06,88.17,87.96,88.07,216
1785341700,2026-07-29T16:15:00.000Z,0,0,,88.09,88.13,87.74,87.94,242
1785342000,2026-07-29T16:20:00.000Z,0,0,,87.96,87.96,87.48,87.68,460
1785342300,2026-07-29T16:25:00.000Z,0,0,,87.67,87.72,87.49,87.49,368
1785342600,2026-07-29T16:30:00.000Z,0,0,,87.53,87.68,87.46,87.62,218
1785342900,2026-07-29T16:35:00.000Z,0,0,,87.64,87.77,87.56,87.72,209
1785343200,2026-07-29T16:40:00.000Z,0,0,,87.71,87.84,87.69,87.8,206
1785343500,2026-07-29T16:45:00.000Z,0,0,,87.81,87.84,87.73,87.78,133
1785343800,2026-07-29T16:50:00.000Z,0,0,,87.81,87.93,87.79,87.89,126
1785344100,2026-07-29T16:55:00.000Z,0,0,,87.9,87.92,87.83,87.83,108
1785344400,2026-07-29T17:00:00.000Z,0,0,,87.84,87.85,87.63,87.7,147
1785344700,2026-07-29T17:05:00.000Z,0,0,,87.7,87.78,87.66,87.75,88
1785345000,2026-07-29T17:10:00.000Z,0,0,,87.76,87.93,87.69,87.76,160
1785345300,2026-07-29T17:15:00.000Z,0,0,,87.78,87.88,87.76,87.8,119
1785345600,2026-07-29T17:20:00.000Z,0,0,,87.82,87.86,87.77,87.8,221
1785345900,2026-07-29T17:25:00.000Z,0,0,,87.78,87.94,87.58,87.63,332
1785346200,2026-07-29T17:30:00.000Z,0,0,,87.63,87.9,87.56,87.82,271
1785346500,2026-07-29T17:35:00.000Z,0,0,,87.79,87.79,87.54,87.56,173
1785346800,2026-07-29T17:40:00.000Z,0,0,,87.59,87.64,87.51,87.59,139
1785347100,2026-07-29T17:45:00.000Z,0,0,,87.58,87.7,87.51,87.68,187
1785347400,2026-07-29T17:50:00.000Z,0,0,,87.7,87.89,87.66,87.86,176
1785347700,2026-07-29T17:55:00.000Z,0,0,,87.85,87.9,87.8,87.84,105
1785348000,2026-07-29T18:00:00.000Z,0,0,,87.88,88.15,87.7,87.94,359
1785348300,2026-07-29T18:05:00.000Z,0,0,,87.95,88.01,87.87,87.91,336
1785348600,2026-07-29T18:10:00.000Z,0,0,,87.92,88.13,87.92,87.98,380
1785348900,2026-07-29T18:15:00.000Z,0,0,,87.96,88.3,87.85,88.26,596
1785349200,2026-07-29T18:20:00.000Z,0,0,,88.25,88.36,88.05,88.33,556
1785349500,2026-07-29T18:25:00.000Z,0,0,,88.34,88.38,87.97,88.08,1149
1785349800,2026-07-29T18:30:00.000Z,0,0,,88.11,88.43,88.07,88.3,359
1785350100,2026-07-29T18:35:00.000Z,0,0,,88.31,88.34,88.18,88.22,146
1785350400,2026-07-29T18:40:00.000Z,0,0,,88.21,88.26,87.98,88,217
1785350700,2026-07-29T18:45:00.000Z,0,0,,88.03,88.04,87.79,88.02,215
1785351000,2026-07-29T18:50:00.000Z,0,0,,88.04,88.09,87.93,87.95,164
1785351300,2026-07-29T18:55:00.000Z,0,1,,87.92,87.98,87.77,87.79,145
1785351600,2026-07-29T19:00:00.000Z,0,0,,87.81,87.84,87.67,87.76,179
1785351900,2026-07-29T19:05:00.000Z,0,0,,87.78,87.88,87.69,87.77,147
1785352200,2026-07-29T19:10:00.000Z,0,0,,87.8,87.84,87.62,87.81,206
1785352500,2026-07-29T19:15:00.000Z,0,0,,87.79,87.84,87.5,87.56,250
1785352800,2026-07-29T19:20:00.000Z,0,0,,87.55,88.11,87.49,87.87,829
1785353100,2026-07-29T19:25:00.000Z,0,0,,87.88,88.13,87.79,88.02,262
1785353400,2026-07-29T19:30:00.000Z,0,0,,88.05,88.59,88,88.41,375
1785353700,2026-07-29T19:35:00.000Z,0,0,,88.4,88.46,88.15,88.25,284
1785354000,2026-07-29T19:40:00.000Z,0,0,,88.27,88.39,88.16,88.2,183
1785354300,2026-07-29T19:45:00.000Z,0,0,,88.19,88.23,87.98,88.18,150
1785354600,2026-07-29T19:50:00.000Z,0,0,,88.22,88.4,88.18,88.38,183
1785354900,2026-07-29T19:55:00.000Z,0,0,,88.4,88.41,88.24,88.29,147
1785355200,2026-07-29T20:00:00.000Z,0,0,,88.29,88.36,88.15,88.18,95
1785355500,2026-07-29T20:05:00.000Z,0,0,,88.19,88.2,88.08,88.18,49
1785355800,2026-07-29T20:10:00.000Z,0,0,,88.17,88.28,88.13,88.21,48
1785356100,2026-07-29T20:15:00.000Z,0,0,,88.24,88.31,88.21,88.26,52
1785356400,2026-07-29T20:20:00.000Z,0,0,,88.27,88.49,88.23,88.47,61
1785356700,2026-07-29T20:25:00.000Z,0,0,,88.48,88.5,88.37,88.41,63
1785357000,2026-07-29T20:30:00.000Z,0,0,,88.37,88.39,88.25,88.31,45
1785357300,2026-07-29T20:35:00.000Z,0,0,,88.28,88.29,88.2,88.21,41
1785357600,2026-07-29T20:40:00.000Z,0,0,,88.22,88.23,88.12,88.14,52
1785357900,2026-07-29T20:45:00.000Z,0,0,,88.12,88.19,88.07,88.16,63
1785358200,2026-07-29T20:50:00.000Z,0,0,,88.1,88.19,88.02,88.03,67
1785358500,2026-07-29T20:55:00.000Z,0,0,,88.02,88.15,87.99,88.13,32
1785358800,2026-07-29T21:00:00.000Z,0,0,,88.11,88.12,88.07,88.07,7
1785359100,2026-07-29T21:05:00.000Z,0,0,,88.03,88.14,87.92,88.14,7
1785359700,2026-07-29T21:15:00.000Z,0,0,,88.12,88.12,88.12,88.12,1
1785360000,2026-07-29T21:20:00.000Z,0,0,,88.09,88.09,88.08,88.08,2
1785360300,2026-07-29T21:25:00.000Z,0,0,,88.09,88.14,88.09,88.14,4
1785360600,2026-07-29T21:30:00.000Z,0,0,,88.15,88.15,88.15,88.15,1
1785360900,2026-07-29T21:35:00.000Z,0,0,,88.13,88.13,87.97,87.97,4
1785361200,2026-07-29T21:40:00.000Z,0,0,,88.1,88.31,88.1,88.29,9
1785361500,2026-07-29T21:45:00.000Z,0,0,,88.31,88.33,88.29,88.29,3
1785362100,2026-07-29T21:55:00.000Z,0,0,,88.25,88.31,87.71,88.12,39
1785369600,2026-07-30T00:00:00.000Z,0,0,,87.74,87.79,87.38,87.71,181
1785369900,2026-07-30T00:05:00.000Z,0,0,,87.69,87.72,87.61,87.61,53
1785370200,2026-07-30T00:10:00.000Z,0,0,,87.6,87.72,87.39,87.41,77
1785370500,2026-07-30T00:15:00.000Z,0,0,,87.42,87.52,86.7,87.01,339
1785370800,2026-07-30T00:20:00.000Z,0,0,,87.07,87.32,87.03,87.27,75
1785371100,2026-07-30T00:25:00.000Z,0,0,,87.21,87.64,87.18,87.62,146
1785371400,2026-07-30T00:30:00.000Z,0,0,,87.63,87.77,87.54,87.68,38
1785371700,2026-07-30T00:35:00.000Z,0,0,,87.66,87.79,87.63,87.79,50
1785372000,2026-07-30T00:40:00.000Z,0,0,,87.75,87.88,87.74,87.87,47
1785372300,2026-07-30T00:45:00.000Z,0,0,,87.91,88.09,87.86,87.92,71
1785372600,2026-07-30T00:50:00.000Z,0,0,,87.97,88.12,87.97,88.11,59
1785372900,2026-07-30T00:55:00.000Z,0,0,,88.14,88.18,88.07,88.09,58
1785373200,2026-07-30T01:00:00.000Z,0,0,,88.08,88.08,87.59,87.73,195
1785373500,2026-07-30T01:05:00.000Z,0,0,,87.71,87.72,87.33,87.48,136
1785373800,2026-07-30T01:10:00.000Z,0,0,,87.48,87.59,87.3,87.53,120
1785374100,2026-07-30T01:15:00.000Z,0,0,,87.56,87.58,87.38,87.45,90
1785374400,2026-07-30T01:20:00.000Z,0,0,,87.44,87.66,87.33,87.52,151
1785374700,2026-07-30T01:25:00.000Z,0,0,,87.51,87.61,87.43,87.5,56
1785375000,2026-07-30T01:30:00.000Z,0,0,,87.54,87.6,87.29,87.34,122
1785375300,2026-07-30T01:35:00.000Z,0,0,,87.33,87.4,87.19,87.37,189
1785375600,2026-07-30T01:40:00.000Z,0,0,,87.39,87.39,87.21,87.21,84
1785375900,2026-07-30T01:45:00.000Z,0,0,,87.24,87.39,87.15,87.31,140
1785376200,2026-07-30T01:50:00.000Z,0,0,,87.34,87.36,87.2,87.35,65
1785376500,2026-07-30T01:55:00.000Z,0,0,,87.33,87.37,87.25,87.27,56
1785376800,2026-07-30T02:00:00.000Z,0,0,,87.33,87.33,87.17,87.22,65
1785377100,2026-07-30T02:05:00.000Z,0,0,,87.26,87.31,87.16,87.23,64
1785377400,2026-07-30T02:10:00.000Z,0,0,,87.21,87.31,87.18,87.2,56
1785377700,2026-07-30T02:15:00.000Z,0,0,,87.21,87.24,87.13,87.2,70
1785378000,2026-07-30T02:20:00.000Z,0,0,,87.23,87.28,87.16,87.26,38
1785378300,2026-07-30T02:25:00.000Z,0,0,,87.28,87.32,87,87.04,110
1785378600,2026-07-30T02:30:00.000Z,0,0,,87.06,87.07,86.8,86.94,205
1785378900,2026-07-30T02:35:00.000Z,0,0,,86.96,87.11,86.91,87.01,144
1785379200,2026-07-30T02:40:00.000Z,0,0,,87.03,87.15,86.97,87.08,47
1785379500,2026-07-30T02:45:00.000Z,0,0,,87.09,87.2,87.05,87.17,85
1785379800,2026-07-30T02:50:00.000Z,0,0,,87.21,87.21,86.87,86.9,74
1785380100,2026-07-30T02:55:00.000Z,0,0,,86.92,87,86.8,86.99,103
1785380400,2026-07-30T03:00:00.000Z,0,0,,87,87.01,86.82,86.86,66
1785380700,2026-07-30T03:05:00.000Z,0,0,,86.87,86.94,86.83,86.89,65
1785381000,2026-07-30T03:10:00.000Z,0,0,,86.93,86.96,86.85,86.87,43
1785381300,2026-07-30T03:15:00.000Z,0,0,,86.87,86.91,86.83,86.89,38
1785381600,2026-07-30T03:20:00.000Z,0,0,,86.88,87.06,86.87,87.02,63
1785381900,2026-07-30T03:25:00.000Z,0,0,,87.04,87.17,86.95,87.12,128
1785382200,2026-07-30T03:30:00.000Z,0,0,,87.07,87.1,87.02,87.08,28
1785382500,2026-07-30T03:35:00.000Z,0,0,,87.09,87.12,87,87.12,29
1785382800,2026-07-30T03:40:00.000Z,1,0,,87.1,87.18,87.08,87.14,38
1785383100,2026-07-30T03:45:00.000Z,0,0,,87.16,87.21,87.14,87.19,38
1785383400,2026-07-30T03:50:00.000Z,0,0,,87.19,87.29,87.18,87.29,40
1785383700,2026-07-30T03:55:00.000Z,0,0,,87.29,87.31,87.19,87.21,15
1785384000,2026-07-30T04:00:00.000Z,0,0,,87.22,87.26,87.17,87.24,40
1785384300,2026-07-30T04:05:00.000Z,0,0,,87.2,87.31,87.2,87.27,24
1785384600,2026-07-30T04:10:00.000Z,0,0,,87.26,87.31,87.26,87.28,12
1785384900,2026-07-30T04:15:00.000Z,0,0,,87.29,87.37,87.29,87.34,25
1785385200,2026-07-30T04:20:00.000Z,0,0,,87.32,87.32,87.2,87.25,17
1785385500,2026-07-30T04:25:00.000Z,0,0,,87.24,87.35,87.22,87.33,26
1785385800,2026-07-30T04:30:00.000Z,0,0,,87.3,87.3,87.24,87.26,12
1785386100,2026-07-30T04:35:00.000Z,0,0,,87.27,87.31,87.27,87.28,5
1785386400,2026-07-30T04:40:00.000Z,0,0,,87.25,87.39,87.18,87.36,65
1785386700,2026-07-30T04:45:00.000Z,0,0,,87.31,87.31,87.26,87.28,9
1785387000,2026-07-30T04:50:00.000Z,0,0,,87.31,87.51,87.3,87.48,91
1785387300,2026-07-30T04:55:00.000Z,0,0,,87.5,87.69,87.5,87.61,88
1785387600,2026-07-30T05:00:00.000Z,0,0,,87.62,87.7,87.57,87.58,60
1785387900,2026-07-30T05:05:00.000Z,0,0,,87.59,87.79,87.57,87.77,74
1785388200,2026-07-30T05:10:00.000Z,0,0,,87.76,87.98,87.72,87.94,177
1785388500,2026-07-30T05:15:00.000Z,0,0,,87.97,88.06,87.87,88.04,122
1785388800,2026-07-30T05:20:00.000Z,0,0,,88.03,88.25,88.01,88.18,128
1785389100,2026-07-30T05:25:00.000Z,0,0,,88.16,88.21,88.06,88.08,58
1785389400,2026-07-30T05:30:00.000Z,0,0,,88.11,88.76,88.06,88.54,500
1785389700,2026-07-30T05:35:00.000Z,0,0,,88.56,88.9,88.55,88.78,360
1785390000,2026-07-30T05:40:00.000Z,0,0,,88.76,88.76,88.57,88.6,145
1785390300,2026-07-30T05:45:00.000Z,0,0,,88.62,88.65,88.34,88.51,153
1785390600,2026-07-30T05:50:00.000Z,0,0,,88.48,89,88.44,88.92,247
1785390900,2026-07-30T05:55:00.000Z,0,0,,88.91,89.08,88.72,89.05,364
1785391200,2026-07-30T06:00:00.000Z,0,0,,89.07,89.14,88.87,88.92,451
1785391500,2026-07-30T06:05:00.000Z,0,0,,88.93,89.29,88.8,89.27,268
1785391800,2026-07-30T06:10:00.000Z,0,0,,89.29,89.4,89.23,89.35,284
1785392100,2026-07-30T06:15:00.000Z,0,0,,89.37,89.5,89.3,89.43,291
1785392400,2026-07-30T06:20:00.000Z,0,0,,89.44,89.5,89.21,89.26,274
1785392700,2026-07-30T06:25:00.000Z,0,0,,89.27,89.47,89.16,89.44,264
1785393000,2026-07-30T06:30:00.000Z,0,0,,89.45,89.5,89.19,89.22,313
1785393300,2026-07-30T06:35:00.000Z,0,0,,89.23,89.38,89.23,89.31,213
1785393600,2026-07-30T06:40:00.000Z,0,0,,89.33,89.38,89.16,89.29,158
1785393900,2026-07-30T06:45:00.000Z,0,0,,89.3,89.36,89.06,89.3,246
1785394200,2026-07-30T06:50:00.000Z,0,0,,89.31,89.36,89.14,89.25,176
1785394500,2026-07-30T06:55:00.000Z,0,0,,89.24,89.38,89.2,89.21,203
1785394800,2026-07-30T07:00:00.000Z,0,0,,89.22,89.24,88.44,88.53,895
1785395100,2026-07-30T07:05:00.000Z,0,0,,88.57,88.87,88.48,88.74,388
1785395400,2026-07-30T07:10:00.000Z,0,0,,88.73,88.91,88.66,88.71,278
1785395700,2026-07-30T07:15:00.000Z,0,0,,88.7,88.95,88.66,88.89,233
1785396000,2026-07-30T07:20:00.000Z,0,0,,88.9,89.09,88.61,88.63,334
1785396300,2026-07-30T07:25:00.000Z,0,0,,88.64,88.86,88.59,88.82,277
1785396600,2026-07-30T07:30:00.000Z,0,0,,88.82,89.06,88.69,89.03,280
1785396900,2026-07-30T07:35:00.000Z,0,0,,89.01,89.29,89,89.03,305
1785397200,2026-07-30T07:40:00.000Z,0,0,,89.04,89.05,88.74,88.79,152
1785397500,2026-07-30T07:45:00.000Z,0,0,,88.78,88.78,88.51,88.68,272
1785397800,2026-07-30T07:50:00.000Z,0,0,,88.69,88.75,88.25,88.37,443
1785398100,2026-07-30T07:55:00.000Z,0,0,,88.36,88.61,88.34,88.56,199
1785398400,2026-07-30T08:00:00.000Z,0,0,,88.58,88.83,88.35,88.41,436
1785398700,2026-07-30T08:05:00.000Z,0,0,,88.39,88.41,88.09,88.24,502
1785399000,2026-07-30T08:10:00.000Z,0,0,,88.22,88.34,88.09,88.3,278
1785399300,2026-07-30T08:15:00.000Z,0,0,,88.31,88.67,88.12,88.65,494
1785399600,2026-07-30T08:20:00.000Z,0,0,,88.67,88.76,88.47,88.6,557
1785399900,2026-07-30T08:25:00.000Z,0,0,,88.59,88.64,88.2,88.53,962
1785400200,2026-07-30T08:30:00.000Z,0,0,,88.54,88.61,87.83,88,765
1785400500,2026-07-30T08:35:00.000Z,0,0,,87.99,88.18,87.94,88.13,230
1785400800,2026-07-30T08:40:00.000Z,0,0,,88.14,88.39,87.98,88.39,158
1785401100,2026-07-30T08:45:00.000Z,0,0,,88.37,88.48,88.3,88.39,157
1785401400,2026-07-30T08:50:00.000Z,0,0,,88.36,88.6,88.35,88.53,191
1785401700,2026-07-30T08:55:00.000Z,0,0,,88.56,88.57,88.25,88.27,155
1785402000,2026-07-30T09:00:00.000Z,0,0,,88.3,88.39,88.06,88.08,276
1785402300,2026-07-30T09:05:00.000Z,0,0,,88.07,88.18,87.78,87.88,301
1785402600,2026-07-30T09:10:00.000Z,0,0,,87.89,88.14,87.55,87.78,570
1785402900,2026-07-30T09:15:00.000Z,0,0,,87.8,87.99,86.96,87.41,666
1785403200,2026-07-30T09:20:00.000Z,0,0,,87.4,87.63,87.3,87.6,399
1785403500,2026-07-30T09:25:00.000Z,0,0,,87.6,87.61,87.47,87.59,191
1785403800,2026-07-30T09:30:00.000Z,0,0,,87.57,87.79,87.56,87.73,223
1785404100,2026-07-30T09:35:00.000Z,0,0,,87.75,87.8,87.46,87.8,292
1785404400,2026-07-30T09:40:00.000Z,0,0,,87.77,87.88,87.56,87.61,239
1785404700,2026-07-30T09:45:00.000Z,0,0,,87.64,87.72,87.57,87.61,127
1785405000,2026-07-30T09:50:00.000Z,0,0,,87.6,87.8,87.51,87.74,204
1785405300,2026-07-30T09:55:00.000Z,0,0,,87.73,88.13,87.7,88.06,220
1785405600,2026-07-30T10:00:00.000Z,0,0,,88.09,88.24,88.09,88.18,267
1785405900,2026-07-30T10:05:00.000Z,0,0,,88.19,88.19,87.92,88,201
1785406200,2026-07-30T10:10:00.000Z,0,0,,88.01,88.14,87.94,88.08,158
1785406500,2026-07-30T10:15:00.000Z,0,0,,88.05,88.08,87.82,87.88,111
1785406800,2026-07-30T10:20:00.000Z,0,0,,87.86,87.94,87.81,87.81,132
1785407100,2026-07-30T10:25:00.000Z,0,0,,87.82,87.98,87.81,87.86,88
1785407400,2026-07-30T10:30:00.000Z,0,0,,87.89,87.94,87.64,87.89,146
1785407700,2026-07-30T10:35:00.000Z,0,0,,87.88,87.9,87.59,87.67,105
1785408000,2026-07-30T10:40:00.000Z,0,0,,87.65,87.65,86.81,87.21,856
1785408300,2026-07-30T10:45:00.000Z,0,0,,87.24,87.37,87.07,87.1,241
1785408600,2026-07-30T10:50:00.000Z,0,0,,87.1,87.34,86.96,87.27,479
1785408900,2026-07-30T10:55:00.000Z,0,0,,87.29,87.44,87.21,87.4,140
1785409200,2026-07-30T11:00:00.000Z,0,0,,87.41,87.56,87.32,87.46,204
1785409500,2026-07-30T11:05:00.000Z,0,0,,87.45,87.49,87.28,87.45,118
1785409800,2026-07-30T11:10:00.000Z,0,0,,87.45,87.48,87.34,87.36,101
1785410100,2026-07-30T11:15:00.000Z,0,0,,87.34,87.39,87.23,87.36,140
1785410400,2026-07-30T11:20:00.000Z,0,0,,87.37,87.56,87.29,87.29,168
1785410700,2026-07-30T11:25:00.000Z,0,0,,87.3,87.33,87.17,87.28,183
1785411000,2026-07-30T11:30:00.000Z,0,0,,87.31,87.36,86.99,87.13,259
1785411300,2026-07-30T11:35:00.000Z,0,0,,87.14,87.32,87.09,87.19,157
1785411600,2026-07-30T11:40:00.000Z,0,0,,87.21,87.28,87.01,87.13,193
1785411900,2026-07-30T11:45:00.000Z,0,0,,87.14,87.22,87.03,87.06,164
1785412200,2026-07-30T11:50:00.000Z,0,0,,87.07,87.21,86.99,87.03,212
1785412500,2026-07-30T11:55:00.000Z,0,0,,87.08,87.13,86.99,87.1,178
1785412800,2026-07-30T12:00:00.000Z,0,0,,87.13,87.43,87.11,87.29,316
1785413100,2026-07-30T12:05:00.000Z,0,0,,87.27,87.28,87.03,87.06,203
1785413400,2026-07-30T12:10:00.000Z,0,0,,87.07,87.21,87.05,87.17,220
1785413700,2026-07-30T12:15:00.000Z,0,0,,87.16,87.31,87.13,87.15,166
1785414000,2026-07-30T12:20:00.000Z,0,0,,87.17,87.31,87.14,87.26,162
1785414300,2026-07-30T12:25:00.000Z,0,0,,87.28,87.62,87.22,87.46,241
1785414600,2026-07-30T12:30:00.000Z,0,0,,87.46,87.49,87.26,87.26,153
1785414900,2026-07-30T12:35:00.000Z,0,0,,87.27,87.29,87.06,87.06,161
1785415200,2026-07-30T12:40:00.000Z,0,0,,87.08,87.26,86.99,87.08,223
1785415500,2026-07-30T12:45:00.000Z,0,0,,87.05,87.31,87.03,87.26,208
1785415800,2026-07-30T12:50:00.000Z,0,0,,87.27,87.51,87.24,87.43,271
1785416100,2026-07-30T12:55:00.000Z,0,0,,87.42,87.6,87.28,87.58,262
1785416400,2026-07-30T13:00:00.000Z,0,0,,87.59,87.61,87.05,87.21,518
1785416700,2026-07-30T13:05:00.000Z,0,0,,87.23,87.32,86.4,86.66,988
1785417000,2026-07-30T13:10:00.000Z,0,0,,86.68,86.84,86.27,86.32,495
1785417300,2026-07-30T13:15:00.000Z,0,0,,86.34,86.75,86.34,86.51,431
1785417600,2026-07-30T13:20:00.000Z,0,0,,86.53,86.76,86.5,86.62,224
1785417900,2026-07-30T13:25:00.000Z,0,0,,86.62,86.87,86.6,86.73,222
1785418200,2026-07-30T13:30:00.000Z,0,0,,86.77,86.96,86.56,86.88,293
1785418500,2026-07-30T13:35:00.000Z,0,0,,86.9,86.96,86.66,86.66,270
1785418800,2026-07-30T13:40:00.000Z,0,0,,86.69,86.85,86.66,86.82,262
1785419100,2026-07-30T13:45:00.000Z,0,0,,86.83,87,86.73,86.89,225
1785419400,2026-07-30T13:50:00.000Z,0,0,,86.9,87.03,86.75,86.75,376
1785419700,2026-07-30T13:55:00.000Z,0,0,,86.78,86.97,86.74,86.86,243
1785420000,2026-07-30T14:00:00.000Z,0,0,,86.88,87.24,86.68,86.79,1004
1785420300,2026-07-30T14:05:00.000Z,0,0,,86.82,87.17,86.75,86.79,441
1785420600,2026-07-30T14:10:00.000Z,0,0,,86.81,86.94,86.68,86.86,354
1785420900,2026-07-30T14:15:00.000Z,0,0,,86.89,87.14,86.73,87.06,334
1785421200,2026-07-30T14:20:00.000Z,0,0,,87.09,87.24,86.98,87.06,402
1785421500,2026-07-30T14:25:00.000Z,0,0,,87.05,87.12,86.81,86.88,231
1785421800,2026-07-30T14:30:00.000Z,0,0,,86.88,87.21,86.88,87.09,317
1785422100,2026-07-30T14:35:00.000Z,0,0,,87.11,87.16,86.93,86.98,281
1785422400,2026-07-30T14:40:00.000Z,0,0,,86.93,87.16,86.92,86.95,259
1785422700,2026-07-30T14:45:00.000Z,0,0,,86.98,87.26,86.98,87.24,351
1785423000,2026-07-30T14:50:00.000Z,0,0,,87.25,87.38,87.12,87.17,336
1785423300,2026-07-30T14:55:00.000Z,0,0,,87.15,87.29,87.05,87.16,316
1785423600,2026-07-30T15:00:00.000Z,0,0,,87.19,87.4,87.16,87.31,242
1785423900,2026-07-30T15:05:00.000Z,0,0,,87.34,87.6,87.33,87.47,399
1785424200,2026-07-30T15:10:00.000Z,0,0,,87.46,87.71,87.29,87.39,526
1785424500,2026-07-30T15:15:00.000Z,0,0,,87.42,87.6,87.24,87.32,490
1785424800,2026-07-30T15:20:00.000Z,0,0,,87.34,87.34,87.05,87.06,424
1785425100,2026-07-30T15:25:00.000Z,0,0,,87.08,87.26,86.91,87.25,837
1785425400,2026-07-30T15:30:00.000Z,0,0,,87.27,87.38,87.14,87.37,544
1785425700,2026-07-30T15:35:00.000Z,0,0,,87.39,87.47,87.09,87.09,218
1785426000,2026-07-30T15:40:00.000Z,0,0,,87.09,87.1,86.63,86.81,356
1785426300,2026-07-30T15:45:00.000Z,0,0,,86.82,87.01,86.72,86.94,247
1785426600,2026-07-30T15:50:00.000Z,0,0,,86.95,87.17,86.83,87.14,175
1785426900,2026-07-30T15:55:00.000Z,0,0,,87.15,87.15,87,87.09,199
1785427200,2026-07-30T16:00:00.000Z,0,0,,87.1,87.14,87,87.01,142
1785427500,2026-07-30T16:05:00.000Z,0,0,,87.03,87.3,87,87.27,161
1785427800,2026-07-30T16:10:00.000Z,0,0,,87.28,87.29,87.04,87.15,138
1785428100,2026-07-30T16:15:00.000Z,0,0,,87.18,87.25,87.01,87.04,174
1785428400,2026-07-30T16:20:00.000Z,0,0,,87.05,87.06,86.76,86.87,150
1785428700,2026-07-30T16:25:00.000Z,0,0,,86.88,86.9,86.65,86.72,149
1785429000,2026-07-30T16:30:00.000Z,0,0,,86.73,86.91,86.68,86.85,138
1785429300,2026-07-30T16:35:00.000Z,0,0,,86.87,87.13,86.8,87.06,130
1785429600,2026-07-30T16:40:00.000Z,0,0,,87.05,87.08,86.93,87,81
1785429900,2026-07-30T16:45:00.000Z,0,0,,87.03,87.08,86.91,86.96,134
1785430200,2026-07-30T16:50:00.000Z,0,0,,86.96,87.16,86.91,87.03,145
1785430500,2026-07-30T16:55:00.000Z,1,0,,87.05,87.23,86.99,87.13,182
1785430800,2026-07-30T17:00:00.000Z,0,0,,87.15,87.19,87.02,87.02,136
1785431100,2026-07-30T17:05:00.000Z,0,0,,87.04,87.17,87,87.14,129
1785431400,2026-07-30T17:10:00.000Z,0,0,,87.12,87.25,86.99,87.1,262
1785431700,2026-07-30T17:15:00.000Z,0,0,,87.09,87.29,87.02,87.05,142
1785432000,2026-07-30T17:20:00.000Z,0,0,,87.07,87.07,86.84,86.94,175
1785432300,2026-07-30T17:25:00.000Z,0,0,,86.91,86.97,86.86,86.91,99
1785432600,2026-07-30T17:30:00.000Z,0,0,,86.93,86.95,86.76,86.83,119
1785432900,2026-07-30T17:35:00.000Z,0,0,,86.81,87.39,86.81,87.2,340
1785433200,2026-07-30T17:40:00.000Z,0,0,,87.22,87.22,86.84,86.93,149
1785433500,2026-07-30T17:45:00.000Z,0,0,,86.92,87.15,86.92,87.13,163
1785433800,2026-07-30T17:50:00.000Z,0,0,,87.16,87.16,86.96,86.99,184
1785434100,2026-07-30T17:55:00.000Z,0,0,,87.01,87.11,86.87,87.08,171
1785434400,2026-07-30T18:00:00.000Z,0,0,,87.09,87.28,87,87.13,275
1785434700,2026-07-30T18:05:00.000Z,0,0,,87.15,87.15,86.97,87.1,181
1785435000,2026-07-30T18:10:00.000Z,0,0,,87.12,87.27,87.06,87.18,182
1785435300,2026-07-30T18:15:00.000Z,0,0,,87.21,87.24,86.92,86.98,284
1785435600,2026-07-30T18:20:00.000Z,0,0,,86.99,87.09,86.93,87.07,235
1785435900,2026-07-30T18:25:00.000Z,0,0,,87.09,87.18,86.79,86.84,858
1785436200,2026-07-30T18:30:00.000Z,0,0,,86.87,86.97,86.79,86.93,277
1785436500,2026-07-30T18:35:00.000Z,0,0,,86.94,87.01,86.86,86.91,113
1785436800,2026-07-30T18:40:00.000Z,0,0,,86.93,87.01,86.85,86.9,84
1785437100,2026-07-30T18:45:00.000Z,0,0,,86.95,86.97,86.89,86.94,78
1785437400,2026-07-30T18:50:00.000Z,0,0,,86.93,86.97,86.78,86.83,89
1785437700,2026-07-30T18:55:00.000Z,0,0,,86.85,86.91,86.81,86.84,53
1785438000,2026-07-30T19:00:00.000Z,0,0,,86.86,86.95,86.78,86.94,88
1785438300,2026-07-30T19:05:00.000Z,0,0,,86.92,86.96,86.88,86.89,58
1785438600,2026-07-30T19:10:00.000Z,0,0,,86.86,87.01,86.83,86.91,61
1785438900,2026-07-30T19:15:00.000Z,0,0,,86.94,86.94,86.86,86.88,51
1785439200,2026-07-30T19:20:00.000Z,0,0,,86.89,86.95,86.85,86.95,45
1785439500,2026-07-30T19:25:00.000Z,0,0,,86.93,86.96,86.85,86.88,45
1785439800,2026-07-30T19:30:00.000Z,0,0,,86.84,86.91,86.79,86.87,56
1785440100,2026-07-30T19:35:00.000Z,0,0,,86.89,86.89,86.81,86.83,42
1785440400,2026-07-30T19:40:00.000Z,0,0,,86.86,87,86.82,86.98,84
1785440700,2026-07-30T19:45:00.000Z,0,0,,86.99,87.05,86.94,87,59
1785441000,2026-07-30T19:50:00.000Z,0,0,,87.01,87.05,86.94,87.05,53
1785441300,2026-07-30T19:55:00.000Z,0,0,,87.04,87.1,86.93,86.94,96
1785441600,2026-07-30T20:00:00.000Z,0,0,,86.95,86.97,86.87,86.91,57
1785441900,2026-07-30T20:05:00.000Z,0,0,,86.94,87.11,86.84,87.08,45
1785442200,2026-07-30T20:10:00.000Z,0,0,,87.09,87.14,87.05,87.12,34
1785442500,2026-07-30T20:15:00.000Z,0,0,,87.11,87.32,87.08,87.24,123
1785442800,2026-07-30T20:20:00.000Z,0,0,,87.22,87.36,87.22,87.35,82
1785443100,2026-07-30T20:25:00.000Z,0,0,,87.33,87.4,87.26,87.35,78
1785443400,2026-07-30T20:30:00.000Z,0,0,,87.34,87.44,87.28,87.36,85
1785443700,2026-07-30T20:35:00.000Z,0,0,,87.37,87.44,87.34,87.4,51
1785444000,2026-07-30T20:40:00.000Z,0,0,,87.41,87.41,87.22,87.25,61
1785444300,2026-07-30T20:45:00.000Z,0,0,,87.23,87.28,87.18,87.25,55
1785444600,2026-07-30T20:50:00.000Z,0,0,,87.21,87.26,87.19,87.22,22
1785444900,2026-07-30T20:55:00.000Z,0,0,,87.19,87.25,87.16,87.21,39
1785445200,2026-07-30T21:00:00.000Z,0,0,,87.22,87.23,87.16,87.16,4
1785445800,2026-07-30T21:10:00.000Z,0,0,,87.12,87.14,87.1,87.14,3
1785446100,2026-07-30T21:15:00.000Z,0,0,,87.12,87.14,87.12,87.14,2
1785446400,2026-07-30T21:20:00.000Z,0,0,,87.11,87.14,86.99,87.02,14
1785446700,2026-07-30T21:25:00.000Z,0,0,,87.14,87.14,87.1,87.12,7
1785447300,2026-07-30T21:35:00.000Z,0,0,,87.13,87.13,87.11,87.11,2
1785447600,2026-07-30T21:40:00.000Z,0,0,,87.1,87.1,87.09,87.09,2
1785448200,2026-07-30T21:50:00.000Z,0,0,,87.12,87.12,87.1,87.1,2
1785448500,2026-07-30T21:55:00.000Z,0,0,,86.97,87.09,86.82,87,7
1785456000,2026-07-31T00:00:00.000Z,0,0,,87.25,87.37,87.23,87.36,64
1785456300,2026-07-31T00:05:00.000Z,0,0,,87.38,87.43,87.26,87.35,33
1785456600,2026-07-31T00:10:00.000Z,0,0,,87.35,87.45,87.33,87.42,17
1785456900,2026-07-31T00:15:00.000Z,0,0,,87.39,87.39,87.23,87.34,23
1785457200,2026-07-31T00:20:00.000Z,0,0,,87.3,87.37,87.29,87.35,14
1785457500,2026-07-31T00:25:00.000Z,0,0,,87.36,87.41,87.3,87.41,34
1785457800,2026-07-31T00:30:00.000Z,0,0,,87.4,87.41,87.29,87.4,33
1785458100,2026-07-31T00:35:00.000Z,0,0,,87.39,87.39,87.3,87.32,20
1785458400,2026-07-31T00:40:00.000Z,0,0,,87.31,87.31,87.05,87.09,62
1785458700,2026-07-31T00:45:00.000Z,0,0,,87.06,87.18,87.01,87.1,26
1785459000,2026-07-31T00:50:00.000Z,0,0,,87.12,87.12,87.03,87.03,14
1785459300,2026-07-31T00:55:00.000Z,0,0,,87.06,87.09,86.89,86.89,34
1785459600,2026-07-31T01:00:00.000Z,0,0,,86.85,86.87,85.7,86.01,756
1785459900,2026-07-31T01:05:00.000Z,0,0,,86,86.07,85.7,85.98,202
1785460200,2026-07-31T01:10:00.000Z,0,0,,85.99,86.31,85.84,86.29,144
1785460500,2026-07-31T01:15:00.000Z,0,0,,86.3,86.31,86.19,86.19,63
1785460800,2026-07-31T01:20:00.000Z,0,0,,86.23,86.41,86.2,86.34,93
1785461100,2026-07-31T01:25:00.000Z,0,0,,86.36,86.38,86.11,86.31,123
1785461400,2026-07-31T01:30:00.000Z,0,0,,86.3,86.41,86.1,86.1,65
1785461700,2026-07-31T01:35:00.000Z,0,0,,86.13,86.15,85.86,85.95,133
1785462000,2026-07-31T01:40:00.000Z,0,0,,85.93,86.18,85.93,86.18,59
1785462300,2026-07-31T01:45:00.000Z,0,0,,86.17,86.32,86.13,86.19,41
1785462600,2026-07-31T01:50:00.000Z,0,0,,86.2,86.2,85.98,86,40
1785462900,2026-07-31T01:55:00.000Z,0,0,,85.99,86.03,85.92,86.01,25
1785463200,2026-07-31T02:00:00.000Z,0,0,,85.98,85.98,85.71,85.72,77
1785463500,2026-07-31T02:05:00.000Z,0,0,,85.78,85.78,84.91,85.31,368
1785463800,2026-07-31T02:10:00.000Z,0,0,,85.32,85.55,85.19,85.51,99
1785464100,2026-07-31T02:15:00.000Z,0,0,,85.56,85.68,85.53,85.68,57
1785464400,2026-07-31T02:20:00.000Z,0,0,,85.64,85.75,85.6,85.63,40
1785464700,2026-07-31T02:25:00.000Z,0,0,,85.63,85.76,85.59,85.63,47
1785465000,2026-07-31T02:30:00.000Z,0,0,,85.62,85.81,85.61,85.78,39
1785465300,2026-07-31T02:35:00.000Z,0,0,,85.82,85.82,85.61,85.68,70
1785465600,2026-07-31T02:40:00.000Z,0,0,,85.67,85.71,85.58,85.69,24
1785465900,2026-07-31T02:45:00.000Z,0,0,,85.68,85.76,85.6,85.66,37
1785466200,2026-07-31T02:50:00.000Z,0,0,,85.68,85.81,85.68,85.8,20
1785466500,2026-07-31T02:55:00.000Z,0,0,,85.79,86.01,85.79,85.85,72
1785466800,2026-07-31T03:00:00.000Z,0,0,,85.84,85.97,85.81,85.86,49
1785467100,2026-07-31T03:05:00.000Z,0,0,,85.84,85.88,85.71,85.72,31
1785467400,2026-07-31T03:10:00.000Z,0,0,,85.75,85.82,85.68,85.81,27
1785467700,2026-07-31T03:15:00.000Z,0,0,,85.82,85.91,85.67,85.71,49
1785468000,2026-07-31T03:20:00.000Z,0,0,,85.72,85.83,85.72,85.79,16
1785468300,2026-07-31T03:25:00.000Z,0,0,,85.75,85.86,85.71,85.81,42
1785468600,2026-07-31T03:30:00.000Z,0,0,,85.77,85.89,85.7,85.75,18
1785468900,2026-07-31T03:35:00.000Z,0,0,,85.76,85.89,85.73,85.86,30
1785469200,2026-07-31T03:40:00.000Z,0,0,,85.87,85.89,85.81,85.84,9
1785469500,2026-07-31T03:45:00.000Z,0,0,,85.82,86.02,85.81,86,59
1785469800,2026-07-31T03:50:00.000Z,0,0,,85.95,85.96,85.85,85.85,19
1785470100,2026-07-31T03:55:00.000Z,0,0,,85.84,85.86,85.78,85.81,28
1785470400,2026-07-31T04:00:00.000Z,0,0,,85.83,85.9,85.74,85.74,59
1785470700,2026-07-31T04:05:00.000Z,0,0,,85.73,85.79,85.28,85.5,108
1785471000,2026-07-31T04:10:00.000Z,0,0,,85.48,85.69,85.48,85.6,64
1785471300,2026-07-31T04:15:00.000Z,0,0,,85.62,85.69,85.61,85.62,15
1785471600,2026-07-31T04:20:00.000Z,0,0,,85.61,85.64,85.56,85.56,19
1785471900,2026-07-31T04:25:00.000Z,0,0,,85.57,85.62,85.54,85.57,17
1785472200,2026-07-31T04:30:00.000Z,0,0,,85.55,85.6,85.49,85.5,22
1785472500,2026-07-31T04:35:00.000Z,0,0,,85.52,85.53,85.45,85.47,37
1785472800,2026-07-31T04:40:00.000Z,0,0,,85.49,85.49,85.36,85.39,42
1785473100,2026-07-31T04:45:00.000Z,0,0,,85.36,85.41,85.28,85.4,50
1785473400,2026-07-31T04:50:00.000Z,0,0,,85.38,85.38,85.03,85.25,88
1785473700,2026-07-31T04:55:00.000Z,0,0,,85.22,85.27,85.02,85.05,74
1785474000,2026-07-31T05:00:00.000Z,0,0,,85.06,85.23,84.99,85.12,75
1785474300,2026-07-31T05:05:00.000Z,0,0,,85.11,85.35,85.04,85.29,91
1785474600,2026-07-31T05:10:00.000Z,0,0,,85.26,85.41,85.24,85.35,32
1785474900,2026-07-31T05:15:00.000Z,0,0,,85.33,85.37,85.25,85.29,47
1785475200,2026-07-31T05:20:00.000Z,0,0,,85.27,85.28,85.06,85.12,44
1785475500,2026-07-31T05:25:00.000Z,0,0,,85.1,85.13,85.02,85.11,36
1785475800,2026-07-31T05:30:00.000Z,0,0,,85.09,85.12,84.62,84.96,416
1785476100,2026-07-31T05:35:00.000Z,0,0,,84.97,85.02,84.63,84.63,95
1785476400,2026-07-31T05:40:00.000Z,0,0,,84.68,84.93,84.63,84.88,124
1785476700,2026-07-31T05:45:00.000Z,0,0,,84.89,84.93,84.78,84.86,45
1785477000,2026-07-31T05:50:00.000Z,0,0,,84.84,85.1,84.84,85.09,76
1785477300,2026-07-31T05:55:00.000Z,1,0,,85.1,85.12,84.97,85.1,107
1785477600,2026-07-31T06:00:00.000Z,0,0,,85.13,85.26,85.02,85.18,140
1785477900,2026-07-31T06:05:00.000Z,0,0,,85.17,85.42,85.14,85.39,186
1785478200,2026-07-31T06:10:00.000Z,0,0,,85.41,85.41,85.21,85.3,101
1785478500,2026-07-31T06:15:00.000Z,0,0,,85.27,85.53,85.27,85.44,83
1785478800,2026-07-31T06:20:00.000Z,0,0,,85.45,85.7,85.45,85.7,126
1785479100,2026-07-31T06:25:00.000Z,0,0,,85.66,85.72,85.46,85.49,102
1785479400,2026-07-31T06:30:00.000Z,0,0,,85.5,85.6,85.31,85.32,84
1785479700,2026-07-31T06:35:00.000Z,0,0,,85.37,85.38,85.24,85.36,53
1785480000,2026-07-31T06:40:00.000Z,0,0,,85.35,85.51,85.32,85.51,69
1785480300,2026-07-31T06:45:00.000Z,0,0,,85.5,85.59,85.41,85.46,72
1785480600,2026-07-31T06:50:00.000Z,0,0,,85.47,85.62,85.43,85.62,105
1785480900,2026-07-31T06:55:00.000Z,0,0,,85.61,85.61,85.46,85.5,97
1785481200,2026-07-31T07:00:00.000Z,0,0,,85.49,85.95,85.46,85.85,307
1785481500,2026-07-31T07:05:00.000Z,0,0,,85.86,85.93,85.75,85.81,193
1785481800,2026-07-31T07:10:00.000Z,0,0,,85.82,85.84,85.72,85.76,132
1785482100,2026-07-31T07:15:00.000Z,0,0,,85.77,86.07,85.76,85.98,145
1785482400,2026-07-31T07:20:00.000Z,0,0,,85.97,86.09,85.93,86.06,149
1785482700,2026-07-31T07:25:00.000Z,0,0,,86.05,86.22,85.99,86.15,157
1785483000,2026-07-31T07:30:00.000Z,0,0,,86.13,86.22,85.92,86.18,156
1785483300,2026-07-31T07:35:00.000Z,0,0,,86.14,86.24,86.03,86.11,96
1785483600,2026-07-31T07:40:00.000Z,0,0,,86.12,86.21,85.91,86.17,131
1785483900,2026-07-31T07:45:00.000Z,0,0,,86.16,86.16,85.96,86.05,131
1785484200,2026-07-31T07:50:00.000Z,0,0,,86.02,86.09,85.67,85.74,327
1785484500,2026-07-31T07:55:00.000Z,0,0,,85.74,85.82,85.54,85.7,352
1785484800,2026-07-31T08:00:00.000Z,0,0,,85.72,85.9,85.57,85.63,252
1785485100,2026-07-31T08:05:00.000Z,0,0,,85.65,85.75,85.56,85.69,165
1785485400,2026-07-31T08:10:00.000Z,0,0,,85.67,85.85,85.61,85.63,219
1785485700,2026-07-31T08:15:00.000Z,0,0,,85.67,85.67,85.42,85.46,409
1785486000,2026-07-31T08:20:00.000Z,0,0,,85.48,85.76,85.43,85.76,306
1785486300,2026-07-31T08:25:00.000Z,0,0,,85.77,86.24,85.68,86.24,923
1785486600,2026-07-31T08:30:00.000Z,0,0,,86.25,86.35,85.91,86.13,580
1785486900,2026-07-31T08:35:00.000Z,0,0,,86.13,86.15,85.84,86.03,262
1785487200,2026-07-31T08:40:00.000Z,0,0,,86.06,86.09,85.83,85.91,163
1785487500,2026-07-31T08:45:00.000Z,0,0,,85.91,86.06,85.76,85.78,175
1785487800,2026-07-31T08:50:00.000Z,0,0,,85.75,86.06,85.72,85.92,192
1785488100,2026-07-31T08:55:00.000Z,0,0,,85.95,86.02,85.72,86.02,131
1785488400,2026-07-31T09:00:00.000Z,0,0,,86.01,86.34,86.01,86.32,273
1785488700,2026-07-31T09:05:00.000Z,0,0,,86.31,86.48,86.26,86.4,224
1785489000,2026-07-31T09:10:00.000Z,0,0,,86.43,86.72,86.37,86.68,254
1785489300,2026-07-31T09:15:00.000Z,0,0,,86.67,86.82,86.57,86.71,319
1785489600,2026-07-31T09:20:00.000Z,0,0,,86.76,86.89,86.66,86.75,269
1785489900,2026-07-31T09:25:00.000Z,0,0,,86.73,86.77,86.41,86.45,916
1785490200,2026-07-31T09:30:00.000Z,0,0,,86.47,87.14,86.47,87.09,448
1785490500,2026-07-31T09:35:00.000Z,0,0,,87.11,87.36,87,87.08,283
1785490800,2026-07-31T09:40:00.000Z,0,0,,87.09,87.21,87.01,87.19,160
1785491100,2026-07-31T09:45:00.000Z,0,0,,87.2,87.38,87.13,87.28,244
1785491400,2026-07-31T09:50:00.000Z,0,0,,87.29,87.36,87.22,87.33,164
1785491700,2026-07-31T09:55:00.000Z,0,0,,87.31,87.45,87.3,87.37,172
1785492000,2026-07-31T10:00:00.000Z,0,0,,87.4,87.72,87.39,87.55,279
1785492300,2026-07-31T10:05:00.000Z,0,0,,87.56,87.6,87.43,87.57,234
1785492600,2026-07-31T10:10:00.000Z,0,0,,87.56,87.7,87.51,87.67,167
1785492900,2026-07-31T10:15:00.000Z,0,0,,87.69,87.69,87.57,87.64,151
1785493200,2026-07-31T10:20:00.000Z,0,0,,87.63,87.64,87.36,87.55,216
1785493500,2026-07-31T10:25:00.000Z,0,0,,87.53,87.58,87.42,87.53,139
1785493800,2026-07-31T10:30:00.000Z,0,0,,87.54,87.64,87.41,87.61,196
1785494100,2026-07-31T10:35:00.000Z,0,0,,87.63,87.86,87.57,87.69,224
1785494400,2026-07-31T10:40:00.000Z,0,0,,87.65,87.77,87.6,87.61,75
1785494700,2026-07-31T10:45:00.000Z,0,0,,87.6,87.72,87.53,87.68,105
1785495000,2026-07-31T10:50:00.000Z,0,0,,87.66,87.69,87.49,87.57,127
1785495300,2026-07-31T10:55:00.000Z,0,0,,87.57,87.89,87.57,87.7,198
1785495600,2026-07-31T11:00:00.000Z,0,0,,87.73,87.87,87.65,87.72,170
1785495900,2026-07-31T11:05:00.000Z,0,0,,87.73,87.89,87.61,87.69,91
1785496200,2026-07-31T11:10:00.000Z,0,0,,87.7,87.71,87.56,87.68,113
1785496500,2026-07-31T11:15:00.000Z,0,0,,87.69,88.32,87.59,88.08,910
1785496800,2026-07-31T11:20:00.000Z,0,0,,88.06,88.36,88.01,88.15,392
1785497100,2026-07-31T11:25:00.000Z,0,0,,88.18,88.32,88.05,88.18,812
1785497400,2026-07-31T11:30:00.000Z,0,0,,88.19,88.4,88.09,88.4,341
1785497700,2026-07-31T11:35:00.000Z,0,0,,88.39,88.44,88.21,88.4,309
1785498000,2026-07-31T11:40:00.000Z,0,0,,88.39,88.59,88.31,88.55,350
1785498300,2026-07-31T11:45:00.000Z,0,0,,88.54,88.59,88.28,88.35,359
1785498600,2026-07-31T11:50:00.000Z,0,0,,88.37,88.47,88.28,88.33,177
1785498900,2026-07-31T11:55:00.000Z,0,0,,88.34,88.45,88.26,88.35,197
1785499200,2026-07-31T12:00:00.000Z,0,0,,88.33,88.6,88.32,88.53,228
1785499500,2026-07-31T12:05:00.000Z,0,0,,88.5,88.64,88.49,88.57,177
1785499800,2026-07-31T12:10:00.000Z,0,0,,88.58,88.63,88.32,88.42,236
1785500100,2026-07-31T12:15:00.000Z,0,0,,88.41,88.48,88.33,88.35,164
1785500400,2026-07-31T12:20:00.000Z,0,0,,88.37,88.51,88.31,88.5,140
1785500700,2026-07-31T12:25:00.000Z,0,0,,88.49,88.5,88.3,88.35,144
1785501000,2026-07-31T12:30:00.000Z,0,0,,88.38,88.44,88.2,88.35,216
1785501300,2026-07-31T12:35:00.000Z,0,0,,88.36,88.43,88.18,88.25,248
1785501600,2026-07-31T12:40:00.000Z,0,0,,88.23,88.31,88.07,88.26,256
1785501900,2026-07-31T12:45:00.000Z,0,0,,88.28,88.64,88.24,88.45,313
1785502200,2026-07-31T12:50:00.000Z,0,0,,88.49,88.64,88.39,88.48,268
1785502500,2026-07-31T12:55:00.000Z,0,0,,88.51,89,88.43,88.65,736
1785502800,2026-07-31T13:00:00.000Z,0,0,,88.69,88.74,88.21,88.42,716
1785503100,2026-07-31T13:05:00.000Z,0,0,,88.43,88.57,88.37,88.43,299
1785503400,2026-07-31T13:10:00.000Z,0,0,,88.41,88.63,88.27,88.56,250
1785503700,2026-07-31T13:15:00.000Z,0,0,,88.6,88.71,88.54,88.6,270
1785504000,2026-07-31T13:20:00.000Z,0,0,,88.61,88.76,88.54,88.7,240
1785504300,2026-07-31T13:25:00.000Z,0,0,,88.71,88.82,88.33,88.44,946
1785504600,2026-07-31T13:30:00.000Z,0,0,,88.45,88.7,88.35,88.41,396
1785504900,2026-07-31T13:35:00.000Z,0,0,,88.42,88.63,88.37,88.62,186
1785505200,2026-07-31T13:40:00.000Z,0,0,,88.59,88.88,88.55,88.58,323
1785505500,2026-07-31T13:45:00.000Z,0,0,,88.61,88.74,88.53,88.63,278
1785505800,2026-07-31T13:50:00.000Z,0,0,,88.67,88.69,88.4,88.46,327
1785506100,2026-07-31T13:55:00.000Z,0,0,,88.49,88.57,88.38,88.53,268
1785506400,2026-07-31T14:00:00.000Z,0,0,,88.51,88.59,88.33,88.44,311
1785506700,2026-07-31T14:05:00.000Z,0,0,,88.48,88.49,87.86,87.98,893
1785507000,2026-07-31T14:10:00.000Z,0,0,,87.99,88.27,87.83,88.12,595
1785507300,2026-07-31T14:15:00.000Z,0,0,,88.15,88.29,88.08,88.11,274
1785507600,2026-07-31T14:20:00.000Z,0,0,,88.12,88.19,87.97,87.99,286
1785507900,2026-07-31T14:25:00.000Z,0,0,,88.02,88.12,87.93,88.1,230
1785508200,2026-07-31T14:30:00.000Z,0,0,,88.11,88.31,88.08,88.29,438
1785508500,2026-07-31T14:35:00.000Z,0,0,,88.29,88.48,88.21,88.44,218
1785508800,2026-07-31T14:40:00.000Z,0,0,,88.43,88.48,88.36,88.37,186
1785509100,2026-07-31T14:45:00.000Z,0,0,,88.4,88.71,88.37,88.69,285
1785509400,2026-07-31T14:50:00.000Z,0,0,,88.7,88.74,88.47,88.52,344
1785509700,2026-07-31T14:55:00.000Z,0,0,,88.55,88.63,88.47,88.56,206
1785510000,2026-07-31T15:00:00.000Z,0,0,,88.58,88.71,88.53,88.68,279
1785510300,2026-07-31T15:05:00.000Z,0,0,,88.69,88.76,88.62,88.7,219
1785510600,2026-07-31T15:10:00.000Z,0,0,,88.71,88.72,88.54,88.62,202
1785510900,2026-07-31T15:15:00.000Z,0,0,,88.63,88.73,88.41,88.43,568
1785511200,2026-07-31T15:20:00.000Z,0,0,,88.47,88.58,88.39,88.54,418
1785511500,2026-07-31T15:25:00.000Z,0,1,,88.56,88.56,88.1,88.3,1032
1785511800,2026-07-31T15:30:00.000Z,0,0,,88.33,88.4,87.97,87.99,611
1785512100,2026-07-31T15:35:00.000Z,0,0,,88.01,88.23,87.98,88.12,406
1785512400,2026-07-31T15:40:00.000Z,0,0,,88.15,88.15,87.8,87.84,397
1785512700,2026-07-31T15:45:00.000Z,0,0,,87.88,87.9,87.43,87.5,472
1785513000,2026-07-31T15:50:00.000Z,0,0,,87.54,87.57,87.07,87.17,682
1785513300,2026-07-31T15:55:00.000Z,0,0,,87.18,87.41,87.12,87.23,394
1785513600,2026-07-31T16:00:00.000Z,0,0,,87.22,87.44,87.21,87.36,359
1785513900,2026-07-31T16:05:00.000Z,0,0,,87.39,87.45,87.29,87.35,282
1785514200,2026-07-31T16:10:00.000Z,0,0,,87.37,87.55,87.22,87.46,573
1785514500,2026-07-31T16:15:00.000Z,0,0,,87.48,87.7,87.43,87.53,331
1785514800,2026-07-31T16:20:00.000Z,0,0,,87.54,87.62,87.39,87.46,292
1785515100,2026-07-31T16:25:00.000Z,0,0,,87.47,87.62,87.37,87.42,237
1785515400,2026-07-31T16:30:00.000Z,0,0,,87.43,87.61,87.41,87.52,173
1785515700,2026-07-31T16:35:00.000Z,0,0,,87.49,87.64,87.48,87.53,119
1785516000,2026-07-31T16:40:00.000Z,0,0,,87.52,87.76,87.46,87.71,172
1785516300,2026-07-31T16:45:00.000Z,0,0,,87.73,87.79,87.65,87.7,182
1785516600,2026-07-31T16:50:00.000Z,0,0,,87.67,87.73,87.59,87.71,191
1785516900,2026-07-31T16:55:00.000Z,0,0,,87.75,87.84,87.72,87.8,185
1785517200,2026-07-31T17:00:00.000Z,0,0,,87.81,87.97,87.78,87.94,271
1785517500,2026-07-31T17:05:00.000Z,0,0,,87.92,87.93,87.68,87.91,247
1785517800,2026-07-31T17:10:00.000Z,0,0,,87.94,88.19,87.92,88.08,221
1785518100,2026-07-31T17:15:00.000Z,0,0,,88.09,88.1,87.84,87.88,196
1785518400,2026-07-31T17:20:00.000Z,0,0,,87.89,87.99,87.88,87.98,157
1785518700,2026-07-31T17:25:00.000Z,0,0,,87.97,88.06,87.81,87.95,241
1785519000,2026-07-31T17:30:00.000Z,0,0,,87.96,88.13,87.95,87.99,162
1785519300,2026-07-31T17:35:00.000Z,0,0,,87.98,88.06,87.86,87.86,189
1785519600,2026-07-31T17:40:00.000Z,0,0,,87.89,88.26,87.83,88.14,250
1785519900,2026-07-31T17:45:00.000Z,0,0,,88.15,88.22,88.06,88.2,166
1785520200,2026-07-31T17:50:00.000Z,0,0,,88.21,88.22,87.96,88.05,253
1785520500,2026-07-31T17:55:00.000Z,0,0,,88.06,88.12,87.94,87.94,193
1785520800,2026-07-31T18:00:00.000Z,0,0,,87.96,88.07,87.9,88.03,225
1785521100,2026-07-31T18:05:00.000Z,0,0,,88.05,88.36,88.01,88.12,426
1785521400,2026-07-31T18:10:00.000Z,0,0,,88.14,88.17,87.99,88.14,314
1785521700,2026-07-31T18:15:00.000Z,0,0,,88.15,88.31,88.11,88.27,350
1785522000,2026-07-31T18:20:00.000Z,0,0,,88.29,88.51,88.06,88.08,452
1785522300,2026-07-31T18:25:00.000Z,0,0,,88.1,88.16,87.75,87.8,1088
1785522600,2026-07-31T18:30:00.000Z,0,0,,87.84,87.95,87.73,87.92,273
1785522900,2026-07-31T18:35:00.000Z,0,0,,87.9,87.98,87.83,87.85,80
1785523200,2026-07-31T18:40:00.000Z,0,0,,87.88,87.98,87.79,87.92,177
1785523500,2026-07-31T18:45:00.000Z,0,0,,87.94,87.98,87.9,87.91,67
1785523800,2026-07-31T18:50:00.000Z,0,0,,87.93,88,87.85,87.87,82
1785524100,2026-07-31T18:55:00.000Z,0,0,,87.88,87.93,87.83,87.91,70
1785524400,2026-07-31T19:00:00.000Z,0,0,,87.92,88.08,87.86,87.99,110
1785524700,2026-07-31T19:05:00.000Z,0,0,,88.02,88.11,88.01,88.07,63
1785525000,2026-07-31T19:10:00.000Z,0,0,,88.08,88.16,88.04,88.08,79
1785525300,2026-07-31T19:15:00.000Z,0,0,,88.09,88.22,88.08,88.22,46
1785525600,2026-07-31T19:20:00.000Z,0,0,,88.21,88.41,88.21,88.39,102
1785525900,2026-07-31T19:25:00.000Z,0,0,,88.38,88.42,88.31,88.33,64
1785526200,2026-07-31T19:30:00.000Z,0,0,,88.31,88.4,88.28,88.36,59
1785526500,2026-07-31T19:35:00.000Z,0,0,,88.37,88.39,88.18,88.23,79
1785526800,2026-07-31T19:40:00.000Z,0,0,,88.26,88.28,88.15,88.22,86
1785527100,2026-07-31T19:45:00.000Z,0,0,,88.24,88.27,88.13,88.14,80
1785527400,2026-07-31T19:50:00.000Z,0,0,,88.17,88.23,88.15,88.23,51
1785527700,2026-07-31T19:55:00.000Z,0,0,,88.21,88.28,88.17,88.2,72
1785528000,2026-07-31T20:00:00.000Z,0,0,,88.19,88.25,88.12,88.14,79
1785528300,2026-07-31T20:05:00.000Z,0,0,,88.16,88.16,87.96,87.96,45
1785528600,2026-07-31T20:10:00.000Z,0,0,,87.99,88.01,87.93,87.96,24
1785528900,2026-07-31T20:15:00.000Z,0,0,,87.94,88,87.91,87.95,39
1785529200,2026-07-31T20:20:00.000Z,0,0,,87.97,87.97,87.84,87.87,27
1785529500,2026-07-31T20:25:00.000Z,0,0,,87.84,87.99,87.84,87.99,21
1785529800,2026-07-31T20:30:00.000Z,0,0,,88.04,88.14,87.85,87.86,82
1785530100,2026-07-31T20:35:00.000Z,0,0,,87.82,87.9,87.82,87.86,18
1785530400,2026-07-31T20:40:00.000Z,0,0,,87.9,88,87.86,87.92,38
1785530700,2026-07-31T20:45:00.000Z,0,0,,87.95,87.98,87.88,87.91,26
1785531000,2026-07-31T20:50:00.000Z,0,0,,87.92,89.51,87.88,89.35,729
1785531300,2026-07-31T20:55:00.000Z,0,0,,89.42,90.32,89.27,90.28,683
1785531600,2026-07-31T21:00:00.000Z,0,0,,90.26,90.38,89.77,89.96,99
1785531900,2026-07-31T21:05:00.000Z,0,0,,90.02,90.08,89.75,89.87,52
1785532200,2026-07-31T21:10:00.000Z,0,0,,89.89,90.23,89.87,90.21,86
1785532500,2026-07-31T21:15:00.000Z,0,0,,90.2,90.34,90.09,90.29,43
1785532800,2026-07-31T21:20:00.000Z,0,0,,90.31,90.5,90.22,90.24,57
1785533100,2026-07-31T21:25:00.000Z,0,0,,90.32,91.03,90.32,91.02,117
1785533400,2026-07-31T21:30:00.000Z,0,0,,91.03,91.25,90.99,91.04,49
1785533700,2026-07-31T21:35:00.000Z,0,0,,91.05,91.26,91.01,91.17,30
1785534000,2026-07-31T21:40:00.000Z,0,0,,91.16,91.36,91.07,91.07,25
1785534300,2026-07-31T21:45:00.000Z,0,0,,91.11,91.3,90.99,91.02,33
1785534600,2026-07-31T21:50:00.000Z,0,0,,91.11,91.16,91.01,91.16,18
1785534900,2026-07-31T21:55:00.000Z,0,0,,91.11,91.2,90.99,91.03,36
1785708000,2026-08-02T22:00:00.000Z,0,0,,82.8,83.04,81.55,82.58,1564
1785708300,2026-08-02T22:05:00.000Z,0,0,,82.57,83.03,82.54,82.95,392
1785708600,2026-08-02T22:10:00.000Z,0,0,,82.96,83,82.74,82.83,231
1785708900,2026-08-02T22:15:00.000Z,0,0,,82.82,84.31,82.81,83.88,477
1785709200,2026-08-02T22:20:00.000Z,0,0,,83.87,83.87,83.43,83.6,173
1785709500,2026-08-02T22:25:00.000Z,0,0,,83.59,84.07,83.59,83.66,231
1785709800,2026-08-02T22:30:00.000Z,0,0,,83.63,83.85,83.56,83.85,123
1785710100,2026-08-02T22:35:00.000Z,0,0,,83.81,83.94,83.77,83.82,87
1785710400,2026-08-02T22:40:00.000Z,0,0,,83.83,83.99,83.77,83.9,79
1785710700,2026-08-02T22:45:00.000Z,0,0,,83.91,84.43,83.88,84.41,231
1785711000,2026-08-02T22:50:00.000Z,0,0,,84.42,84.55,84.29,84.33,151
1785711300,2026-08-02T22:55:00.000Z,0,0,,84.31,84.49,84.27,84.46,112
1785711600,2026-08-02T23:00:00.000Z,0,0,,84.45,84.49,84.38,84.4,106
1785711900,2026-08-02T23:05:00.000Z,0,0,,84.37,84.39,84.11,84.11,114
1785712200,2026-08-02T23:10:00.000Z,0,0,,84.12,84.35,84.07,84.35,118
1785712500,2026-08-02T23:15:00.000Z,0,0,,84.32,84.34,84.13,84.19,70
1785712800,2026-08-02T23:20:00.000Z,0,0,,84.18,84.19,84.05,84.09,50
1785713100,2026-08-02T23:25:00.000Z,0,0,,84.08,84.15,83.99,84.06,36
1785713400,2026-08-02T23:30:00.000Z,0,0,,84.07,84.09,83.94,83.97,59
1785713700,2026-08-02T23:35:00.000Z,0,0,,83.96,84.01,83.79,83.9,109
1785714000,2026-08-02T23:40:00.000Z,0,0,,83.93,83.95,83.71,83.73,124
1785714300,2026-08-02T23:45:00.000Z,0,0,,83.74,83.78,83.52,83.78,215
1785714600,2026-08-02T23:50:00.000Z,0,0,,83.79,83.95,83.77,83.91,35
1785714900,2026-08-02T23:55:00.000Z,0,0,,83.9,83.94,83.83,83.86,27
1785715200,2026-08-03T00:00:00.000Z,0,0,,83.87,84.22,83.87,84.01,133
1785715500,2026-08-03T00:05:00.000Z,0,0,,83.97,84.02,83.85,83.89,52
1785715800,2026-08-03T00:10:00.000Z,0,0,,83.88,84.04,83.86,83.91,42
1785716100,2026-08-03T00:15:00.000Z,0,0,,83.91,83.93,83.75,83.81,68
1785716400,2026-08-03T00:20:00.000Z,0,0,,83.85,83.95,83.68,83.71,78
1785716700,2026-08-03T00:25:00.000Z,0,0,,83.74,83.77,83.69,83.69,71
1785717000,2026-08-03T00:30:00.000Z,0,0,,83.7,83.76,83.57,83.67,96
1785717300,2026-08-03T00:35:00.000Z,0,0,,83.69,83.75,83.68,83.74,27
1785717600,2026-08-03T00:40:00.000Z,0,0,,83.69,83.86,83.67,83.75,30
1785717900,2026-08-03T00:45:00.000Z,0,0,,83.76,83.95,83.76,83.83,50
1785718200,2026-08-03T00:50:00.000Z,0,0,,83.84,84.03,83.83,84.01,62
1785718500,2026-08-03T00:55:00.000Z,0,0,,83.97,84.07,83.93,84.03,28
1785718800,2026-08-03T01:00:00.000Z,0,0,,83.96,84.17,83.71,83.86,292
1785719100,2026-08-03T01:05:00.000Z,0,0,,83.87,84.08,83.78,84.06,112
1785719400,2026-08-03T01:10:00.000Z,0,0,,84.06,84.11,83.91,84.06,56
1785719700,2026-08-03T01:15:00.000Z,0,0,,84.08,84.1,83.9,84,89
1785720000,2026-08-03T01:20:00.000Z,0,0,,84.03,84.15,83.97,84.08,100
1785720300,2026-08-03T01:25:00.000Z,0,0,,84.09,84.09,83.72,83.76,51
1785720600,2026-08-03T01:30:00.000Z,0,0,,83.78,83.8,83.65,83.69,57
1785720900,2026-08-03T01:35:00.000Z,0,0,,83.73,83.97,83.71,83.95,53
1785721200,2026-08-03T01:40:00.000Z,0,0,,83.92,84.03,83.61,83.61,87
1785721500,2026-08-03T01:45:00.000Z,0,0,,83.62,83.72,83.52,83.67,62
1785721800,2026-08-03T01:50:00.000Z,0,0,,83.69,83.71,83.51,83.61,72
1785722100,2026-08-03T01:55:00.000Z,0,0,,83.58,83.63,83.52,83.62,52
1785722400,2026-08-03T02:00:00.000Z,0,0,,83.6,83.62,83.41,83.56,118
1785722700,2026-08-03T02:05:00.000Z,0,0,,83.59,83.68,83.49,83.68,98
1785723000,2026-08-03T02:10:00.000Z,0,0,,83.7,83.77,83.65,83.72,48
1785723300,2026-08-03T02:15:00.000Z,0,0,,83.74,83.83,83.7,83.8,52
1785723600,2026-08-03T02:20:00.000Z,0,0,,83.78,83.83,83.68,83.71,65
1785723900,2026-08-03T02:25:00.000Z,0,0,,83.72,83.83,83.64,83.71,91
1785724200,2026-08-03T02:30:00.000Z,0,0,,83.73,84.01,83.65,83.8,121
1785724500,2026-08-03T02:35:00.000Z,0,0,,83.7,83.91,83.67,83.88,58
1785724800,2026-08-03T02:40:00.000Z,0,0,,83.87,83.98,83.85,83.88,85
1785725100,2026-08-03T02:45:00.000Z,0,0,,83.9,83.9,83.7,83.8,48
1785725400,2026-08-03T02:50:00.000Z,0,0,,83.82,83.83,83.51,83.59,39
1785725700,2026-08-03T02:55:00.000Z,0,0,,83.6,83.6,83.31,83.4,99
1785726000,2026-08-03T03:00:00.000Z,0,0,,83.38,83.56,83.33,83.46,60
1785726300,2026-08-03T03:05:00.000Z,0,0,,83.43,83.56,83.43,83.53,40
1785726600,2026-08-03T03:10:00.000Z,0,0,,83.54,83.63,83.51,83.56,42
1785726900,2026-08-03T03:15:00.000Z,0,0,,83.53,83.56,83.34,83.37,54
1785727200,2026-08-03T03:20:00.000Z,0,0,,83.36,83.57,83.34,83.57,29
1785727500,2026-08-03T03:25:00.000Z,0,0,,83.55,83.62,83.52,83.59,40
1785727800,2026-08-03T03:30:00.000Z,0,0,,83.58,83.7,83.58,83.64,45
1785728100,2026-08-03T03:35:00.000Z,0,0,,83.65,83.71,83.61,83.63,27
1785728400,2026-08-03T03:40:00.000Z,0,0,,83.65,83.75,83.63,83.75,14
1785728700,2026-08-03T03:45:00.000Z,0,0,,83.78,83.79,83.63,83.63,15
1785729000,2026-08-03T03:50:00.000Z,0,0,,83.61,83.61,83.49,83.49,17
1785729300,2026-08-03T03:55:00.000Z,0,0,,83.48,83.5,83.4,83.41,11
1785729600,2026-08-03T04:00:00.000Z,0,0,,83.42,83.49,83.39,83.49,38
1785729900,2026-08-03T04:05:00.000Z,0,0,,83.46,83.5,83.38,83.46,16
1785730200,2026-08-03T04:10:00.000Z,0,0,,83.48,83.5,83.45,83.5,19
1785730500,2026-08-03T04:15:00.000Z,0,0,,83.44,83.49,83.43,83.48,11
1785730800,2026-08-03T04:20:00.000Z,0,0,,83.46,83.47,83.37,83.39,17
1785731100,2026-08-03T04:25:00.000Z,0,0,,83.42,83.42,83.34,83.37,35
1785731400,2026-08-03T04:30:00.000Z,0,0,,83.39,83.56,83.39,83.52,58
1785731700,2026-08-03T04:35:00.000Z,0,0,,83.53,83.53,83.43,83.46,20
1785732000,2026-08-03T04:40:00.000Z,0,0,,83.45,83.56,83.43,83.53,26
1785732300,2026-08-03T04:45:00.000Z,0,0,,83.52,83.52,83.36,83.37,30
1785732600,2026-08-03T04:50:00.000Z,0,0,,83.38,83.38,83.31,83.35,19
1785732900,2026-08-03T04:55:00.000Z,0,0,,83.35,83.4,83.32,83.35,22
1785733200,2026-08-03T05:00:00.000Z,0,0,,83.32,83.38,83.22,83.36,50
1785733500,2026-08-03T05:05:00.000Z,0,0,,83.32,83.33,83.17,83.31,66
1785733800,2026-08-03T05:10:00.000Z,0,0,,83.3,83.31,83.16,83.21,55
1785734100,2026-08-03T05:15:00.000Z,0,0,,83.18,83.27,83.18,83.27,23
1785734400,2026-08-03T05:20:00.000Z,0,0,,83.26,83.27,83.16,83.21,27
1785734700,2026-08-03T05:25:00.000Z,0,0,,83.24,83.27,83.15,83.23,23
1785735000,2026-08-03T05:30:00.000Z,0,0,,83.21,83.29,83.15,83.19,49
1785735300,2026-08-03T05:35:00.000Z,0,0,,83.21,83.33,83.15,83.27,54
1785735600,2026-08-03T05:40:00.000Z,0,0,,83.29,83.44,83.25,83.44,44
1785735900,2026-08-03T05:45:00.000Z,0,0,,83.42,83.57,83.38,83.55,90
1785736200,2026-08-03T05:50:00.000Z,0,0,,83.56,83.68,83.49,83.66,105
1785736500,2026-08-03T05:55:00.000Z,0,0,,83.57,83.61,83.41,83.43,48
1785736800,2026-08-03T06:00:00.000Z,0,0,,83.43,83.51,83.35,83.46,111
1785737100,2026-08-03T06:05:00.000Z,0,0,,83.47,83.47,83.31,83.35,116
1785737400,2026-08-03T06:10:00.000Z,0,0,,83.37,83.37,83.11,83.18,141
1785737700,2026-08-03T06:15:00.000Z,0,0,,83.17,83.26,83.09,83.22,170
1785738000,2026-08-03T06:20:00.000Z,0,0,,83.26,83.32,83.2,83.26,143
1785738300,2026-08-03T06:25:00.000Z,0,0,,83.27,83.28,82.97,83.02,159
1785738600,2026-08-03T06:30:00.000Z,0,0,,83.04,83.13,82.93,83.05,171
1785738900,2026-08-03T06:35:00.000Z,0,0,,83.06,83.16,83.03,83.08,98
1785739200,2026-08-03T06:40:00.000Z,0,0,,83.07,83.1,82.71,82.83,255
1785739500,2026-08-03T06:45:00.000Z,0,0,,82.85,82.94,82.75,82.85,123
1785739800,2026-08-03T06:50:00.000Z,0,0,,82.87,82.93,82.68,82.69,127
1785740100,2026-08-03T06:55:00.000Z,0,0,,82.72,82.88,82.63,82.82,121
1785740400,2026-08-03T07:00:00.000Z,0,0,,82.83,83.33,82.81,83.25,339
1785740700,2026-08-03T07:05:00.000Z,0,0,,83.26,83.41,83.15,83.33,215
1785741000,2026-08-03T07:10:00.000Z,0,0,,83.32,83.51,83.29,83.49,234
1785741300,2026-08-03T07:15:00.000Z,0,0,,83.51,84.28,83.42,84.02,719
1785741600,2026-08-03T07:20:00.000Z,0,0,,84.03,84.17,83.44,83.61,455
1785741900,2026-08-03T07:25:00.000Z,0,0,,83.62,83.78,83.52,83.74,146
1785742200,2026-08-03T07:30:00.000Z,0,0,,83.73,83.79,83.58,83.76,225
1785742500,2026-08-03T07:35:00.000Z,0,0,,83.75,84.1,83.74,84.03,229
1785742800,2026-08-03T07:40:00.000Z,0,0,,84.08,84.09,83.81,83.98,242
1785743100,2026-08-03T07:45:00.000Z,0,0,,83.99,84.03,83.54,83.56,260
1785743400,2026-08-03T07:50:00.000Z,0,0,,83.55,83.59,83.27,83.39,278
1785743700,2026-08-03T07:55:00.000Z,0,0,,83.38,83.65,83.37,83.65,197
1785744000,2026-08-03T08:00:00.000Z,0,0,,83.68,83.79,83.51,83.77,310
1785744300,2026-08-03T08:05:00.000Z,0,0,,83.8,83.99,83.68,83.96,308
1785744600,2026-08-03T08:10:00.000Z,0,0,,83.94,84,83.74,83.78,217
1785744900,2026-08-03T08:15:00.000Z,0,0,,83.79,84.16,83.77,84.01,434
1785745200,2026-08-03T08:20:00.000Z,0,0,,84.04,84.12,83.86,83.94,349
1785745500,2026-08-03T08:25:00.000Z,0,0,,83.95,84.19,83.87,83.88,982
1785745800,2026-08-03T08:30:00.000Z,0,0,,83.89,84.33,83.79,84.06,434
1785746100,2026-08-03T08:35:00.000Z,0,0,,84.07,84.33,83.97,84.17,258
1785746400,2026-08-03T08:40:00.000Z,0,0,,84.2,84.51,84.06,84.4,409
1785746700,2026-08-03T08:45:00.000Z,0,0,,84.37,84.66,84.33,84.57,313
1785747000,2026-08-03T08:50:00.000Z,0,0,,84.58,84.66,84.31,84.31,213
1785747300,2026-08-03T08:55:00.000Z,0,0,,84.29,84.35,83.99,84.13,282
1785747600,2026-08-03T09:00:00.000Z,0,0,,84.14,84.19,83.93,84.16,256
1785747900,2026-08-03T09:05:00.000Z,0,0,,84.17,84.17,84.03,84.04,172
1785748200,2026-08-03T09:10:00.000Z,0,0,,84.05,84.05,83.63,83.74,264
1785748500,2026-08-03T09:15:00.000Z,0,0,,83.77,83.91,83.73,83.73,179
1785748800,2026-08-03T09:20:00.000Z,0,0,,83.74,83.76,83.61,83.73,137
1785749100,2026-08-03T09:25:00.000Z,0,0,,83.75,83.84,83.65,83.76,185
1785749400,2026-08-03T09:30:00.000Z,0,0,,83.77,83.79,83.51,83.63,192
1785749700,2026-08-03T09:35:00.000Z,0,0,,83.64,83.75,83.43,83.73,145
1785750000,2026-08-03T09:40:00.000Z,0,0,,83.76,84.01,83.73,83.83,216
1785750300,2026-08-03T09:45:00.000Z,0,0,,83.85,83.89,83.68,83.7,173
1785750600,2026-08-03T09:50:00.000Z,0,0,,83.69,83.94,83.65,83.94,174
1785750900,2026-08-03T09:55:00.000Z,0,0,,83.92,84.07,83.8,84.03,173
1785751200,2026-08-03T10:00:00.000Z,0,0,,84,84.01,83.8,83.86,206
1785751500,2026-08-03T10:05:00.000Z,0,0,,83.89,83.98,83.74,83.77,130
1785751800,2026-08-03T10:10:00.000Z,0,0,,83.75,83.82,83.64,83.73,146
1785752100,2026-08-03T10:15:00.000Z,0,0,,83.72,83.77,83.64,83.77,141
1785752400,2026-08-03T10:20:00.000Z,0,0,,83.74,83.85,83.64,83.75,146
1785752700,2026-08-03T10:25:00.000Z,0,0,,83.76,83.85,83.72,83.8,149
1785753000,2026-08-03T10:30:00.000Z,0,0,,83.8,83.83,83.57,83.57,126
1785753300,2026-08-03T10:35:00.000Z,0,0,,83.59,83.66,83.46,83.48,202
1785753600,2026-08-03T10:40:00.000Z,0,0,,83.49,83.6,83.3,83.54,162
1785753900,2026-08-03T10:45:00.000Z,0,0,,83.56,83.56,83.37,83.47,116
1785754200,2026-08-03T10:50:00.000Z,0,0,,83.49,83.62,83.34,83.6,141
1785754500,2026-08-03T10:55:00.000Z,0,0,,83.57,83.59,83.49,83.51,81
1785754800,2026-08-03T11:00:00.000Z,0,0,,83.55,83.62,83.45,83.56,154
1785755100,2026-08-03T11:05:00.000Z,0,0,,83.57,83.57,83.27,83.47,139
1785755400,2026-08-03T11:10:00.000Z,0,0,,83.45,83.51,83.34,83.48,93
1785755700,2026-08-03T11:15:00.000Z,0,0,,83.49,83.64,83.42,83.42,129
1785756000,2026-08-03T11:20:00.000Z,0,0,,83.43,83.59,83.42,83.54,138
1785756300,2026-08-03T11:25:00.000Z,0,0,,83.53,83.68,83.46,83.65,163
1785756600,2026-08-03T11:30:00.000Z,0,0,,83.65,83.67,83.55,83.62,131
1785756900,2026-08-03T11:35:00.000Z,0,0,,83.66,83.75,83.55,83.59,105
1785757200,2026-08-03T11:40:00.000Z,0,0,,83.6,83.6,83.36,83.45,156
1785757500,2026-08-03T11:45:00.000Z,0,0,,83.46,83.54,83.15,83.19,143
1785757800,2026-08-03T11:50:00.000Z,0,0,,83.21,83.29,83.1,83.16,260
1785758100,2026-08-03T11:55:00.000Z,0,0,,83.17,83.2,82.76,82.87,359
1785758400,2026-08-03T12:00:00.000Z,0,0,,82.9,83.14,82.83,82.95,332
1785758700,2026-08-03T12:05:00.000Z,0,0,,82.97,83.07,82.86,83.05,181
1785759000,2026-08-03T12:10:00.000Z,0,0,,83.03,83.06,82.92,82.94,143
1785759300,2026-08-03T12:15:00.000Z,0,0,,82.91,82.99,82.79,82.83,221
1785759600,2026-08-03T12:20:00.000Z,0,0,,82.84,83.11,82.81,83.07,216
1785759900,2026-08-03T12:25:00.000Z,0,0,,83.09,83.27,83,83.15,201
1785760200,2026-08-03T12:30:00.000Z,0,0,,83.16,83.17,82.87,82.98,249
1785760500,2026-08-03T12:35:00.000Z,0,0,,82.99,83.11,82.9,82.97,130
1785760800,2026-08-03T12:40:00.000Z,0,0,,82.98,83.04,82.88,82.91,136
1785761100,2026-08-03T12:45:00.000Z,0,0,,82.9,83.23,82.78,83.21,315
1785761400,2026-08-03T12:50:00.000Z,0,0,,83.24,83.29,83.03,83.06,289
1785761700,2026-08-03T12:55:00.000Z,0,0,,83.05,83.09,82.87,82.97,271
1785762000,2026-08-03T13:00:00.000Z,0,0,,83,83.06,82.86,83.02,492
1785762300,2026-08-03T13:05:00.000Z,0,0,,83.04,83.17,82.87,82.96,348
1785762600,2026-08-03T13:10:00.000Z,0,0,,82.96,83.55,82.93,83.51,433
1785762900,2026-08-03T13:15:00.000Z,0,0,,83.53,83.58,83.33,83.44,371
1785763200,2026-08-03T13:20:00.000Z,0,0,,83.42,83.61,83.34,83.59,298
1785763500,2026-08-03T13:25:00.000Z,0,0,,83.62,83.69,83.53,83.54,335
1785763800,2026-08-03T13:30:00.000Z,0,0,,83.57,83.63,82.92,82.97,453
1785764100,2026-08-03T13:35:00.000Z,0,0,,83,83.1,82.93,82.94,334
1785764400,2026-08-03T13:40:00.000Z,0,0,,82.96,82.98,82.71,82.87,410
1785764700,2026-08-03T13:45:00.000Z,0,0,,82.88,82.93,82.74,82.83,242
1785765000,2026-08-03T13:50:00.000Z,0,0,,82.82,83.07,82.79,83,259
1785765300,2026-08-03T13:55:00.000Z,0,0,,82.99,83.28,82.94,83.16,217
1785765600,2026-08-03T14:00:00.000Z,0,0,,83.19,83.32,83.11,83.2,326
1785765900,2026-08-03T14:05:00.000Z,0,0,,83.22,83.34,83.13,83.33,241
1785766200,2026-08-03T14:10:00.000Z,0,0,,83.34,83.46,83.29,83.4,305
1785766500,2026-08-03T14:15:00.000Z,0,0,,83.39,83.54,83.32,83.45,220
1785766800,2026-08-03T14:20:00.000Z,0,0,,83.44,83.44,83.18,83.37,235
1785767100,2026-08-03T14:25:00.000Z,0,0,,83.36,83.38,83.2,83.31,191
1785767400,2026-08-03T14:30:00.000Z,0,0,,83.34,83.69,83.33,83.47,356
1785767700,2026-08-03T14:35:00.000Z,0,0,,83.48,83.57,83.3,83.5,348
1785768000,2026-08-03T14:40:00.000Z,0,0,,83.51,83.59,83.39,83.53,231
1785768300,2026-08-03T14:45:00.000Z,0,0,,83.52,83.6,83.43,83.55,205
1785768600,2026-08-03T14:50:00.000Z,0,0,,83.58,83.69,83.42,83.66,503
1785768900,2026-08-03T14:55:00.000Z,0,0,,83.68,83.79,83.59,83.76,331
1785769200,2026-08-03T15:00:00.000Z,0,0,,83.79,84.06,83.78,83.89,550
1785769500,2026-08-03T15:05:00.000Z,0,0,,83.87,83.94,83.56,83.6,499
1785769800,2026-08-03T15:10:00.000Z,0,0,,83.62,83.83,83.61,83.78,351
1785770100,2026-08-03T15:15:00.000Z,0,0,,83.8,83.81,83.68,83.7,315
1785770400,2026-08-03T15:20:00.000Z,0,0,,83.72,83.95,83.68,83.92,467
1785770700,2026-08-03T15:25:00.000Z,0,0,,83.94,84.54,83.88,84.3,2022
1785771000,2026-08-03T15:30:00.000Z,0,0,,84.31,84.33,83.91,83.93,607
1785771300,2026-08-03T15:35:00.000Z,0,0,,83.97,83.97,83.68,83.89,388
1785771600,2026-08-03T15:40:00.000Z,0,0,,83.9,84.06,83.83,84.02,297
1785771900,2026-08-03T15:45:00.000Z,0,0,,84.04,84.11,83.88,83.89,178
1785772200,2026-08-03T15:50:00.000Z,0,0,,83.91,83.93,83.77,83.85,264
1785772500,2026-08-03T15:55:00.000Z,0,0,,83.87,83.99,83.82,83.85,211
1785772800,2026-08-03T16:00:00.000Z,0,0,,83.83,83.83,83.65,83.75,235
1785773100,2026-08-03T16:05:00.000Z,0,0,,83.74,83.82,83.63,83.69,230
1785773400,2026-08-03T16:10:00.000Z,0,0,,83.72,83.84,83.71,83.8,154
1785773700,2026-08-03T16:15:00.000Z,0,0,,83.78,83.84,83.72,83.72,134
1785774000,2026-08-03T16:20:00.000Z,0,0,,83.74,83.74,83.56,83.62,161
1785774300,2026-08-03T16:25:00.000Z,0,0,,83.6,83.73,83.42,83.55,378
1785774600,2026-08-03T16:30:00.000Z,0,0,,83.58,83.82,83.53,83.75,299
1785774900,2026-08-03T16:35:00.000Z,0,0,,83.74,83.89,83.72,83.82,154
1785775200,2026-08-03T16:40:00.000Z,0,0,,83.81,83.85,83.69,83.7,152
1785775500,2026-08-03T16:45:00.000Z,0,0,,83.72,83.73,83.61,83.65,155
1785775800,2026-08-03T16:50:00.000Z,0,0,,83.66,83.66,83.45,83.47,176
1785776100,2026-08-03T16:55:00.000Z,0,0,,83.48,83.55,83.39,83.51,164
1785776400,2026-08-03T17:00:00.000Z,0,0,,83.53,83.91,83.51,83.84,224
1785776700,2026-08-03T17:05:00.000Z,0,0,,83.82,83.88,83.77,83.82,169
1785777000,2026-08-03T17:10:00.000Z,0,0,,83.81,83.93,83.77,83.78,163
1785777300,2026-08-03T17:15:00.000Z,0,0,,83.8,83.8,83.62,83.66,139
1785777600,2026-08-03T17:20:00.000Z,0,0,,83.66,83.74,83.61,83.64,132
1785777900,2026-08-03T17:25:00.000Z,0,0,,83.65,83.67,83.53,83.62,144
1785778200,2026-08-03T17:30:00.000Z,0,0,,83.61,83.66,83.52,83.61,132
1785778500,2026-08-03T17:35:00.000Z,0,0,,83.64,83.65,83.55,83.6,103
1785778800,2026-08-03T17:40:00.000Z,0,0,,83.57,83.61,83.45,83.45,81
1785779100,2026-08-03T17:45:00.000Z,0,0,,83.46,83.64,83.42,83.55,130
1785779400,2026-08-03T17:50:00.000Z,0,0,,83.58,83.9,83.54,83.88,265
1785779700,2026-08-03T17:55:00.000Z,0,0,,83.89,83.89,83.62,83.62,227
1785780000,2026-08-03T18:00:00.000Z,0,0,,83.63,83.65,83.04,83.08,726
1785780300,2026-08-03T18:05:00.000Z,0,0,,83.11,83.4,83.02,83.26,338
1785780600,2026-08-03T18:10:00.000Z,0,0,,83.27,83.57,83.08,83.29,416
1785780900,2026-08-03T18:15:00.000Z,0,0,,83.32,83.5,83.27,83.45,304
1785781200,2026-08-03T18:20:00.000Z,0,0,,83.47,83.67,83.39,83.62,378
1785781500,2026-08-03T18:25:00.000Z,0,0,,83.65,83.91,83.57,83.81,995
1785781800,2026-08-03T18:30:00.000Z,0,0,,83.83,83.85,83.62,83.75,209
1785782100,2026-08-03T18:35:00.000Z,0,0,,83.74,83.9,83.71,83.74,218
1785782400,2026-08-03T18:40:00.000Z,0,0,,83.75,83.89,83.67,83.86,176
1785782700,2026-08-03T18:45:00.000Z,0,0,,83.85,84,83.85,83.91,144
1785783000,2026-08-03T18:50:00.000Z,0,0,,83.94,84.13,83.89,83.94,202
1785783300,2026-08-03T18:55:00.000Z,0,0,,83.95,83.99,83.82,83.85,139
1785783600,2026-08-03T19:00:00.000Z,0,0,,83.87,83.95,83.76,83.9,138
1785783900,2026-08-03T19:05:00.000Z,0,0,,83.91,84.24,83.88,84.05,238
1785784200,2026-08-03T19:10:00.000Z,0,0,,84.06,84.16,84.01,84.07,172
1785784500,2026-08-03T19:15:00.000Z,0,0,,84.06,84.1,83.8,83.87,124
1785784800,2026-08-03T19:20:00.000Z,0,0,,83.84,83.98,83.79,83.96,56
1785785100,2026-08-03T19:25:00.000Z,0,0,,83.95,83.98,83.9,83.98,46
1785785400,2026-08-03T19:30:00.000Z,0,0,,83.99,84,83.8,83.82,59
1785785700,2026-08-03T19:35:00.000Z,0,0,,83.84,83.87,83.73,83.81,113
1785786000,2026-08-03T19:40:00.000Z,0,0,,83.83,83.83,83.72,83.78,89
1785786300,2026-08-03T19:45:00.000Z,0,0,,83.81,83.86,83.76,83.82,55
1785786600,2026-08-03T19:50:00.000Z,0,0,,83.81,83.82,83.71,83.72,61
1785786900,2026-08-03T19:55:00.000Z,0,0,,83.73,83.77,83.68,83.68,65
1785787200,2026-08-03T20:00:00.000Z,0,0,,83.72,83.79,83.63,83.74,63
1785787500,2026-08-03T20:05:00.000Z,0,0,,83.76,83.8,83.63,83.78,66
1785787800,2026-08-03T20:10:00.000Z,0,0,,83.77,83.83,83.7,83.78,60
1785788100,2026-08-03T20:15:00.000Z,0,0,,83.77,83.8,83.71,83.77,35
1785788400,2026-08-03T20:20:00.000Z,0,0,,83.76,83.79,83.68,83.7,28
1785788700,2026-08-03T20:25:00.000Z,0,0,,83.71,83.72,83.59,83.62,38
1785789000,2026-08-03T20:30:00.000Z,0,0,,83.62,83.62,83.36,83.51,60
1785789300,2026-08-03T20:35:00.000Z,0,0,,83.49,83.56,83.48,83.54,20
1785789600,2026-08-03T20:40:00.000Z,0,0,,83.51,83.56,83.48,83.49,22
1785789900,2026-08-03T20:45:00.000Z,0,0,,83.5,83.63,83.48,83.63,57
1785790200,2026-08-03T20:50:00.000Z,0,0,,83.61,83.64,83.42,83.61,43
1785790500,2026-08-03T20:55:00.000Z,0,0,,83.59,83.61,83.52,83.54,42
1785790800,2026-08-03T21:00:00.000Z,0,0,,83.55,83.55,83.55,83.55,1
1785791100,2026-08-03T21:05:00.000Z,0,0,,83.54,83.67,83.54,83.67,5
1785791400,2026-08-03T21:10:00.000Z,0,0,,83.7,83.74,83.7,83.74,5
1785792000,2026-08-03T21:20:00.000Z,0,0,,83.75,83.8,83.75,83.77,3
1785792300,2026-08-03T21:25:00.000Z,0,0,,83.79,83.79,83.75,83.79,4
1785792900,2026-08-03T21:35:00.000Z,0,0,,83.76,83.76,83.76,83.76,1
1785793200,2026-08-03T21:40:00.000Z,0,0,,83.77,83.81,83.57,83.63,19
1785793500,2026-08-03T21:45:00.000Z,0,0,,83.76,83.76,83.76,83.76,1
1785794100,2026-08-03T21:55:00.000Z,0,0,,83.59,83.69,83.59,83.69,3
1785801600,2026-08-04T00:00:00.000Z,0,0,,83.83,84.06,83.8,84.01,100
1785801900,2026-08-04T00:05:00.000Z,0,0,,84.02,84.25,84.01,84.07,70
1785802200,2026-08-04T00:10:00.000Z,0,0,,84.06,84.19,84.02,84.19,60
1785802500,2026-08-04T00:15:00.000Z,0,0,,84.17,84.36,84.16,84.36,46
1785802800,2026-08-04T00:20:00.000Z,0,0,,84.35,84.35,84.19,84.19,29
1785803100,2026-08-04T00:25:00.000Z,0,0,,84.1,84.18,84.05,84.15,21
1785803400,2026-08-04T00:30:00.000Z,0,0,,84.13,84.22,84.12,84.21,29
1785803700,2026-08-04T00:35:00.000Z,0,0,,84.2,84.22,84.13,84.13,14
1785804000,2026-08-04T00:40:00.000Z,0,0,,84.16,84.23,84.13,84.15,16
1785804300,2026-08-04T00:45:00.000Z,0,0,,84.17,84.22,84.12,84.21,12
1785804600,2026-08-04T00:50:00.000Z,0,0,,84.22,84.38,84.18,84.34,37
1785804900,2026-08-04T00:55:00.000Z,0,0,,84.32,84.57,84.3,84.52,78
1785805200,2026-08-04T01:00:00.000Z,0,0,,84.53,84.74,84.32,84.38,182
1785805500,2026-08-04T01:05:00.000Z,0,0,,84.37,84.54,84.27,84.36,115
1785805800,2026-08-04T01:10:00.000Z,0,0,,84.32,84.39,84.23,84.27,59
1785806100,2026-08-04T01:15:00.000Z,0,0,,84.25,84.3,84.17,84.22,35
1785806400,2026-08-04T01:20:00.000Z,0,0,,84.21,84.3,84.16,84.24,49
1785806700,2026-08-04T01:25:00.000Z,0,0,,84.26,84.3,84.21,84.27,38
1785807000,2026-08-04T01:30:00.000Z,0,0,,84.29,84.38,84.21,84.22,17
1785807300,2026-08-04T01:35:00.000Z,0,0,,84.26,84.47,84.23,84.45,46
1785807600,2026-08-04T01:40:00.000Z,0,0,,84.42,84.49,84.37,84.45,108
1785807900,2026-08-04T01:45:00.000Z,0,0,,84.43,84.53,84.43,84.48,41
1785808200,2026-08-04T01:50:00.000Z,0,0,,84.47,84.55,84.44,84.53,31
1785808500,2026-08-04T01:55:00.000Z,0,0,,84.54,84.63,84.49,84.51,64
1785808800,2026-08-04T02:00:00.000Z,0,0,,84.53,84.54,84.39,84.43,38
1785809100,2026-08-04T02:05:00.000Z,0,0,,84.44,84.67,84.39,84.63,45
1785809400,2026-08-04T02:10:00.000Z,0,0,,84.62,84.7,84.59,84.64,78
1785809700,2026-08-04T02:15:00.000Z,0,0,,84.66,84.66,84.48,84.54,60
1785810000,2026-08-04T02:20:00.000Z,0,0,,84.57,84.71,84.56,84.62,112
1785810300,2026-08-04T02:25:00.000Z,0,0,,84.62,84.69,84.59,84.61,61
1785810600,2026-08-04T02:30:00.000Z,0,0,,84.64,84.79,84.58,84.78,83
1785810900,2026-08-04T02:35:00.000Z,0,0,,84.79,84.88,84.68,84.71,102
1785811200,2026-08-04T02:40:00.000Z,0,0,,84.73,84.82,84.68,84.76,27
1785811500,2026-08-04T02:45:00.000Z,0,0,,84.7,84.77,84.69,84.75,29
1785811800,2026-08-04T02:50:00.000Z,0,0,,84.73,84.81,84.7,84.73,33
1785812100,2026-08-04T02:55:00.000Z,0,0,,84.76,84.87,84.72,84.82,44
1785812400,2026-08-04T03:00:00.000Z,0,0,,84.82,84.94,84.77,84.89,71
1785812700,2026-08-04T03:05:00.000Z,0,0,,84.91,84.99,84.81,84.97,63
1785813000,2026-08-04T03:10:00.000Z,0,0,,84.99,85,84.81,84.82,60
1785813300,2026-08-04T03:15:00.000Z,0,0,,84.81,84.9,84.74,84.83,34
1785813600,2026-08-04T03:20:00.000Z,0,0,,84.81,84.86,84.8,84.84,19
1785813900,2026-08-04T03:25:00.000Z,0,0,,84.85,84.85,84.75,84.75,28
1785814200,2026-08-04T03:30:00.000Z,0,0,,84.7,84.75,84.67,84.69,24
1785814500,2026-08-04T03:35:00.000Z,0,0,,84.69,84.86,84.69,84.82,33
1785814800,2026-08-04T03:40:00.000Z,0,0,,84.87,84.97,84.87,84.92,20
1785815100,2026-08-04T03:45:00.000Z,0,0,,84.95,84.96,84.84,84.87,15
1785815400,2026-08-04T03:50:00.000Z,0,0,,84.86,84.91,84.82,84.91,9
1785815700,2026-08-04T03:55:00.000Z,0,0,,84.9,85.06,84.88,85.01,34
1785816000,2026-08-04T04:00:00.000Z,0,0,,85.02,85.03,84.9,84.92,42
1785816300,2026-08-04T04:05:00.000Z,0,0,,84.93,85.06,84.92,84.99,60
1785816600,2026-08-04T04:10:00.000Z,0,0,,84.96,85.04,84.94,85.03,28
1785816900,2026-08-04T04:15:00.000Z,0,0,,85.01,85.04,84.89,84.96,51
1785817200,2026-08-04T04:20:00.000Z,0,0,,84.97,84.97,84.89,84.93,16
1785817500,2026-08-04T04:25:00.000Z,0,0,,84.89,84.9,84.84,84.86,15
1785817800,2026-08-04T04:30:00.000Z,0,0,,84.85,84.92,84.85,84.92,8
1785818100,2026-08-04T04:35:00.000Z,0,0,,84.9,84.91,84.89,84.89,3
1785818400,2026-08-04T04:40:00.000Z,0,0,,84.91,85.05,84.88,85.04,38
1785818700,2026-08-04T04:45:00.000Z,0,0,,85,85.07,84.99,84.99,16
1785819000,2026-08-04T04:50:00.000Z,0,0,,85.02,85.07,85.01,85.01,8
1785819300,2026-08-04T04:55:00.000Z,0,0,,85.05,85.06,84.99,84.99,22
1785819600,2026-08-04T05:00:00.000Z,0,0,,85.03,85.09,84.99,84.99,39
1785819900,2026-08-04T05:05:00.000Z,0,0,,84.97,85.05,84.94,85.05,20
1785820200,2026-08-04T05:10:00.000Z,0,0,,85.03,85.21,85.03,85.1,78
1785820500,2026-08-04T05:15:00.000Z,0,0,,85.11,85.18,85.09,85.1,41
1785820800,2026-08-04T05:20:00.000Z,0,0,,85.09,85.15,85.04,85.1,31
1785821100,2026-08-04T05:25:00.000Z,0,0,,85.09,85.14,85.08,85.12,10
1785821400,2026-08-04T05:30:00.000Z,0,0,,85.16,85.27,85.14,85.27,89
1785821700,2026-08-04T05:35:00.000Z,0,0,,85.27,85.27,85.05,85.11,74
1785822000,2026-08-04T05:40:00.000Z,0,0,,85.09,85.1,84.93,85.09,201
1785822300,2026-08-04T05:45:00.000Z,0,0,,85.15,85.22,85.05,85.06,70
1785822600,2026-08-04T05:50:00.000Z,0,0,,85.08,85.08,84.81,84.87,120
1785822900,2026-08-04T05:55:00.000Z,0,0,,84.9,84.9,84.75,84.76,84
1785823200,2026-08-04T06:00:00.000Z,0,0,,84.79,84.98,84.74,84.83,129
1785823500,2026-08-04T06:05:00.000Z,0,0,,84.8,84.86,84.74,84.78,79
1785823800,2026-08-04T06:10:00.000Z,0,0,,84.79,84.83,84.64,84.66,67
1785824100,2026-08-04T06:15:00.000Z,0,0,,84.67,84.92,84.66,84.92,72
1785824400,2026-08-04T06:20:00.000Z,0,0,,84.91,85.01,84.89,84.95,88
1785824700,2026-08-04T06:25:00.000Z,0,0,,84.98,85.01,84.74,84.82,126
1785825000,2026-08-04T06:30:00.000Z,0,0,,84.84,84.9,84.74,84.88,74
1785825300,2026-08-04T06:35:00.000Z,0,0,,84.89,84.93,84.81,84.85,67
1785825600,2026-08-04T06:40:00.000Z,0,0,,84.82,84.89,84.61,84.63,105
1785825900,2026-08-04T06:45:00.000Z,0,0,,84.65,84.81,84.62,84.7,138
1785826200,2026-08-04T06:50:00.000Z,0,0,,84.67,84.78,84.65,84.67,111
1785826500,2026-08-04T06:55:00.000Z,0,0,,84.68,84.69,84.47,84.48,134
1785826800,2026-08-04T07:00:00.000Z,0,0,,84.49,84.6,84.29,84.46,281
1785827100,2026-08-04T07:05:00.000Z,0,0,,84.46,84.55,84.37,84.5,223
1785827400,2026-08-04T07:10:00.000Z,0,0,,84.51,84.72,84.48,84.66,150
1785827700,2026-08-04T07:15:00.000Z,0,0,,84.65,84.71,84.51,84.56,140
1785828000,2026-08-04T07:20:00.000Z,0,0,,84.55,84.89,84.53,84.81,145
1785828300,2026-08-04T07:25:00.000Z,0,0,,84.83,85.01,84.78,84.96,176
1785828600,2026-08-04T07:30:00.000Z,0,0,,84.99,85.05,84.85,85,172
1785828900,2026-08-04T07:35:00.000Z,0,0,,85.01,85.03,84.88,84.93,162
1785829200,2026-08-04T07:40:00.000Z,0,0,,84.89,85.03,84.84,84.99,99
1785829500,2026-08-04T07:45:00.000Z,0,0,,85.01,85.05,84.88,84.88,110
1785829800,2026-08-04T07:50:00.000Z,0,0,,84.91,85.04,84.88,85.01,169
1785830100,2026-08-04T07:55:00.000Z,0,0,,84.99,85,84.83,84.87,163
1785830400,2026-08-04T08:00:00.000Z,0,0,,84.89,84.95,84.61,84.83,279
1785830700,2026-08-04T08:05:00.000Z,0,0,,84.81,85.15,84.77,85.06,304
1785831000,2026-08-04T08:10:00.000Z,0,0,,85.07,85.12,84.97,84.98,214
1785831300,2026-08-04T08:15:00.000Z,0,0,,84.98,85.16,84.91,84.98,350
1785831600,2026-08-04T08:20:00.000Z,0,0,,84.99,85.17,84.96,85.01,354
1785831900,2026-08-04T08:25:00.000Z,0,0,,85.04,85.16,84.99,85,940
1785832200,2026-08-04T08:30:00.000Z,0,0,,85.03,85.58,85.01,85.54,599
1785832500,2026-08-04T08:35:00.000Z,0,0,,85.53,85.78,85.44,85.59,446
1785832800,2026-08-04T08:40:00.000Z,0,0,,85.61,85.99,85.5,85.85,351
1785833100,2026-08-04T08:45:00.000Z,0,0,,85.87,86.01,85.76,85.95,340
1785833400,2026-08-04T08:50:00.000Z,0,0,,85.95,86.3,85.85,86.28,361
1785833700,2026-08-04T08:55:00.000Z,0,0,,86.3,86.33,86.11,86.12,243
1785834000,2026-08-04T09:00:00.000Z,0,0,,86.16,86.17,85.99,86.05,281
1785834300,2026-08-04T09:05:00.000Z,0,0,,86.06,86.26,86.02,86.04,351
1785834600,2026-08-04T09:10:00.000Z,0,0,,86.05,86.16,85.99,86.1,261
1785834900,2026-08-04T09:15:00.000Z,0,0,,86.12,86.15,85.93,85.95,214
1785835200,2026-08-04T09:20:00.000Z,0,0,,85.96,86.19,85.91,86,207
1785835500,2026-08-04T09:25:00.000Z,0,0,,86.03,86.12,85.82,85.89,214
1785835800,2026-08-04T09:30:00.000Z,0,0,,85.91,86.05,85.76,85.8,204
1785836100,2026-08-04T09:35:00.000Z,0,0,,85.81,85.85,85.68,85.71,190
1785836400,2026-08-04T09:40:00.000Z,0,0,,85.72,86.07,85.67,86.05,173
1785836700,2026-08-04T09:45:00.000Z,0,0,,86.04,86.22,86,86.06,321
1785837000,2026-08-04T09:50:00.000Z,0,0,,86.1,86.26,86.09,86.19,198
1785837300,2026-08-04T09:55:00.000Z,0,0,,86.18,86.23,85.86,85.86,221
1785837600,2026-08-04T10:00:00.000Z,0,0,,85.84,85.9,85.71,85.72,181
1785837900,2026-08-04T10:05:00.000Z,0,0,,85.73,85.75,85.53,85.64,256
1785838200,2026-08-04T10:10:00.000Z,0,0,,85.63,85.83,85.44,85.83,339
1785838500,2026-08-04T10:15:00.000Z,0,0,,85.81,85.97,85.63,85.71,201
1785838800,2026-08-04T10:20:00.000Z,0,0,,85.72,85.9,85.63,85.84,162
1785839100,2026-08-04T10:25:00.000Z,0,0,,85.83,85.97,85.78,85.93,178
1785839400,2026-08-04T10:30:00.000Z,0,0,,85.92,85.92,85.64,85.74,208
1785839700,2026-08-04T10:35:00.000Z,0,0,,85.72,85.8,85.56,85.65,161
1785840000,2026-08-04T10:40:00.000Z,0,0,,85.67,85.71,85.06,85.3,625
1785840300,2026-08-04T10:45:00.000Z,0,0,,85.31,85.31,84.24,84.64,1692
1785840600,2026-08-04T10:50:00.000Z,0,0,,84.63,84.87,84.45,84.73,582
1785840900,2026-08-04T10:55:00.000Z,0,0,,84.76,84.78,84.45,84.66,440
1785841200,2026-08-04T11:00:00.000Z,0,0,,84.67,84.81,84.38,84.47,454
1785841500,2026-08-04T11:05:00.000Z,0,0,,84.49,84.7,84.09,84.14,348
1785841800,2026-08-04T11:10:00.000Z,0,0,,84.16,84.2,83.77,84.02,570
1785842100,2026-08-04T11:15:00.000Z,0,0,,84.03,84.07,83.73,83.74,370
1785842400,2026-08-04T11:20:00.000Z,0,0,,83.78,83.99,83.65,83.93,316
1785842700,2026-08-04T11:25:00.000Z,0,0,,83.92,83.93,83.52,83.55,241
1785843000,2026-08-04T11:30:00.000Z,0,0,,83.55,83.82,83.54,83.75,233
1785843300,2026-08-04T11:35:00.000Z,0,0,,83.76,83.89,83.35,83.45,373
1785843600,2026-08-04T11:40:00.000Z,0,0,,83.47,83.56,82.38,82.45,1298
1785843900,2026-08-04T11:45:00.000Z,0,0,,82.46,82.69,81.71,81.9,1592
1785844200,2026-08-04T11:50:00.000Z,0,0,,81.91,82.1,81.05,81.17,1752
1785844500,2026-08-04T11:55:00.000Z,0,0,,81.19,81.32,80.46,80.53,1454
1785844800,2026-08-04T12:00:00.000Z,0,0,,80.55,81.51,80.55,81.41,1524
1785845100,2026-08-04T12:05:00.000Z,0,0,,81.43,81.85,81.39,81.55,926
1785845400,2026-08-04T12:10:00.000Z,0,0,,81.56,81.99,81.54,81.89,506
1785845700,2026-08-04T12:15:00.000Z,0,0,,81.9,82.09,81.67,81.73,480
1785846000,2026-08-04T12:20:00.000Z,0,0,,81.74,82.01,81.67,81.97,453
1785846300,2026-08-04T12:25:00.000Z,0,0,,81.98,82.01,81.77,81.87,305
1785846600,2026-08-04T12:30:00.000Z,0,0,,81.88,81.98,81.64,81.65,318
1785846900,2026-08-04T12:35:00.000Z,0,0,,81.67,81.88,81.63,81.75,319
1785847200,2026-08-04T12:40:00.000Z,0,0,,81.76,81.96,81.69,81.85,259
1785847500,2026-08-04T12:45:00.000Z,0,0,,81.84,81.91,81.65,81.72,233
1785847800,2026-08-04T12:50:00.000Z,0,0,,81.73,81.73,81.3,81.35,457
1785848100,2026-08-04T12:55:00.000Z,0,0,,81.34,81.46,81.15,81.42,343
1785848400,2026-08-04T13:00:00.000Z,0,0,,81.45,81.87,81.34,81.67,812
1785848700,2026-08-04T13:05:00.000Z,0,0,,81.69,81.76,81.41,81.52,455
1785849000,2026-08-04T13:10:00.000Z,0,0,,81.54,81.79,81.42,81.44,345
1785849300,2026-08-04T13:15:00.000Z,0,0,,81.46,81.62,81.43,81.5,238
1785849600,2026-08-04T13:20:00.000Z,0,0,,81.48,81.55,80.43,80.63,2785
1785849900,2026-08-04T13:25:00.000Z,0,0,,80.66,80.67,80.05,80.23,1110
1785850200,2026-08-04T13:30:00.000Z,0,0,,80.24,80.37,79.73,80.28,1113
1785850500,2026-08-04T13:35:00.000Z,0,0,,80.26,80.28,79.74,79.77,731
1785850800,2026-08-04T13:40:00.000Z,0,0,,79.8,80.35,79.78,80.19,797
1785851100,2026-08-04T13:45:00.000Z,0,0,,80.21,80.31,79.92,80.03,604
1785851400,2026-08-04T13:50:00.000Z,0,0,,80.02,80.08,79.74,79.74,594
1785851700,2026-08-04T13:55:00.000Z,0,0,,79.77,79.85,79.51,79.81,593
1785852000,2026-08-04T14:00:00.000Z,0,0,,79.82,80.16,79.82,80.05,885
1785852300,2026-08-04T14:05:00.000Z,0,0,,80.07,80.18,79.75,79.78,468
1785852600,2026-08-04T14:10:00.000Z,0,0,,79.79,79.8,79.5,79.67,735
1785852900,2026-08-04T14:15:00.000Z,0,0,,79.71,79.94,79.58,79.82,451
1785853200,2026-08-04T14:20:00.000Z,0,0,,79.81,80.01,79.71,79.9,419
1785853500,2026-08-04T14:25:00.000Z,0,0,,79.89,80.29,79.89,80.24,439
1785853800,2026-08-04T14:30:00.000Z,0,0,,80.28,80.7,80.25,80.35,802
1785854100,2026-08-04T14:35:00.000Z,0,0,,80.36,80.55,79.9,80.39,897
1785854400,2026-08-04T14:40:00.000Z,0,0,,80.43,80.66,80.34,80.55,390
1785854700,2026-08-04T14:45:00.000Z,0,0,,80.57,80.6,80.38,80.46,195
1785855000,2026-08-04T14:50:00.000Z,0,0,,80.47,80.56,80.26,80.54,319
1785855300,2026-08-04T14:55:00.000Z,0,0,,80.52,80.66,80.44,80.55,236
1785855600,2026-08-04T15:00:00.000Z,0,0,,80.55,80.72,80.49,80.62,365
1785855900,2026-08-04T15:05:00.000Z,0,0,,80.63,80.78,80.56,80.65,678
1785856200,2026-08-04T15:10:00.000Z,0,0,,80.66,80.76,80.48,80.62,424
1785856500,2026-08-04T15:15:00.000Z,0,0,,80.58,80.58,80.36,80.44,440
1785856800,2026-08-04T15:20:00.000Z,0,0,,80.45,80.54,80.2,80.34,613
1785857100,2026-08-04T15:25:00.000Z,0,0,,80.35,80.5,79.99,80.04,1185
1785857400,2026-08-04T15:30:00.000Z,0,0,,80.07,80.17,79.61,79.66,1031
1785857700,2026-08-04T15:35:00.000Z,0,0,,79.68,79.75,78.72,79.04,1859
1785858000,2026-08-04T15:40:00.000Z,0,0,,79.05,79.14,78.7,78.91,1021
1785858300,2026-08-04T15:45:00.000Z,0,0,,78.94,79.29,78.85,79.27,636
1785858600,2026-08-04T15:50:00.000Z,0,0,,79.3,79.44,79.03,79.04,599
1785858900,2026-08-04T15:55:00.000Z,0,0,,79.06,79.21,78.97,79.19,347
1785859200,2026-08-04T16:00:00.000Z,0,0,,79.21,79.46,79.17,79.37,333
1785859500,2026-08-04T16:05:00.000Z,0,0,,79.39,79.51,79.3,79.33,297
1785859800,2026-08-04T16:10:00.000Z,0,0,,79.35,79.61,79.33,79.59,253
1785860100,2026-08-04T16:15:00.000Z,0,0,,79.58,79.73,79.51,79.62,252
1785860400,2026-08-04T16:20:00.000Z,0,0,,79.63,79.63,79.37,79.39,204
1785860700,2026-08-04T16:25:00.000Z,0,0,,79.38,79.43,79.3,79.4,178
1785861000,2026-08-04T16:30:00.000Z,0,0,,79.45,79.68,79.44,79.65,175
1785861300,2026-08-04T16:35:00.000Z,0,0,,79.66,79.78,79.54,79.63,203
1785861600,2026-08-04T16:40:00.000Z,0,0,,79.62,79.77,79.58,79.6,132
1785861900,2026-08-04T16:45:00.000Z,0,0,,79.62,79.88,79.55,79.81,198
1785862200,2026-08-04T16:50:00.000Z,0,0,,79.83,79.93,79.7,79.73,169
1785862500,2026-08-04T16:55:00.000Z,0,0,,79.74,79.78,79.53,79.67,180
1785862800,2026-08-04T17:00:00.000Z,0,0,,79.68,79.75,79.49,79.52,203
1785863100,2026-08-04T17:05:00.000Z,0,0,,79.54,79.58,79.43,79.55,145
1785863400,2026-08-04T17:10:00.000Z,0,0,,79.56,79.56,79.1,79.16,326
1785863700,2026-08-04T17:15:00.000Z,0,0,,79.14,79.47,79.1,79.45,232
1785864000,2026-08-04T17:20:00.000Z,0,0,,79.43,79.47,79.32,79.35,165
1785864300,2026-08-04T17:25:00.000Z,0,0,,79.36,79.46,79.31,79.44,199
1785864600,2026-08-04T17:30:00.000Z,0,0,,79.46,79.54,79.22,79.24,174
1785864900,2026-08-04T17:35:00.000Z,0,0,,79.25,79.32,79.14,79.21,197
1785865200,2026-08-04T17:40:00.000Z,0,0,,79.22,79.24,79.1,79.15,216
1785865500,2026-08-04T17:45:00.000Z,0,0,,79.16,79.35,79.14,79.32,244
1785865800,2026-08-04T17:50:00.000Z,0,0,,79.29,79.49,79.26,79.29,288
1785866100,2026-08-04T17:55:00.000Z,0,0,,79.31,79.41,79.19,79.41,200
1785866400,2026-08-04T18:00:00.000Z,0,0,,79.43,79.5,79.33,79.36,325
1785866700,2026-08-04T18:05:00.000Z,0,0,,79.38,79.44,79.2,79.35,344
1785867000,2026-08-04T18:10:00.000Z,0,0,,79.34,79.54,79.27,79.27,323
1785867300,2026-08-04T18:15:00.000Z,0,0,,79.3,79.42,79.18,79.24,300
1785867600,2026-08-04T18:20:00.000Z,0,0,,79.23,79.32,79.12,79.26,432
1785867900,2026-08-04T18:25:00.000Z,0,0,,79.28,79.42,79.24,79.32,652
1785868200,2026-08-04T18:30:00.000Z,0,0,,79.34,79.51,79.23,79.48,221
1785868500,2026-08-04T18:35:00.000Z,0,0,,79.47,79.59,79.42,79.56,133
1785868800,2026-08-04T18:40:00.000Z,0,0,,79.58,79.6,79.44,79.45,82
1785869100,2026-08-04T18:45:00.000Z,0,0,,79.46,79.51,79.39,79.43,98
1785869400,2026-08-04T18:50:00.000Z,0,0,,79.42,79.43,79.34,79.37,51
1785869700,2026-08-04T18:55:00.000Z,0,0,,79.38,79.43,79.36,79.41,65
1785870000,2026-08-04T19:00:00.000Z,0,0,,79.4,79.43,79.26,79.38,121
1785870300,2026-08-04T19:05:00.000Z,0,0,,79.36,79.43,79.32,79.32,66
1785870600,2026-08-04T19:10:00.000Z,0,0,,79.35,79.39,79.31,79.34,57
1785870900,2026-08-04T19:15:00.000Z,0,0,,79.36,79.39,79.31,79.38,93
1785871200,2026-08-04T19:20:00.000Z,0,0,,79.41,79.43,79.29,79.31,72
1785871500,2026-08-04T19:25:00.000Z,0,0,,79.32,79.4,79.3,79.34,65
1785871800,2026-08-04T19:30:00.000Z,0,0,,79.31,79.39,79.31,79.32,43
1785872100,2026-08-04T19:35:00.000Z,0,0,,79.34,79.36,79.26,79.35,73
1785872400,2026-08-04T19:40:00.000Z,0,0,,79.34,79.35,79.27,79.35,69
1785872700,2026-08-04T19:45:00.000Z,0,0,,79.36,79.49,79.32,79.44,101
1785873000,2026-08-04T19:50:00.000Z,0,0,,79.45,79.58,79.42,79.48,71
1785873300,2026-08-04T19:55:00.000Z,0,0,,79.46,79.47,79.28,79.35,122
1785873600,2026-08-04T20:00:00.000Z,0,0,,79.34,79.4,79.13,79.16,111
1785873900,2026-08-04T20:05:00.000Z,0,0,,79.14,79.3,79.13,79.14,108
1785874200,2026-08-04T20:10:00.000Z,0,0,,79.15,79.15,78.71,78.9,284
1785874500,2026-08-04T20:15:00.000Z,0,0,,78.88,78.9,78.71,78.88,103
1785874800,2026-08-04T20:20:00.000Z,0,0,,78.9,78.92,78.77,78.81,80
1785875100,2026-08-04T20:25:00.000Z,0,0,,78.83,78.91,78.72,78.91,135
1785875400,2026-08-04T20:30:00.000Z,0,0,,78.89,79.15,78.77,78.78,203
1785875700,2026-08-04T20:35:00.000Z,0,0,,78.77,78.92,78.71,78.88,70
1785876000,2026-08-04T20:40:00.000Z,0,0,,78.89,78.89,78.67,78.72,106
1785876300,2026-08-04T20:45:00.000Z,0,0,,78.74,78.93,78.72,78.88,69
1785876600,2026-08-04T20:50:00.000Z,0,0,,78.9,78.93,78.81,78.88,61
1785876900,2026-08-04T20:55:00.000Z,0,0,,78.86,78.89,78.7,78.75,84
1785877200,2026-08-04T21:00:00.000Z,0,0,,78.74,78.8,78.69,78.74,13
1785877500,2026-08-04T21:05:00.000Z,0,0,,78.76,78.93,78.76,78.87,7
1785877800,2026-08-04T21:10:00.000Z,0,0,,78.88,78.9,78.83,78.86,12
1785878100,2026-08-04T21:15:00.000Z,0,0,,78.88,78.89,78.82,78.82,5
1785878400,2026-08-04T21:20:00.000Z,0,0,,78.83,78.9,78.74,78.74,13
1785878700,2026-08-04T21:25:00.000Z,0,0,,78.79,78.79,78.7,78.73,12
1785879000,2026-08-04T21:30:00.000Z,0,0,,78.74,78.74,78.71,78.71,2
1785879300,2026-08-04T21:35:00.000Z,0,0,,78.73,78.73,78.71,78.71,2
1785879600,2026-08-04T21:40:00.000Z,0,0,,78.76,78.79,78.71,78.79,9
1785879900,2026-08-04T21:45:00.000Z,0,0,,78.71,78.8,78.7,78.7,9
1785880200,2026-08-04T21:50:00.000Z,0,0,,78.72,78.76,78.72,78.76,3
1785880500,2026-08-04T21:55:00.000Z,0,0,,78.7,78.86,78.67,78.67,4
1785888000,2026-08-05T00:00:00.000Z,0,0,,78.72,78.97,78.58,78.67,176
1785888300,2026-08-05T00:05:00.000Z,0,0,,78.66,78.86,78.41,78.83,235
1785888600,2026-08-05T00:10:00.000Z,1,0,,78.85,78.98,78.76,78.8,87
1785888900,2026-08-05T00:15:00.000Z,0,0,,78.81,79.05,78.79,78.99,77
1785889200,2026-08-05T00:20:00.000Z,0,0,,79.04,79.1,78.95,79.03,44
1785889500,2026-08-05T00:25:00.000Z,0,0,,79.06,79.1,79,79.09,54
1785889800,2026-08-05T00:30:00.000Z,0,0,,79.06,79.11,79.02,79.09,25
1785890100,2026-08-05T00:35:00.000Z,0,0,,79.12,79.15,79.06,79.07,33
1785890400,2026-08-05T00:40:00.000Z,0,0,,79.06,79.14,79.04,79.11,26
1785890700,2026-08-05T00:45:00.000Z,0,0,,79.13,79.18,79.09,79.12,21
1785891000,2026-08-05T00:50:00.000Z,0,0,,79.15,79.15,79.08,79.15,34
1785891300,2026-08-05T00:55:00.000Z,0,0,,79.12,79.18,79.09,79.13,40
1785891600,2026-08-05T01:00:00.000Z,0,0,,79.11,79.61,79.11,79.6,235
1785891900,2026-08-05T01:05:00.000Z,0,0,,79.59,79.69,79.57,79.61,115
1785892200,2026-08-05T01:10:00.000Z,0,0,,79.63,79.8,79.62,79.67,204
1785892500,2026-08-05T01:15:00.000Z,0,0,,79.64,79.75,79.61,79.72,58
1785892800,2026-08-05T01:20:00.000Z,0,0,,79.73,79.79,79.68,79.69,42
1785893100,2026-08-05T01:25:00.000Z,0,0,,79.68,79.79,79.68,79.76,35
1785893400,2026-08-05T01:30:00.000Z,0,0,,79.78,79.84,79.74,79.81,67
1785893700,2026-08-05T01:35:00.000Z,0,0,,79.8,79.81,79.65,79.67,40
1785894000,2026-08-05T01:40:00.000Z,0,0,,79.66,79.7,79.64,79.67,14
1785894300,2026-08-05T01:45:00.000Z,0,0,,79.65,79.72,79.59,79.59,43
1785894600,2026-08-05T01:50:00.000Z,0,0,,79.61,79.68,79.59,79.67,31
1785894900,2026-08-05T01:55:00.000Z,0,0,,79.66,79.81,79.64,79.73,49
1785895200,2026-08-05T02:00:00.000Z,0,0,,79.74,79.8,79.3,79.42,236
1785895500,2026-08-05T02:05:00.000Z,0,0,,79.46,79.46,79.13,79.21,123
1785895800,2026-08-05T02:10:00.000Z,0,0,,79.17,79.25,79.11,79.12,60
1785896100,2026-08-05T02:15:00.000Z,0,0,,79.11,79.21,78.99,79.11,78
1785896400,2026-08-05T02:20:00.000Z,0,0,,79.07,79.07,78.71,78.83,119
1785896700,2026-08-05T02:25:00.000Z,0,0,,78.79,78.82,78.6,78.68,95
1785897000,2026-08-05T02:30:00.000Z,0,0,,78.66,78.75,78.25,78.27,255
1785897300,2026-08-05T02:35:00.000Z,0,0,,78.29,78.44,78.24,78.28,118
1785897600,2026-08-05T02:40:00.000Z,0,0,,78.29,78.3,78.11,78.15,201
1785897900,2026-08-05T02:45:00.000Z,0,0,,78.16,78.4,78.16,78.37,89
1785898200,2026-08-05T02:50:00.000Z,0,0,,78.35,78.53,78.28,78.49,75
1785898500,2026-08-05T02:55:00.000Z,0,0,,78.52,78.57,78.42,78.57,70
1785898800,2026-08-05T03:00:00.000Z,0,0,,78.56,78.64,78.53,78.54,64
1785899100,2026-08-05T03:05:00.000Z,0,0,,78.55,78.58,78.36,78.39,61
1785899400,2026-08-05T03:10:00.000Z,0,0,,78.4,78.43,78.32,78.35,36
1785899700,2026-08-05T03:15:00.000Z,0,0,,78.36,78.39,78.23,78.26,54
1785900000,2026-08-05T03:20:00.000Z,0,0,,78.27,78.39,78.24,78.38,55
1785900300,2026-08-05T03:25:00.000Z,0,0,,78.35,78.47,78.26,78.45,72
1785900600,2026-08-05T03:30:00.000Z,0,0,,78.45,78.55,78.42,78.48,40
1785900900,2026-08-05T03:35:00.000Z,0,0,,78.5,78.54,78.28,78.31,32
1785901200,2026-08-05T03:40:00.000Z,0,0,,78.32,78.55,78.25,78.49,107
1785901500,2026-08-05T03:45:00.000Z,0,0,,78.5,78.51,78.42,78.47,16
1785901800,2026-08-05T03:50:00.000Z,0,0,,78.46,78.49,78.41,78.47,34
1785902100,2026-08-05T03:55:00.000Z,0,0,,78.48,78.51,78.32,78.32,41
1785902400,2026-08-05T04:00:00.000Z,0,0,,78.35,78.42,78.27,78.38,82
1785902700,2026-08-05T04:05:00.000Z,0,0,,78.42,78.51,78.36,78.36,56
1785903000,2026-08-05T04:10:00.000Z,0,0,,78.39,78.61,78.38,78.57,71
1785903300,2026-08-05T04:15:00.000Z,0,0,,78.58,78.82,78.58,78.74,86
1785903600,2026-08-05T04:20:00.000Z,0,0,,78.75,78.82,78.74,78.75,27
1785903900,2026-08-05T04:25:00.000Z,0,0,,78.76,78.77,78.66,78.71,28
1785904200,2026-08-05T04:30:00.000Z,0,0,,78.72,78.72,78.63,78.71,27
1785904500,2026-08-05T04:35:00.000Z,0,0,,78.7,78.94,78.7,78.92,39
1785904800,2026-08-05T04:40:00.000Z,0,0,,78.9,78.94,78.84,78.9,41
1785905100,2026-08-05T04:45:00.000Z,0,0,,78.87,78.94,78.86,78.88,41
1785905400,2026-08-05T04:50:00.000Z,0,0,,78.89,78.91,78.81,78.87,67
1785905700,2026-08-05T04:55:00.000Z,0,0,,78.88,78.98,78.84,78.85,45
1785906000,2026-08-05T05:00:00.000Z,0,0,,78.87,79.01,78.79,78.97,55
1785906300,2026-08-05T05:05:00.000Z,0,0,,78.99,79.03,78.92,78.95,47
1785906600,2026-08-05T05:10:00.000Z,0,0,,79.02,79.03,78.96,79.01,24
1785906900,2026-08-05T05:15:00.000Z,0,0,,78.97,79.03,78.9,78.99,59
1785907200,2026-08-05T05:20:00.000Z,0,0,,79.02,79.07,78.93,79.01,35
1785907500,2026-08-05T05:25:00.000Z,0,0,,79.02,79.02,78.88,78.98,42
1785907800,2026-08-05T05:30:00.000Z,0,0,,78.99,79.02,78.53,78.63,183
1785908100,2026-08-05T05:35:00.000Z,0,0,,78.63,78.68,78.49,78.61,105
1785908400,2026-08-05T05:40:00.000Z,0,0,,78.63,78.85,78.63,78.79,49
1785908700,2026-08-05T05:45:00.000Z,0,0,,78.76,78.83,78.65,78.72,65
1785909000,2026-08-05T05:50:00.000Z,0,0,,78.79,78.88,78.64,78.79,45
1785909300,2026-08-05T05:55:00.000Z,0,0,,78.74,78.82,78.59,78.78,55
1785909600,2026-08-05T06:00:00.000Z,0,0,,78.79,78.97,78.7,78.92,136
1785909900,2026-08-05T06:05:00.000Z,0,0,,78.89,79.17,78.89,78.94,156
1785910200,2026-08-05T06:10:00.000Z,0,0,,78.99,79.1,78.91,79.02,157
1785910500,2026-08-05T06:15:00.000Z,0,0,,79.05,79.14,78.97,79.02,120
1785910800,2026-08-05T06:20:00.000Z,0,0,,78.99,79.04,78.78,78.85,137
1785911100,2026-08-05T06:25:00.000Z,0,0,,78.86,79.11,78.8,79.03,175
1785911400,2026-08-05T06:30:00.000Z,0,0,,79.04,79.36,79.01,79.23,174
1785911700,2026-08-05T06:35:00.000Z,0,0,,79.24,79.35,79.2,79.28,114
1785912000,2026-08-05T06:40:00.000Z,0,0,,79.3,79.34,79.05,79.11,126
1785912300,2026-08-05T06:45:00.000Z,0,0,,79.1,79.27,79.03,79.2,125
1785912600,2026-08-05T06:50:00.000Z,0,0,,79.2,79.21,78.95,79.1,171
1785912900,2026-08-05T06:55:00.000Z,0,0,,79.08,79.12,78.94,78.96,136
1785913200,2026-08-05T07:00:00.000Z,0,0,,78.96,79.27,78.89,79.23,412
1785913500,2026-08-05T07:05:00.000Z,0,0,,79.24,79.67,79.21,79.56,432
1785913800,2026-08-05T07:10:00.000Z,0,0,,79.58,80.02,79.55,79.91,355
1785914100,2026-08-05T07:15:00.000Z,0,0,,79.93,80.02,79.71,79.98,288
1785914400,2026-08-05T07:20:00.000Z,0,0,,79.97,80.11,79.86,80.06,203
1785914700,2026-08-05T07:25:00.000Z,0,0,,80.07,80.32,80,80.28,349
1785915000,2026-08-05T07:30:00.000Z,0,0,,80.29,80.5,80.23,80.45,288
1785915300,2026-08-05T07:35:00.000Z,0,0,,80.44,80.45,80.22,80.27,193
1785915600,2026-08-05T07:40:00.000Z,0,0,,80.28,80.28,79.96,80.09,273
1785915900,2026-08-05T07:45:00.000Z,0,0,,80.08,80.12,79.91,80.09,190
1785916200,2026-08-05T07:50:00.000Z,0,0,,80.12,80.24,80.05,80.21,139
1785916500,2026-08-05T07:55:00.000Z,0,0,,80.2,80.25,80.05,80.07,189
1785916800,2026-08-05T08:00:00.000Z,0,0,,80.09,80.15,79.95,80.12,256
1785917100,2026-08-05T08:05:00.000Z,0,0,,80.12,80.18,79.82,79.87,277
1785917400,2026-08-05T08:10:00.000Z,0,0,,79.89,80.44,79.87,80.38,354
1785917700,2026-08-05T08:15:00.000Z,0,0,,80.37,80.39,80.03,80.11,203
1785918000,2026-08-05T08:20:00.000Z,0,0,,80.13,80.38,80.11,80.21,378
1785918300,2026-08-05T08:25:00.000Z,0,0,,80.2,80.26,79.98,80.16,895
1785918600,2026-08-05T08:30:00.000Z,0,0,,80.19,80.38,79.99,80.3,521
1785918900,2026-08-05T08:35:00.000Z,0,0,,80.31,80.5,80.25,80.38,348
1785919200,2026-08-05T08:40:00.000Z,0,0,,80.4,80.42,80.03,80.31,354
1785919500,2026-08-05T08:45:00.000Z,0,0,,80.27,80.57,80.19,80.43,380
1785919800,2026-08-05T08:50:00.000Z,0,0,,80.43,80.56,80.3,80.38,180
1785920100,2026-08-05T08:55:00.000Z,0,0,,80.39,80.47,80.31,80.37,125
1785920400,2026-08-05T09:00:00.000Z,0,0,,80.35,80.43,80.21,80.36,232
1785920700,2026-08-05T09:05:00.000Z,0,0,,80.38,80.39,80.1,80.23,176
1785921000,2026-08-05T09:10:00.000Z,0,0,,80.24,80.27,80.01,80.02,196
1785921300,2026-08-05T09:15:00.000Z,0,0,,80.05,80.24,79.96,80.24,200
1785921600,2026-08-05T09:20:00.000Z,0,0,,80.23,80.48,80.22,80.42,268
1785921900,2026-08-05T09:25:00.000Z,0,0,,80.41,80.47,80.26,80.33,155
1785922200,2026-08-05T09:30:00.000Z,0,0,,80.35,80.35,80.23,80.31,143
1785922500,2026-08-05T09:35:00.000Z,0,0,,80.33,80.49,80.28,80.46,150
1785922800,2026-08-05T09:40:00.000Z,0,0,,80.49,80.6,80.43,80.47,211
1785923100,2026-08-05T09:45:00.000Z,0,0,,80.48,80.68,80.42,80.61,266
1785923400,2026-08-05T09:50:00.000Z,0,0,,80.65,80.72,80.6,80.68,139
1785923700,2026-08-05T09:55:00.000Z,0,0,,80.72,80.8,80.64,80.73,161
1785924000,2026-08-05T10:00:00.000Z,0,0,,80.76,80.8,80.65,80.77,146
1785924300,2026-08-05T10:05:00.000Z,0,0,,80.75,80.8,80.61,80.67,125
1785924600,2026-08-05T10:10:00.000Z,0,0,,80.7,80.8,80.6,80.63,208
1785924900,2026-08-05T10:15:00.000Z,0,0,,80.62,80.75,80.51,80.74,137
1785925200,2026-08-05T10:20:00.000Z,0,0,,80.73,80.93,80.67,80.89,180
1785925500,2026-08-05T10:25:00.000Z,0,0,,80.91,80.95,80.81,80.92,248
1785925800,2026-08-05T10:30:00.000Z,0,0,,80.94,80.95,80.71,80.71,197
1785926100,2026-08-05T10:35:00.000Z,0,0,,80.73,80.76,80.57,80.64,167
1785926400,2026-08-05T10:40:00.000Z,0,0,,80.63,80.78,80.57,80.73,154
1785926700,2026-08-05T10:45:00.000Z,0,0,,80.72,80.79,80.56,80.79,150
1785927000,2026-08-05T10:50:00.000Z,0,0,,80.82,80.84,80.7,80.77,128
1785927300,2026-08-05T10:55:00.000Z,0,0,,80.74,80.78,80.43,80.54,171
1785927600,2026-08-05T11:00:00.000Z,0,0,,80.54,80.69,80.53,80.59,186
1785927900,2026-08-05T11:05:00.000Z,0,0,,80.6,80.61,80.36,80.37,121
1785928200,2026-08-05T11:10:00.000Z,0,0,,80.39,80.47,80.28,80.36,156
1785928500,2026-08-05T11:15:00.000Z,0,0,,80.38,80.45,80.29,80.34,137
1785928800,2026-08-05T11:20:00.000Z,0,0,,80.36,80.53,80.32,80.53,121
1785929100,2026-08-05T11:25:00.000Z,0,0,,80.5,80.55,80.38,80.44,86
1785929400,2026-08-05T11:30:00.000Z,0,0,,80.47,80.52,80.21,80.28,156
1785929700,2026-08-05T11:35:00.000Z,0,0,,80.27,80.29,80.07,80.26,206
1785930000,2026-08-05T11:40:00.000Z,0,0,,80.25,80.35,80.1,80.12,266
1785930300,2026-08-05T11:45:00.000Z,0,0,,80.14,80.3,80.11,80.28,189
1785930600,2026-08-05T11:50:00.000Z,0,0,,80.25,80.29,80.01,80.11,246
1785930900,2026-08-05T11:55:00.000Z,0,0,,80.13,80.18,80.01,80.1,144
1785931200,2026-08-05T12:00:00.000Z,0,0,,80.12,80.27,80.09,80.23,177
1785931500,2026-08-05T12:05:00.000Z,0,0,,80.21,80.22,80.01,80.13,151
1785931800,2026-08-05T12:10:00.000Z,0,0,,80.14,80.18,79.86,79.87,254
1785932100,2026-08-05T12:15:00.000Z,0,0,,79.88,80.04,79.77,80,247
1785932400,2026-08-05T12:20:00.000Z,0,0,,79.99,80.11,79.91,79.97,133
1785932700,2026-08-05T12:25:00.000Z,0,0,,79.98,80.49,79.89,80.49,527
1785933000,2026-08-05T12:30:00.000Z,0,0,,80.47,80.66,80.31,80.34,329
1785933300,2026-08-05T12:35:00.000Z,0,0,,80.36,80.51,80.34,80.48,167
1785933600,2026-08-05T12:40:00.000Z,0,0,,80.5,80.5,80.27,80.33,145
1785933900,2026-08-05T12:45:00.000Z,0,0,,80.34,80.42,80.02,80.16,277
1785934200,2026-08-05T12:50:00.000Z,0,0,,80.18,80.43,80.13,80.35,182
1785934500,2026-08-05T12:55:00.000Z,0,0,,80.36,80.71,80.35,80.66,315
1785934800,2026-08-05T13:00:00.000Z,0,0,,80.7,80.7,80.01,80.09,601
1785935100,2026-08-05T13:05:00.000Z,0,0,,80.08,80.21,79.93,80.06,323
1785935400,2026-08-05T13:10:00.000Z,0,0,,80.08,80.22,80.05,80.07,164
1785935700,2026-08-05T13:15:00.000Z,0,0,,80.1,80.28,80.03,80.07,203
1785936000,2026-08-05T13:20:00.000Z,0,0,,80.09,80.23,79.99,80.19,159
1785936300,2026-08-05T13:25:00.000Z,0,0,,80.16,80.22,80.01,80.15,156
1785936600,2026-08-05T13:30:00.000Z,0,0,,80.18,80.18,79.83,79.86,265
1785936900,2026-08-05T13:35:00.000Z,0,0,,79.88,80.01,79.13,79.48,722
1785937200,2026-08-05T13:40:00.000Z,0,0,,79.51,79.75,79.28,79.61,1162
1785937500,2026-08-05T13:45:00.000Z,0,0,,79.65,79.69,79.4,79.49,494
1785937800,2026-08-05T13:50:00.000Z,0,0,,79.5,79.78,79.35,79.39,361
1785938100,2026-08-05T13:55:00.000Z,0,0,,79.41,79.64,79.36,79.59,376
1785938400,2026-08-05T14:00:00.000Z,0,0,,79.61,79.74,79.03,79.41,999
1785938700,2026-08-05T14:05:00.000Z,0,0,,79.41,79.42,78.49,78.94,1423
1785939000,2026-08-05T14:10:00.000Z,0,0,,78.96,79.12,78.72,78.83,495
1785939300,2026-08-05T14:15:00.000Z,0,0,,78.85,79.09,78.77,78.97,394
1785939600,2026-08-05T14:20:00.000Z,0,0,,78.93,78.99,78.68,78.69,327
1785939900,2026-08-05T14:25:00.000Z,0,0,,78.72,78.9,78.69,78.83,371
1785940200,2026-08-05T14:30:00.000Z,0,0,,78.84,78.99,78.63,78.74,503
1785940500,2026-08-05T14:35:00.000Z,0,0,,78.75,78.96,78.74,78.83,396
1785940800,2026-08-05T14:40:00.000Z,0,0,,78.86,78.98,78.77,78.88,585
1785941100,2026-08-05T14:45:00.000Z,0,0,,78.85,79.21,78.85,79.03,444
1785941400,2026-08-05T14:50:00.000Z,0,0,,79.02,79.08,78.84,78.99,350
1785941700,2026-08-05T14:55:00.000Z,0,0,,78.98,79.07,78.81,79,312
1785942000,2026-08-05T15:00:00.000Z,0,0,,79.01,79.04,78.29,78.66,1282
1785942300,2026-08-05T15:05:00.000Z,0,0,,78.67,79.24,78.58,79.15,526
1785942600,2026-08-05T15:10:00.000Z,0,0,,79.14,79.47,79.02,79.39,442
1785942900,2026-08-05T15:15:00.000Z,0,0,,79.41,79.81,79.38,79.61,922
1785943200,2026-08-05T15:20:00.000Z,0,0,,79.62,79.62,79.23,79.34,682
1785943500,2026-08-05T15:25:00.000Z,0,0,,79.34,79.4,78.88,79.02,1201
1785943800,2026-08-05T15:30:00.000Z,0,0,,79.03,79.27,78.97,79.18,510
1785944100,2026-08-05T15:35:00.000Z,0,0,,79.2,79.2,78.97,78.98,246
1785944400,2026-08-05T15:40:00.000Z,0,0,,78.99,79.25,78.94,79.16,257
1785944700,2026-08-05T15:45:00.000Z,0,0,,79.19,79.59,79.19,79.38,575
1785945000,2026-08-05T15:50:00.000Z,0,0,,79.39,79.58,79.23,79.51,195
1785945300,2026-08-05T15:55:00.000Z,0,0,,79.54,79.58,79.41,79.57,155
1785945600,2026-08-05T16:00:00.000Z,0,0,,79.56,79.78,79.56,79.73,270
1785945900,2026-08-05T16:05:00.000Z,0,0,,79.75,79.76,79.54,79.62,191
1785946200,2026-08-05T16:10:00.000Z,0,0,,79.6,79.7,79.49,79.63,155
1785946500,2026-08-05T16:15:00.000Z,0,0,,79.65,79.83,79.63,79.77,189
1785946800,2026-08-05T16:20:00.000Z,0,0,,79.78,79.86,79.68,79.77,197
1785947100,2026-08-05T16:25:00.000Z,0,0,,79.78,79.88,79.66,79.73,181
1785947400,2026-08-05T16:30:00.000Z,0,0,,79.77,79.79,79.62,79.71,169
1785947700,2026-08-05T16:35:00.000Z,0,0,,79.7,79.83,79.6,79.65,165
1785948000,2026-08-05T16:40:00.000Z,0,0,,79.64,79.64,79.34,79.36,236
1785948300,2026-08-05T16:45:00.000Z,0,0,,79.39,79.51,79.21,79.27,228
1785948600,2026-08-05T16:50:00.000Z,0,0,,79.26,79.27,78.95,79.08,298
1785948900,2026-08-05T16:55:00.000Z,0,0,,79.09,79.26,78.96,79.04,235
1785949200,2026-08-05T17:00:00.000Z,0,0,,79.03,79.16,78.9,79.08,299
1785949500,2026-08-05T17:05:00.000Z,0,0,,79.07,79.1,78.87,78.96,251
1785949800,2026-08-05T17:10:00.000Z,0,0,,78.97,78.98,78.74,78.81,180
1785950100,2026-08-05T17:15:00.000Z,0,0,,78.81,78.83,78.66,78.75,185
1785950400,2026-08-05T17:20:00.000Z,0,0,,78.74,78.82,78.65,78.79,153
1785950700,2026-08-05T17:25:00.000Z,0,0,,78.77,78.84,78.66,78.7,137
1785951000,2026-08-05T17:30:00.000Z,0,0,,78.72,78.82,78.61,78.65,172
1785951300,2026-08-05T17:35:00.000Z,0,0,,78.66,78.92,78.66,78.77,198
1785951600,2026-08-05T17:40:00.000Z,0,0,,78.75,79.01,78.74,78.85,232
1785951900,2026-08-05T17:45:00.000Z,0,0,,78.87,78.92,78.78,78.91,101
1785952200,2026-08-05T17:50:00.000Z,0,0,,78.9,79,78.82,78.96,148
1785952500,2026-08-05T17:55:00.000Z,1,0,,78.98,79.16,78.95,79.15,143
1785952800,2026-08-05T18:00:00.000Z,0,0,,79.18,79.26,79.09,79.25,230
1785953100,2026-08-05T18:05:00.000Z,0,0,,79.29,79.37,79.2,79.3,188
1785953400,2026-08-05T18:10:00.000Z,0,0,,79.31,79.46,79.28,79.44,195
1785953700,2026-08-05T18:15:00.000Z,0,0,,79.45,79.51,79.29,79.48,220
1785954000,2026-08-05T18:20:00.000Z,0,0,,79.5,79.56,79.41,79.42,252
1785954300,2026-08-05T18:25:00.000Z,0,0,,79.45,79.55,79.26,79.46,859
1785954600,2026-08-05T18:30:00.000Z,0,0,,79.49,79.64,79.41,79.58,195
1785954900,2026-08-05T18:35:00.000Z,0,0,,79.56,79.57,79.44,79.47,102
1785955200,2026-08-05T18:40:00.000Z,0,0,,79.48,79.66,79.44,79.48,134
1785955500,2026-08-05T18:45:00.000Z,0,0,,79.47,79.49,79.36,79.39,81
1785955800,2026-08-05T18:50:00.000Z,0,0,,79.37,79.43,79.3,79.32,57
1785956100,2026-08-05T18:55:00.000Z,0,0,,79.33,79.59,79.33,79.58,81
1785956400,2026-08-05T19:00:00.000Z,0,0,,79.57,79.66,79.5,79.5,37
1785956700,2026-08-05T19:05:00.000Z,0,0,,79.52,79.52,79.43,79.48,32
1785957000,2026-08-05T19:10:00.000Z,0,0,,79.46,79.48,79.38,79.38,66
1785957300,2026-08-05T19:15:00.000Z,0,0,,79.4,79.55,79.39,79.54,141
1785957600,2026-08-05T19:20:00.000Z,0,0,,79.51,79.57,79.49,79.5,50
1785957900,2026-08-05T19:25:00.000Z,0,0,,79.48,79.58,79.48,79.53,39
1785958200,2026-08-05T19:30:00.000Z,0,0,,79.54,79.55,79.48,79.54,42
1785958500,2026-08-05T19:35:00.000Z,0,0,,79.52,79.55,79.43,79.48,68
1785958800,2026-08-05T19:40:00.000Z,0,0,,79.5,79.53,79.41,79.41,52
1785959100,2026-08-05T19:45:00.000Z,0,0,,79.43,79.45,79.38,79.4,50
1785959400,2026-08-05T19:50:00.000Z,0,0,,79.41,79.42,79.28,79.37,66
1785959700,2026-08-05T19:55:00.000Z,0,0,,79.39,79.46,79.31,79.44,108
1785960000,2026-08-05T20:00:00.000Z,0,0,,79.45,79.45,79.22,79.24,50
1785960300,2026-08-05T20:05:00.000Z,0,0,,79.27,79.27,79.13,79.25,70
1785960600,2026-08-05T20:10:00.000Z,0,0,,79.23,79.31,79.18,79.31,69
1785960900,2026-08-05T20:15:00.000Z,0,0,,79.3,79.4,79.3,79.35,24
1785961200,2026-08-05T20:20:00.000Z,0,0,,79.37,79.39,79.29,79.32,24
1785961500,2026-08-05T20:25:00.000Z,0,0,,79.29,79.39,79.26,79.37,43
1785961800,2026-08-05T20:30:00.000Z,0,0,,79.35,79.41,79.24,79.25,27
1785962100,2026-08-05T20:35:00.000Z,0,0,,79.26,79.26,79.18,79.22,28
1785962400,2026-08-05T20:40:00.000Z,0,0,,79.24,79.29,79.23,79.28,22
1785962700,2026-08-05T20:45:00.000Z,0,0,,79.29,79.36,79.29,79.36,11
1785963000,2026-08-05T20:50:00.000Z,0,0,,79.34,79.37,79.22,79.37,63
1785963300,2026-08-05T20:55:00.000Z,0,0,,79.35,79.45,79.34,79.41,54
1785963600,2026-08-05T21:00:00.000Z,0,0,,79.42,79.54,79.42,79.54,5
1785963900,2026-08-05T21:05:00.000Z,0,0,,79.45,79.45,79.45,79.45,1
1785964200,2026-08-05T21:10:00.000Z,0,0,,79.51,79.51,79.51,79.51,1
1785964500,2026-08-05T21:15:00.000Z,0,0,,79.56,79.7,79.56,79.69,20
1785964800,2026-08-05T21:20:00.000Z,0,0,,79.65,79.65,79.48,79.48,4
1785965100,2026-08-05T21:25:00.000Z,0,0,,79.62,79.65,79.61,79.61,6
1785965400,2026-08-05T21:30:00.000Z,0,0,,79.6,79.6,79.6,79.6,1
1785965700,2026-08-05T21:35:00.000Z,0,0,,79.55,79.55,79.55,79.55,1
1785966300,2026-08-05T21:45:00.000Z,0,0,,79.52,79.64,79.52,79.64,3
1785966600,2026-08-05T21:50:00.000Z,0,0,,79.62,79.62,79.62,79.62,1
1785966900,2026-08-05T21:55:00.000Z,0,0,,79.53,79.57,79.41,79.41,4
1785974400,2026-08-06T00:00:00.000Z,0,0,,79.06,79.41,79.06,79.33,51
1785974700,2026-08-06T00:05:00.000Z,0,0,,79.29,79.32,79.22,79.24,11
1785975000,2026-08-06T00:10:00.000Z,0,0,,79.25,79.26,79.12,79.17,22
1785975300,2026-08-06T00:15:00.000Z,0,0,,79.15,79.15,79.08,79.15,14
1785975600,2026-08-06T00:20:00.000Z,0,0,,79.13,79.13,79.04,79.04,27
1785975900,2026-08-06T00:25:00.000Z,0,0,,79.08,79.36,79.08,79.36,71
1785976200,2026-08-06T00:30:00.000Z,0,0,,79.34,79.49,79.29,79.29,46
1785976500,2026-08-06T00:35:00.000Z,0,0,,79.29,79.35,79.27,79.34,19
1785976800,2026-08-06T00:40:00.000Z,0,0,,79.3,79.39,79.24,79.34,19
1785977100,2026-08-06T00:45:00.000Z,0,0,,79.36,79.36,79.28,79.31,19
1785977400,2026-08-06T00:50:00.000Z,0,0,,79.31,79.34,79.18,79.27,44
1785977700,2026-08-06T00:55:00.000Z,0,0,,79.25,79.3,79.1,79.3,79
1785978000,2026-08-06T01:00:00.000Z,0,0,,79.31,79.59,79.25,79.36,193
1785978300,2026-08-06T01:05:00.000Z,0,0,,79.37,79.49,79.37,79.43,100
1785978600,2026-08-06T01:10:00.000Z,0,0,,79.45,79.84,79.44,79.75,212
1785978900,2026-08-06T01:15:00.000Z,0,0,,79.74,80.14,79.66,79.95,154
1785979200,2026-08-06T01:20:00.000Z,0,0,,79.98,80.1,79.86,80.1,152
1785979500,2026-08-06T01:25:00.000Z,0,0,,80.08,80.35,79.99,80.01,261
1785979800,2026-08-06T01:30:00.000Z,0,0,,80.01,80.23,79.97,80.17,102
1785980100,2026-08-06T01:35:00.000Z,0,0,,80.21,80.21,80.04,80.05,56
1785980400,2026-08-06T01:40:00.000Z,0,0,,80.08,80.14,79.99,80.03,43
1785980700,2026-08-06T01:45:00.000Z,0,0,,80.04,80.17,80.03,80.05,41
1785981000,2026-08-06T01:50:00.000Z,0,0,,80.06,80.06,79.92,79.97,54
1785981300,2026-08-06T01:55:00.000Z,0,0,,79.96,80.04,79.9,80.03,25
1785981600,2026-08-06T02:00:00.000Z,0,0,,80.01,80.07,79.98,80.07,35
1785981900,2026-08-06T02:05:00.000Z,0,0,,80.02,80.08,79.77,79.84,52
1785982200,2026-08-06T02:10:00.000Z,0,0,,79.85,80.02,79.85,79.9,49
1785982500,2026-08-06T02:15:00.000Z,0,0,,79.91,79.97,79.8,79.83,27
1785982800,2026-08-06T02:20:00.000Z,0,0,,79.82,79.87,79.8,79.82,21
1785983100,2026-08-06T02:25:00.000Z,0,0,,79.82,79.85,79.77,79.79,23
1785983400,2026-08-06T02:30:00.000Z,0,0,,79.83,80,79.81,79.93,68
1785983700,2026-08-06T02:35:00.000Z,0,0,,79.97,80.01,79.9,79.9,31
1785984000,2026-08-06T02:40:00.000Z,0,0,,79.89,79.92,79.83,79.88,24
1785984300,2026-08-06T02:45:00.000Z,0,0,,79.87,79.89,79.78,79.89,45
1785984600,2026-08-06T02:50:00.000Z,0,0,,79.9,79.91,79.83,79.85,11
1785984900,2026-08-06T02:55:00.000Z,0,0,,79.87,79.89,79.8,79.83,28
1785985200,2026-08-06T03:00:00.000Z,0,0,,79.82,79.83,79.74,79.79,18
1785985500,2026-08-06T03:05:00.000Z,0,0,,79.76,79.81,79.68,79.75,23
1785985800,2026-08-06T03:10:00.000Z,0,0,,79.74,79.83,79.7,79.81,27
1785986100,2026-08-06T03:15:00.000Z,0,0,,79.79,79.8,79.74,79.77,18
1785986400,2026-08-06T03:20:00.000Z,0,0,,79.79,79.91,79.79,79.83,30
1785986700,2026-08-06T03:25:00.000Z,0,0,,79.8,79.82,79.51,79.57,84
1785987000,2026-08-06T03:30:00.000Z,0,0,,79.54,79.55,79.21,79.26,71
1785987300,2026-08-06T03:35:00.000Z,0,0,,79.27,79.33,79.24,79.29,31
1785987600,2026-08-06T03:40:00.000Z,0,0,,79.28,79.35,79.28,79.31,19
1785987900,2026-08-06T03:45:00.000Z,0,0,,79.34,79.36,79.29,79.32,24
1785988200,2026-08-06T03:50:00.000Z,0,0,,79.33,79.41,79.33,79.37,66
1785988500,2026-08-06T03:55:00.000Z,0,0,,79.39,79.39,79.23,79.26,31
1785988800,2026-08-06T04:00:00.000Z,0,0,,79.24,79.28,79.15,79.19,73
1785989100,2026-08-06T04:05:00.000Z,0,0,,79.15,79.23,79.15,79.17,24
1785989400,2026-08-06T04:10:00.000Z,0,0,,79.18,79.2,79.08,79.17,31
1785989700,2026-08-06T04:15:00.000Z,0,0,,79.15,79.17,79.08,79.08,18
1785990000,2026-08-06T04:20:00.000Z,0,0,,79.1,79.14,79.04,79.09,42
1785990300,2026-08-06T04:25:00.000Z,0,0,,79.1,79.12,79.06,79.11,22
1785990600,2026-08-06T04:30:00.000Z,0,0,,79.07,79.11,78.98,79.07,36
1785990900,2026-08-06T04:35:00.000Z,0,0,,79.09,79.11,79.05,79.06,19
1785991200,2026-08-06T04:40:00.000Z,0,0,,79.03,79.15,79.02,79.14,31
1785991500,2026-08-06T04:45:00.000Z,0,0,,79.13,79.17,79.06,79.11,34
1785991800,2026-08-06T04:50:00.000Z,0,0,,79.12,79.12,79.06,79.1,16
1785992100,2026-08-06T04:55:00.000Z,0,0,,79.12,79.16,79.1,79.13,13
1785992400,2026-08-06T05:00:00.000Z,0,0,,79.14,79.24,79.09,79.21,68
1785992700,2026-08-06T05:05:00.000Z,0,0,,79.21,79.22,79.17,79.2,17
1785993000,2026-08-06T05:10:00.000Z,0,0,,79.18,79.22,79.07,79.1,24
1785993300,2026-08-06T05:15:00.000Z,0,0,,79.09,79.11,78.99,79.03,36
1785993600,2026-08-06T05:20:00.000Z,0,0,,79.01,79.08,79,79.06,16
1785993900,2026-08-06T05:25:00.000Z,0,0,,79.03,79.11,78.96,78.97,32
1785994200,2026-08-06T05:30:00.000Z,0,0,,78.98,79.11,78.92,79.09,125
1785994500,2026-08-06T05:35:00.000Z,0,0,,79.11,79.26,79.08,79.15,67
1785994800,2026-08-06T05:40:00.000Z,0,0,,79.13,79.26,79.13,79.23,21
1785995100,2026-08-06T05:45:00.000Z,0,0,,79.21,79.27,79.17,79.22,44
1785995400,2026-08-06T05:50:00.000Z,0,0,,79.2,79.28,79.17,79.22,38
1785995700,2026-08-06T05:55:00.000Z,0,0,,79.23,79.27,79.19,79.21,93
1785996000,2026-08-06T06:00:00.000Z,0,0,,79.23,79.51,79.2,79.44,188
1785996300,2026-08-06T06:05:00.000Z,0,0,,79.43,79.47,79.31,79.45,84
1785996600,2026-08-06T06:10:00.000Z,0,0,,79.46,79.81,79.44,79.75,113
1785996900,2026-08-06T06:15:00.000Z,0,0,,79.73,79.79,79.53,79.55,103
1785997200,2026-08-06T06:20:00.000Z,0,0,,79.55,79.79,79.55,79.73,91
1785997500,2026-08-06T06:25:00.000Z,0,0,,79.69,79.77,79.57,79.6,114
1785997800,2026-08-06T06:30:00.000Z,0,0,,79.57,79.81,79.57,79.75,69
1785998100,2026-08-06T06:35:00.000Z,0,0,,79.74,79.96,79.66,79.85,113
1785998400,2026-08-06T06:40:00.000Z,0,0,,79.9,79.98,79.81,79.82,119
1785998700,2026-08-06T06:45:00.000Z,0,0,,79.83,79.99,79.76,79.89,236
1785999000,2026-08-06T06:50:00.000Z,0,0,,79.88,79.91,79.64,79.76,135
1785999300,2026-08-06T06:55:00.000Z,0,0,,79.75,79.78,79.61,79.63,134
1785999600,2026-08-06T07:00:00.000Z,0,0,,79.63,79.65,79.45,79.46,207
1785999900,2026-08-06T07:05:00.000Z,0,0,,79.48,79.72,79.44,79.72,192
1786000200,2026-08-06T07:10:00.000Z,0,0,,79.73,79.92,79.68,79.71,199
1786000500,2026-08-06T07:15:00.000Z,0,0,,79.72,79.79,79.67,79.73,128
1786000800,2026-08-06T07:20:00.000Z,0,0,,79.74,79.74,79.5,79.67,178
1786001100,2026-08-06T07:25:00.000Z,0,0,,79.69,79.69,79.45,79.64,220
1786001400,2026-08-06T07:30:00.000Z,0,0,,79.66,79.73,79.57,79.68,166
1786001700,2026-08-06T07:35:00.000Z,0,0,,79.67,79.98,79.56,79.94,192
1786002000,2026-08-06T07:40:00.000Z,0,0,,79.95,79.98,79.77,79.85,141
1786002300,2026-08-06T07:45:00.000Z,0,0,,79.9,79.93,79.69,79.81,190
1786002600,2026-08-06T07:50:00.000Z,0,0,,79.79,79.94,79.75,79.89,176
1786002900,2026-08-06T07:55:00.000Z,0,0,,79.91,79.94,79.76,79.81,141
1786003200,2026-08-06T08:00:00.000Z,0,0,,79.86,80.03,79.7,79.92,277
1786003500,2026-08-06T08:05:00.000Z,0,0,,79.95,80.03,79.82,79.85,167
1786003800,2026-08-06T08:10:00.000Z,0,0,,79.86,80.12,79.8,80.11,237
1786004100,2026-08-06T08:15:00.000Z,0,0,,80.12,80.24,80.08,80.14,359
1786004400,2026-08-06T08:20:00.000Z,0,0,,80.16,80.18,79.95,80.07,290
1786004700,2026-08-06T08:25:00.000Z,0,0,,80.09,80.11,79.49,79.61,1526
1786005000,2026-08-06T08:30:00.000Z,0,0,,79.62,79.75,79.32,79.49,672
1786005300,2026-08-06T08:35:00.000Z,0,0,,79.53,79.7,79.4,79.67,261
1786005600,2026-08-06T08:40:00.000Z,0,0,,79.69,79.7,79.38,79.48,212
1786005900,2026-08-06T08:45:00.000Z,0,0,,79.49,79.55,79.37,79.41,214
1786006200,2026-08-06T08:50:00.000Z,0,0,,79.39,79.48,79.27,79.37,183
1786006500,2026-08-06T08:55:00.000Z,0,0,,79.38,79.59,79.38,79.54,136
1786006800,2026-08-06T09:00:00.000Z,0,0,,79.55,79.76,79.47,79.7,183
1786007100,2026-08-06T09:05:00.000Z,0,0,,79.72,79.8,79.64,79.74,161
1786007400,2026-08-06T09:10:00.000Z,0,0,,79.75,79.85,79.62,79.67,166
1786007700,2026-08-06T09:15:00.000Z,0,0,,79.66,79.75,79.5,79.52,140
1786008000,2026-08-06T09:20:00.000Z,0,0,,79.5,79.52,79.4,79.42,121
1786008300,2026-08-06T09:25:00.000Z,0,0,,79.43,79.61,79.43,79.48,169
1786008600,2026-08-06T09:30:00.000Z,0,0,,79.48,79.66,79.37,79.61,121
1786008900,2026-08-06T09:35:00.000Z,0,0,,79.58,79.75,79.57,79.73,92
1786009200,2026-08-06T09:40:00.000Z,0,0,,79.75,79.76,79.67,79.7,86
1786009500,2026-08-06T09:45:00.000Z,0,0,,79.71,79.78,79.65,79.66,120
1786009800,2026-08-06T09:50:00.000Z,0,0,,79.65,79.76,79.52,79.53,101
1786010100,2026-08-06T09:55:00.000Z,0,0,,79.54,79.55,79.4,79.44,95
1786010400,2026-08-06T10:00:00.000Z,0,0,,79.47,79.55,79.41,79.53,133
1786010700,2026-08-06T10:05:00.000Z,0,0,,79.52,79.79,79.46,79.75,115
1786011000,2026-08-06T10:10:00.000Z,0,0,,79.73,80,79.73,79.94,190
1786011300,2026-08-06T10:15:00.000Z,0,0,,79.95,80.01,79.87,79.99,147
1786011600,2026-08-06T10:20:00.000Z,0,0,,80,80.31,79.97,80.18,287
1786011900,2026-08-06T10:25:00.000Z,0,0,,80.18,80.23,80.04,80.1,118
1786012200,2026-08-06T10:30:00.000Z,0,0,,80.12,80.23,80.07,80.19,112
1786012500,2026-08-06T10:35:00.000Z,0,0,,80.22,80.34,80.15,80.2,147
1786012800,2026-08-06T10:40:00.000Z,0,0,,80.22,80.39,80.17,80.37,129
1786013100,2026-08-06T10:45:00.000Z,0,0,,80.38,80.45,80.28,80.41,123
1786013400,2026-08-06T10:50:00.000Z,0,0,,80.42,80.53,80.39,80.45,239
1786013700,2026-08-06T10:55:00.000Z,0,0,,80.48,80.48,80.27,80.32,143
1786014000,2026-08-06T11:00:00.000Z,0,0,,80.31,80.33,80.17,80.23,133
1786014300,2026-08-06T11:05:00.000Z,0,0,,80.25,80.4,80.21,80.36,67
1786014600,2026-08-06T11:10:00.000Z,0,0,,80.35,80.4,80.26,80.33,95
1786014900,2026-08-06T11:15:00.000Z,0,0,,80.34,80.38,80.24,80.24,68
1786015200,2026-08-06T11:20:00.000Z,0,0,,80.29,80.34,80.22,80.31,67
1786015500,2026-08-06T11:25:00.000Z,0,0,,80.33,80.4,80.27,80.28,73
1786015800,2026-08-06T11:30:00.000Z,0,0,,80.31,80.36,80.21,80.26,68
1786016100,2026-08-06T11:35:00.000Z,0,0,,80.25,80.3,80.19,80.22,87
1786016400,2026-08-06T11:40:00.000Z,0,0,,80.25,80.26,80.19,80.22,69
1786016700,2026-08-06T11:45:00.000Z,0,0,,80.25,80.4,80.2,80.33,109
1786017000,2026-08-06T11:50:00.000Z,0,0,,80.3,80.67,80.3,80.67,217
1786017300,2026-08-06T11:55:00.000Z,0,0,,80.64,80.69,80.13,80.16,366
1786017600,2026-08-06T12:00:00.000Z,0,1,,80.19,80.33,80.08,80.22,149
1786017900,2026-08-06T12:05:00.000Z,0,0,,80.23,80.58,80.16,80.43,378
1786018200,2026-08-06T12:10:00.000Z,0,0,,80.39,80.49,80.2,80.21,148
1786018500,2026-08-06T12:15:00.000Z,0,0,,80.22,80.5,80.16,80.45,128
1786018800,2026-08-06T12:20:00.000Z,0,0,,80.47,80.62,80.41,80.59,134
1786019100,2026-08-06T12:25:00.000Z,0,0,,80.62,80.69,80.52,80.56,183
1786019400,2026-08-06T12:30:00.000Z,0,0,,80.59,80.63,80.47,80.57,161
1786019700,2026-08-06T12:35:00.000Z,0,0,,80.6,80.79,80.54,80.79,146
1786020000,2026-08-06T12:40:00.000Z,0,0,,80.79,80.84,80.71,80.74,179
1786020300,2026-08-06T12:45:00.000Z,0,0,,80.76,80.82,80.62,80.68,181
1786020600,2026-08-06T12:50:00.000Z,0,0,,80.71,80.85,80.71,80.79,137
1786020900,2026-08-06T12:55:00.000Z,0,0,,80.78,80.82,80.72,80.74,168
1786021200,2026-08-06T13:00:00.000Z,0,0,,80.76,80.97,80.69,80.87,386
1786021500,2026-08-06T13:05:00.000Z,0,0,,80.86,81.41,80.8,81.18,575
1786021800,2026-08-06T13:10:00.000Z,0,0,,81.21,81.33,81.14,81.19,372
1786022100,2026-08-06T13:15:00.000Z,0,0,,81.2,81.2,80.96,81.1,250
1786022400,2026-08-06T13:20:00.000Z,0,0,,81.09,81.09,80.89,80.93,183
1786022700,2026-08-06T13:25:00.000Z,0,0,,80.95,80.99,80.8,80.85,216
1786023000,2026-08-06T13:30:00.000Z,0,0,,80.88,80.97,80.77,80.87,233
1786023300,2026-08-06T13:35:00.000Z,0,1,,80.9,80.91,80.76,80.86,170
1786023600,2026-08-06T13:40:00.000Z,0,0,,80.88,80.9,80.59,80.68,258
1786023900,2026-08-06T13:45:00.000Z,0,0,,80.71,80.97,80.69,80.91,203
1786024200,2026-08-06T13:50:00.000Z,0,0,,80.94,80.95,80.68,80.79,193
1786024500,2026-08-06T13:55:00.000Z,0,0,,80.8,80.91,80.77,80.91,137
1786024800,2026-08-06T14:00:00.000Z,0,0,,80.89,80.96,80.68,80.71,209
1786025100,2026-08-06T14:05:00.000Z,0,0,,80.74,80.91,80.73,80.86,178
1786025400,2026-08-06T14:10:00.000Z,0,0,,80.87,80.89,80.76,80.84,160
1786025700,2026-08-06T14:15:00.000Z,0,0,,80.85,80.93,80.8,80.91,161
1786026000,2026-08-06T14:20:00.000Z,0,0,,80.89,81.01,80.83,80.97,224
1786026300,2026-08-06T14:25:00.000Z,0,0,,80.98,81.17,80.92,81.08,335
1786026600,2026-08-06T14:30:00.000Z,0,0,,81.11,81.12,80.81,80.93,406
1786026900,2026-08-06T14:35:00.000Z,0,0,,80.91,81.18,80.89,81.17,215
1786027200,2026-08-06T14:40:00.000Z,0,0,,81.15,81.15,81.01,81.09,167
1786027500,2026-08-06T14:45:00.000Z,0,0,,81.1,81.37,81.08,81.21,400
1786027800,2026-08-06T14:50:00.000Z,0,0,,81.22,81.41,81.21,81.24,290
1786028100,2026-08-06T14:55:00.000Z,0,0,,81.22,81.28,81.1,81.13,268
1786028400,2026-08-06T15:00:00.000Z,0,0,,81.16,81.41,81.06,81.32,532
1786028700,2026-08-06T15:05:00.000Z,0,0,,81.35,81.4,81.21,81.26,333
1786029000,2026-08-06T15:10:00.000Z,0,0,,81.28,81.4,81.24,81.28,333
1786029300,2026-08-06T15:15:00.000Z,0,0,,81.29,81.8,81.28,81.73,735
1786029600,2026-08-06T15:20:00.000Z,0,0,,81.77,81.83,81.62,81.75,567
1786029900,2026-08-06T15:25:00.000Z,0,0,,81.77,81.8,81.37,81.48,1014
1786030200,2026-08-06T15:30:00.000Z,0,0,,81.51,81.83,81.41,81.81,579
1786030500,2026-08-06T15:35:00.000Z,0,0,,81.83,81.91,81.63,81.66,298
1786030800,2026-08-06T15:40:00.000Z,0,0,,81.63,81.71,81.47,81.53,346
1786031100,2026-08-06T15:45:00.000Z,0,0,,81.54,81.72,81.5,81.66,235
1786031400,2026-08-06T15:50:00.000Z,0,0,,81.69,82.64,81.53,82.61,900
1786031700,2026-08-06T15:55:00.000Z,0,0,,82.63,82.84,82.19,82.46,1248
1786032000,2026-08-06T16:00:00.000Z,0,0,,82.49,82.75,82.4,82.5,557
1786032300,2026-08-06T16:05:00.000Z,0,0,,82.53,82.61,82.36,82.53,439
1786032600,2026-08-06T16:10:00.000Z,0,0,,82.5,82.73,82.44,82.68,277
1786032900,2026-08-06T16:15:00.000Z,0,0,,82.7,82.91,82.67,82.85,528
1786033200,2026-08-06T16:20:00.000Z,0,0,,82.86,82.91,82.57,82.65,580
1786033500,2026-08-06T16:25:00.000Z,0,0,,82.68,82.81,82.51,82.52,272
1786033800,2026-08-06T16:30:00.000Z,0,0,,82.55,82.71,82.47,82.64,572
1786034100,2026-08-06T16:35:00.000Z,0,0,,82.66,82.74,82.46,82.69,237
1786034400,2026-08-06T16:40:00.000Z,0,0,,82.7,83,82.68,82.96,267
1786034700,2026-08-06T16:45:00.000Z,0,0,,82.98,83.06,82.71,82.71,272
1786035000,2026-08-06T16:50:00.000Z,0,0,,82.74,82.96,82.69,82.89,270
1786035300,2026-08-06T16:55:00.000Z,0,0,,82.9,82.97,82.79,82.79,190
1786035600,2026-08-06T17:00:00.000Z,0,0,,82.81,82.81,82.55,82.76,220
1786035900,2026-08-06T17:05:00.000Z,0,0,,82.77,82.78,82.64,82.67,181
1786036200,2026-08-06T17:10:00.000Z,0,0,,82.71,82.84,82.59,82.72,173
1786036500,2026-08-06T17:15:00.000Z,0,0,,82.69,82.75,82.62,82.63,95
1786036800,2026-08-06T17:20:00.000Z,0,0,,82.66,82.82,82.63,82.65,167
1786037100,2026-08-06T17:25:00.000Z,0,0,,82.68,82.68,82.46,82.53,317
1786037400,2026-08-06T17:30:00.000Z,0,0,,82.54,82.62,82.25,82.31,270
1786037700,2026-08-06T17:35:00.000Z,0,0,,82.32,82.41,82.3,82.36,84
1786038000,2026-08-06T17:40:00.000Z,0,0,,82.37,82.41,82.29,82.35,143
1786038300,2026-08-06T17:45:00.000Z,0,0,,82.36,82.42,82.21,82.32,222
1786038600,2026-08-06T17:50:00.000Z,0,0,,82.31,82.33,82.19,82.26,126
1786038900,2026-08-06T17:55:00.000Z,0,0,,82.27,82.38,82.23,82.34,190
1786039200,2026-08-06T18:00:00.000Z,0,0,,82.35,82.55,82.23,82.24,358
1786039500,2026-08-06T18:05:00.000Z,0,0,,82.26,82.36,82.22,82.32,194
1786039800,2026-08-06T18:10:00.000Z,0,0,,82.3,82.59,82.27,82.43,367
1786040100,2026-08-06T18:15:00.000Z,0,0,,82.43,82.54,82.38,82.45,331
1786040400,2026-08-06T18:20:00.000Z,0,0,,82.45,82.62,82.32,82.52,451
1786040700,2026-08-06T18:25:00.000Z,0,0,,82.53,82.59,82.35,82.46,970
1786041000,2026-08-06T18:30:00.000Z,0,0,,82.49,82.51,82.27,82.4,209
1786041300,2026-08-06T18:35:00.000Z,0,0,,82.37,82.47,82.3,82.42,168
1786041600,2026-08-06T18:40:00.000Z,0,0,,82.45,82.46,82.37,82.4,45
1786041900,2026-08-06T18:45:00.000Z,0,0,,82.41,82.44,82.36,82.42,48
1786042200,2026-08-06T18:50:00.000Z,0,0,,82.41,82.54,82.41,82.52,56
1786042500,2026-08-06T18:55:00.000Z,0,0,,82.5,82.59,82.48,82.56,88
1786042800,2026-08-06T19:00:00.000Z,0,0,,82.55,82.74,82.55,82.71,95
1786043100,2026-08-06T19:05:00.000Z,0,0,,82.73,82.86,82.67,82.7,92
1786043400,2026-08-06T19:10:00.000Z,0,0,,82.72,82.72,82.66,82.7,29
1786043700,2026-08-06T19:15:00.000Z,0,0,,82.76,82.76,82.62,82.67,67
1786044000,2026-08-06T19:20:00.000Z,0,0,,82.64,83.12,82.62,83.1,273
1786044300,2026-08-06T19:25:00.000Z,0,0,,83.12,83.49,83.07,83.36,342
1786044600,2026-08-06T19:30:00.000Z,0,0,,83.38,83.46,83.23,83.26,237
1786044900,2026-08-06T19:35:00.000Z,0,0,,83.28,83.48,83.2,83.23,168
1786045200,2026-08-06T19:40:00.000Z,0,0,,83.25,83.26,83.04,83.15,76
1786045500,2026-08-06T19:45:00.000Z,0,0,,83.14,83.15,82.99,83.04,48
1786045800,2026-08-06T19:50:00.000Z,0,1,,83.04,83.31,82.6,82.8,419
1786046100,2026-08-06T19:55:00.000Z,0,0,,82.81,82.96,82.61,82.93,139
1786046400,2026-08-06T20:00:00.000Z,0,0,,82.94,83.02,82.87,83.01,78
1786046700,2026-08-06T20:05:00.000Z,0,0,,83.01,83.09,82.93,82.97,45
1786047000,2026-08-06T20:10:00.000Z,0,0,,82.98,83.07,82.98,83.04,55
1786047300,2026-08-06T20:15:00.000Z,0,0,,83.05,83.06,82.96,83,41
1786047600,2026-08-06T20:20:00.000Z,0,0,,82.99,83.3,82.98,83.2,198
1786047900,2026-08-06T20:25:00.000Z,0,0,,83.22,83.46,83.11,83.39,242
1786048200,2026-08-06T20:30:00.000Z,0,0,,83.36,83.36,83.23,83.27,37
1786048500,2026-08-06T20:35:00.000Z,0,0,,83.29,83.55,83.26,83.44,98
1786048800,2026-08-06T20:40:00.000Z,0,0,,83.45,83.55,83.34,83.44,55
1786049100,2026-08-06T20:45:00.000Z,0,0,,83.46,83.77,83.43,83.61,214
1786049400,2026-08-06T20:50:00.000Z,0,0,,83.6,83.69,83.52,83.54,55
1786049700,2026-08-06T20:55:00.000Z,0,0,,83.53,83.61,83.45,83.59,52
1786050000,2026-08-06T21:00:00.000Z,0,0,,83.55,83.58,83.48,83.53,12
1786050300,2026-08-06T21:05:00.000Z,0,0,,83.51,83.52,83.41,83.51,7
1786050600,2026-08-06T21:10:00.000Z,0,0,,83.43,83.43,83.24,83.29,21
1786050900,2026-08-06T21:15:00.000Z,0,0,,83.27,83.32,83.24,83.32,8
1786051200,2026-08-06T21:20:00.000Z,0,0,,83.3,83.32,83.01,83.01,33
1786051500,2026-08-06T21:25:00.000Z,0,0,,83,83.19,82.95,83.09,12
1786051800,2026-08-06T21:30:00.000Z,0,0,,83.05,83.18,83.03,83.18,5
1786052100,2026-08-06T21:35:00.000Z,0,0,,83.22,83.22,83.22,83.22,1
1786052400,2026-08-06T21:40:00.000Z,0,0,,83.24,83.31,83.24,83.31,3
1786052700,2026-08-06T21:45:00.000Z,0,0,,83.35,83.51,83.34,83.5,15
1786053300,2026-08-06T21:55:00.000Z,0,0,,83.39,83.39,83.08,83.09,18
1786060800,2026-08-07T00:00:00.000Z,0,0,,83.3,83.46,83.29,83.44,107
1786061100,2026-08-07T00:05:00.000Z,0,0,,83.46,83.5,83.33,83.4,70
1786061400,2026-08-07T00:10:00.000Z,0,0,,83.43,83.68,83.43,83.48,127
1786061700,2026-08-07T00:15:00.000Z,0,0,,83.49,83.63,83.47,83.56,83
1786062000,2026-08-07T00:20:00.000Z,0,0,,83.55,83.67,83.51,83.66,62
1786062300,2026-08-07T00:25:00.000Z,0,0,,83.67,83.74,83.59,83.66,93
1786062600,2026-08-07T00:30:00.000Z,0,0,,83.65,83.7,83.58,83.64,38
1786062900,2026-08-07T00:35:00.000Z,0,0,,83.65,83.83,83.64,83.82,75
1786063200,2026-08-07T00:40:00.000Z,0,0,,83.81,83.86,83.61,83.68,63
1786063500,2026-08-07T00:45:00.000Z,0,0,,83.62,83.66,83.48,83.57,55
1786063800,2026-08-07T00:50:00.000Z,0,0,,83.59,83.61,83.41,83.41,25
1786064100,2026-08-07T00:55:00.000Z,0,0,,83.4,83.48,83.25,83.28,67
1786064400,2026-08-07T01:00:00.000Z,0,0,,83.29,83.35,83.07,83.28,368
1786064700,2026-08-07T01:05:00.000Z,0,0,,83.3,83.41,83.22,83.22,69
1786065000,2026-08-07T01:10:00.000Z,0,0,,83.25,83.26,83.13,83.18,68
1786065300,2026-08-07T01:15:00.000Z,0,0,,83.2,83.27,83.11,83.19,100
1786065600,2026-08-07T01:20:00.000Z,0,0,,83.21,83.4,83.2,83.36,46
1786065900,2026-08-07T01:25:00.000Z,0,0,,83.35,83.38,83.14,83.17,65
1786066200,2026-08-07T01:30:00.000Z,0,0,,83.18,83.19,83.06,83.15,99
1786066500,2026-08-07T01:35:00.000Z,0,0,,83.18,83.2,83.09,83.09,40
1786066800,2026-08-07T01:40:00.000Z,0,0,,83.12,83.28,83.11,83.16,60
1786067100,2026-08-07T01:45:00.000Z,0,0,,83.15,83.32,83.15,83.3,44
1786067400,2026-08-07T01:50:00.000Z,0,0,,83.36,83.39,83.29,83.3,58
1786067700,2026-08-07T01:55:00.000Z,0,0,,83.33,83.33,83.17,83.29,52
1786068000,2026-08-07T02:00:00.000Z,0,0,,83.28,83.5,83.28,83.46,106
1786068300,2026-08-07T02:05:00.000Z,0,0,,83.45,83.49,83.33,83.38,41
1786068600,2026-08-07T02:10:00.000Z,0,0,,83.37,83.44,83.36,83.41,32
1786068900,2026-08-07T02:15:00.000Z,0,0,,83.39,83.51,83.33,83.47,58
1786069200,2026-08-07T02:20:00.000Z,0,0,,83.49,83.54,83.41,83.42,32
1786069500,2026-08-07T02:25:00.000Z,0,0,,83.43,83.58,83.41,83.54,44
1786069800,2026-08-07T02:30:00.000Z,0,0,,83.53,83.6,83.49,83.57,42
1786070100,2026-08-07T02:35:00.000Z,0,0,,83.52,83.61,83.46,83.58,31
1786070400,2026-08-07T02:40:00.000Z,0,0,,83.6,83.6,83.4,83.47,59
1786070700,2026-08-07T02:45:00.000Z,0,0,,83.48,83.5,83.36,83.45,41
1786071000,2026-08-07T02:50:00.000Z,0,0,,83.48,83.51,83.38,83.39,24
1786071300,2026-08-07T02:55:00.000Z,0,0,,83.4,83.45,83.35,83.42,29
1786071600,2026-08-07T03:00:00.000Z,0,0,,83.43,83.43,83.28,83.3,21
1786071900,2026-08-07T03:05:00.000Z,0,0,,83.28,83.43,83.28,83.43,49
1786072200,2026-08-07T03:10:00.000Z,0,0,,83.45,83.55,83.45,83.51,29
1786072500,2026-08-07T03:15:00.000Z,0,0,,83.52,83.63,83.48,83.57,63
1786072800,2026-08-07T03:20:00.000Z,0,0,,83.59,83.73,83.52,83.55,98
1786073100,2026-08-07T03:25:00.000Z,0,0,,83.56,83.56,83.45,83.46,31
1786073400,2026-08-07T03:30:00.000Z,0,0,,83.48,83.51,83.42,83.48,25
1786073700,2026-08-07T03:35:00.000Z,0,0,,83.45,83.47,83.35,83.35,14
1786074000,2026-08-07T03:40:00.000Z,0,0,,83.39,83.5,83.39,83.43,20
1786074300,2026-08-07T03:45:00.000Z,0,0,,83.41,83.49,83.41,83.45,28
1786074600,2026-08-07T03:50:00.000Z,0,0,,83.46,83.49,83.43,83.46,20
1786074900,2026-08-07T03:55:00.000Z,0,0,,83.47,83.51,83.44,83.45,23
1786075200,2026-08-07T04:00:00.000Z,0,0,,83.47,83.49,83.4,83.48,24
1786075500,2026-08-07T04:05:00.000Z,0,0,,83.47,83.62,83.42,83.58,63
1786075800,2026-08-07T04:10:00.000Z,0,0,,83.61,83.79,83.55,83.72,138
1786076100,2026-08-07T04:15:00.000Z,0,0,,83.71,84.07,83.69,84.05,264
1786076400,2026-08-07T04:20:00.000Z,0,0,,84.06,84.06,83.82,84,266
1786076700,2026-08-07T04:25:00.000Z,0,0,,84.03,84.33,83.99,84.24,819
1786077000,2026-08-07T04:30:00.000Z,0,0,,84.3,84.44,83.72,83.75,450
1786077300,2026-08-07T04:35:00.000Z,0,1,,83.76,83.85,83.73,83.83,62
1786077600,2026-08-07T04:40:00.000Z,0,0,,83.81,83.94,83.81,83.92,65
1786077900,2026-08-07T04:45:00.000Z,0,0,,83.93,83.95,83.83,83.83,47
1786078200,2026-08-07T04:50:00.000Z,0,0,,83.85,83.88,83.76,83.76,33
1786078500,2026-08-07T04:55:00.000Z,0,0,,83.75,83.79,83.66,83.79,40
1786078800,2026-08-07T05:00:00.000Z,0,0,,83.81,83.83,83.76,83.79,26
1786079100,2026-08-07T05:05:00.000Z,0,0,,83.78,83.81,83.71,83.72,22
1786079400,2026-08-07T05:10:00.000Z,0,0,,83.73,83.81,83.72,83.81,20
1786079700,2026-08-07T05:15:00.000Z,0,0,,83.79,83.83,83.74,83.82,16
1786080000,2026-08-07T05:20:00.000Z,0,0,,83.79,83.83,83.72,83.76,16
1786080300,2026-08-07T05:25:00.000Z,0,0,,83.73,83.88,83.73,83.83,11
1786080600,2026-08-07T05:30:00.000Z,0,0,,83.86,83.89,83.74,83.86,92
1786080900,2026-08-07T05:35:00.000Z,0,0,,83.83,83.83,83.66,83.67,131
1786081200,2026-08-07T05:40:00.000Z,0,0,,83.68,83.78,83.63,83.78,68
1786081500,2026-08-07T05:45:00.000Z,0,0,,83.75,83.89,83.71,83.79,42
1786081800,2026-08-07T05:50:00.000Z,0,0,,83.74,83.74,83.57,83.59,47
1786082100,2026-08-07T05:55:00.000Z,0,0,,83.6,83.62,83.52,83.56,113
1786082400,2026-08-07T06:00:00.000Z,0,0,,83.58,83.66,83.33,83.33,127
1786082700,2026-08-07T06:05:00.000Z,0,0,,83.36,83.42,83.26,83.37,111
1786083000,2026-08-07T06:10:00.000Z,0,0,,83.41,83.46,83.27,83.27,68
1786083300,2026-08-07T06:15:00.000Z,0,0,,83.29,83.4,83.25,83.36,116
1786083600,2026-08-07T06:20:00.000Z,0,0,,83.33,83.37,83.07,83.11,108
1786083900,2026-08-07T06:25:00.000Z,0,0,,83.14,83.19,83.07,83.08,75
1786084200,2026-08-07T06:30:00.000Z,0,0,,83.09,83.35,83.04,83.32,114
1786084500,2026-08-07T06:35:00.000Z,0,0,,83.29,83.51,83.29,83.48,89
1786084800,2026-08-07T06:40:00.000Z,0,0,,83.49,83.7,83.47,83.68,97
1786085100,2026-08-07T06:45:00.000Z,0,0,,83.68,83.69,83.53,83.59,68
1786085400,2026-08-07T06:50:00.000Z,0,0,,83.54,83.56,83.39,83.45,77
1786085700,2026-08-07T06:55:00.000Z,0,0,,83.43,83.5,83.38,83.41,66
1786086000,2026-08-07T07:00:00.000Z,0,0,,83.43,83.61,83.35,83.52,155
1786086300,2026-08-07T07:05:00.000Z,0,0,,83.51,83.57,83.41,83.47,107
1786086600,2026-08-07T07:10:00.000Z,0,0,,83.46,83.47,83.17,83.19,81
1786086900,2026-08-07T07:15:00.000Z,0,0,,83.21,83.4,83.16,83.3,108
1786087200,2026-08-07T07:20:00.000Z,0,0,,83.28,83.3,83.12,83.22,118
1786087500,2026-08-07T07:25:00.000Z,0,0,,83.26,83.27,83.04,83.1,107
1786087800,2026-08-07T07:30:00.000Z,0,0,,83.07,83.32,83.02,83.2,123
1786088100,2026-08-07T07:35:00.000Z,0,0,,83.19,83.39,83.13,83.19,162
1786088400,2026-08-07T07:40:00.000Z,0,0,,83.21,83.34,83.19,83.34,82
1786088700,2026-08-07T07:45:00.000Z,0,0,,83.36,83.38,83.2,83.23,86
1786089000,2026-08-07T07:50:00.000Z,0,0,,83.26,83.47,83.23,83.44,92
1786089300,2026-08-07T07:55:00.000Z,0,0,,83.41,83.42,83.26,83.27,79
1786089600,2026-08-07T08:00:00.000Z,0,0,,83.31,83.34,83.15,83.2,103
1786089900,2026-08-07T08:05:00.000Z,0,0,,83.19,83.25,82.96,83.17,215
1786090200,2026-08-07T08:10:00.000Z,0,0,,83.18,83.23,83.11,83.2,108
1786090500,2026-08-07T08:15:00.000Z,0,0,,83.21,83.37,83.17,83.31,157
1786090800,2026-08-07T08:20:00.000Z,0,0,,83.3,83.43,83.22,83.22,80
1786091100,2026-08-07T08:25:00.000Z,0,0,,83.23,83.42,83.09,83.31,667
1786091400,2026-08-07T08:30:00.000Z,0,0,,83.34,83.36,82.98,83.11,287
1786091700,2026-08-07T08:35:00.000Z,0,0,,83.12,83.32,83.01,83.21,214
1786092000,2026-08-07T08:40:00.000Z,0,0,,83.25,83.34,83.09,83.14,166
1786092300,2026-08-07T08:45:00.000Z,0,0,,83.18,83.34,83.17,83.24,130
1786092600,2026-08-07T08:50:00.000Z,0,0,,83.25,83.33,83.16,83.19,92
1786092900,2026-08-07T08:55:00.000Z,0,0,,83.17,83.17,82.97,83.06,110
1786093200,2026-08-07T09:00:00.000Z,0,0,,83.09,83.18,82.82,82.91,129
1786093500,2026-08-07T09:05:00.000Z,0,0,,82.94,83.01,82.91,82.93,73
1786093800,2026-08-07T09:10:00.000Z,0,0,,82.93,82.93,82.77,82.84,177
1786094100,2026-08-07T09:15:00.000Z,0,0,,82.83,82.98,82.8,82.85,100
1786094400,2026-08-07T09:20:00.000Z,0,0,,82.84,82.85,82.71,82.78,107
1786094700,2026-08-07T09:25:00.000Z,0,0,,82.77,82.86,82.74,82.77,109
1786095000,2026-08-07T09:30:00.000Z,0,0,,82.79,82.83,82.7,82.76,144
1786095300,2026-08-07T09:35:00.000Z,0,0,,82.77,82.78,82.5,82.51,189
1786095600,2026-08-07T09:40:00.000Z,0,0,,82.53,82.53,82.28,82.44,297
1786095900,2026-08-07T09:45:00.000Z,0,0,,82.41,82.44,82.11,82.16,214
1786096200,2026-08-07T09:50:00.000Z,0,0,,82.17,82.46,82.14,82.36,168
1786096500,2026-08-07T09:55:00.000Z,0,0,,82.37,82.43,82.24,82.35,98
1786096800,2026-08-07T10:00:00.000Z,0,0,,82.34,82.34,82.12,82.18,119
1786097100,2026-08-07T10:05:00.000Z,0,0,,82.2,82.31,82.14,82.19,123
1786097400,2026-08-07T10:10:00.000Z,0,0,,82.18,82.19,81.83,81.99,322
1786097700,2026-08-07T10:15:00.000Z,0,0,,82,82.37,81.99,82.16,170
1786098000,2026-08-07T10:20:00.000Z,0,0,,82.15,82.24,82.09,82.19,118
1786098300,2026-08-07T10:25:00.000Z,0,0,,82.16,82.29,82.08,82.12,127
1786098600,2026-08-07T10:30:00.000Z,0,0,,82.12,82.12,81.83,81.93,180
1786098900,2026-08-07T10:35:00.000Z,0,0,,81.96,82.05,81.85,81.88,172
1786099200,2026-08-07T10:40:00.000Z,0,0,,81.87,82.06,81.74,81.81,183
1786099500,2026-08-07T10:45:00.000Z,0,0,,81.83,81.98,81.8,81.81,105
1786099800,2026-08-07T10:50:00.000Z,0,0,,81.82,81.93,81.75,81.91,210
1786100100,2026-08-07T10:55:00.000Z,0,0,,81.91,82.06,81.83,81.87,117
1786100400,2026-08-07T11:00:00.000Z,0,0,,81.89,81.98,81.76,81.77,109
1786100700,2026-08-07T11:05:00.000Z,0,0,,81.78,81.99,81.75,81.79,90
1786101000,2026-08-07T11:10:00.000Z,0,0,,81.78,82,81.78,82,98
1786101300,2026-08-07T11:15:00.000Z,0,0,,82.01,82.17,82,82.05,151
1786101600,2026-08-07T11:20:00.000Z,0,0,,82.02,82.07,81.88,81.9,63
1786101900,2026-08-07T11:25:00.000Z,0,0,,81.88,81.9,81.75,81.84,75
1786102200,2026-08-07T11:30:00.000Z,0,0,,81.82,81.97,81.77,81.88,103
1786102500,2026-08-07T11:35:00.000Z,0,0,,81.86,81.88,81.75,81.76,121
1786102800,2026-08-07T11:40:00.000Z,0,0,,81.75,81.81,81.66,81.75,143
1786103100,2026-08-07T11:45:00.000Z,0,0,,81.74,81.8,81.65,81.76,173
1786103400,2026-08-07T11:50:00.000Z,0,0,,81.75,81.75,81.67,81.72,67
1786103700,2026-08-07T11:55:00.000Z,0,0,,81.71,81.85,81.71,81.84,66
1786104000,2026-08-07T12:00:00.000Z,0,0,,81.86,81.87,81.72,81.81,75
1786104300,2026-08-07T12:05:00.000Z,0,0,,81.8,82.01,81.75,81.96,116
1786104600,2026-08-07T12:10:00.000Z,0,0,,81.98,82.02,81.9,82,169
1786104900,2026-08-07T12:15:00.000Z,0,0,,81.97,82.15,81.94,82.02,227
1786105200,2026-08-07T12:20:00.000Z,0,0,,81.99,82.17,81.94,82.14,131
1786105500,2026-08-07T12:25:00.000Z,0,0,,82.18,82.45,82.1,82.28,240
1786105800,2026-08-07T12:30:00.000Z,0,0,,82.23,82.26,81.79,81.86,430
1786106100,2026-08-07T12:35:00.000Z,0,0,,81.85,81.98,81.68,81.7,210
1786106400,2026-08-07T12:40:00.000Z,0,0,,81.73,81.76,81.5,81.66,297
1786106700,2026-08-07T12:45:00.000Z,0,0,,81.65,81.8,81.6,81.64,117
1786107000,2026-08-07T12:50:00.000Z,0,0,,81.68,81.73,81.54,81.61,114
1786107300,2026-08-07T12:55:00.000Z,0,0,,81.6,81.76,81.53,81.67,158
1786107600,2026-08-07T13:00:00.000Z,0,0,,81.66,81.92,81.58,81.87,522
1786107900,2026-08-07T13:05:00.000Z,0,0,,81.86,81.93,81.7,81.93,187
1786108200,2026-08-07T13:10:00.000Z,1,0,,81.9,82.14,81.84,81.86,291
1786108500,2026-08-07T13:15:00.000Z,0,0,,81.87,81.91,81.72,81.78,155
1786108800,2026-08-07T13:20:00.000Z,0,0,,81.8,82.12,81.76,82.02,178
1786109100,2026-08-07T13:25:00.000Z,0,0,,82.03,82.09,81.93,81.95,155
1786109400,2026-08-07T13:30:00.000Z,0,0,,81.97,82.11,81.85,82.07,208
1786109700,2026-08-07T13:35:00.000Z,0,0,,82.08,82.11,81.96,81.98,191
1786110000,2026-08-07T13:40:00.000Z,0,0,,82,82.1,81.95,82.04,139
1786110300,2026-08-07T13:45:00.000Z,0,0,,82.05,82.37,82.01,82.31,198
1786110600,2026-08-07T13:50:00.000Z,0,0,,82.34,82.34,82.17,82.31,178
1786110900,2026-08-07T13:55:00.000Z,0,0,,82.33,82.38,82.16,82.36,191
1786111200,2026-08-07T14:00:00.000Z,0,0,,82.37,82.65,82.23,82.63,309
1786111500,2026-08-07T14:05:00.000Z,0,0,,82.64,82.98,82.6,82.84,433
1786111800,2026-08-07T14:10:00.000Z,0,0,,82.86,83.01,82.64,82.77,230
1786112100,2026-08-07T14:15:00.000Z,0,0,,82.74,82.77,82.49,82.53,268
1786112400,2026-08-07T14:20:00.000Z,0,0,,82.54,82.65,82.41,82.63,182
1786112700,2026-08-07T14:25:00.000Z,0,0,,82.66,82.75,82.61,82.62,139
1786113000,2026-08-07T14:30:00.000Z,0,0,,82.63,82.7,82.5,82.59,121
1786113300,2026-08-07T14:35:00.000Z,0,0,,82.57,82.61,82.4,82.5,151
1786113600,2026-08-07T14:40:00.000Z,0,0,,82.49,82.58,82.43,82.51,103
1786113900,2026-08-07T14:45:00.000Z,0,0,,82.51,82.67,82.42,82.64,191
1786114200,2026-08-07T14:50:00.000Z,0,0,,82.7,82.93,82.62,82.91,246
1786114500,2026-08-07T14:55:00.000Z,0,0,,82.91,83.18,82.87,83.13,324
1786114800,2026-08-07T15:00:00.000Z,0,0,,83.15,83.5,83.05,83.39,563
1786115100,2026-08-07T15:05:00.000Z,0,0,,83.43,83.58,83.3,83.38,284
1786115400,2026-08-07T15:10:00.000Z,0,0,,83.41,83.49,83.27,83.33,227
1786115700,2026-08-07T15:15:00.000Z,0,0,,83.35,83.54,83.26,83.49,370
1786116000,2026-08-07T15:20:00.000Z,0,0,,83.52,83.52,83.26,83.31,459
1786116300,2026-08-07T15:25:00.000Z,0,0,,83.3,83.64,83.3,83.41,1395
1786116600,2026-08-07T15:30:00.000Z,0,0,,83.44,83.69,83.4,83.44,542
1786116900,2026-08-07T15:35:00.000Z,0,0,,83.47,83.49,83.31,83.43,214
1786117200,2026-08-07T15:40:00.000Z,0,0,,83.46,83.48,83.33,83.41,216
1786117500,2026-08-07T15:45:00.000Z,0,0,,83.43,83.51,83.29,83.44,152
1786117800,2026-08-07T15:50:00.000Z,0,0,,83.46,83.63,83.43,83.52,175
1786118100,2026-08-07T15:55:00.000Z,0,0,,83.55,83.8,83.55,83.69,167
1786118400,2026-08-07T16:00:00.000Z,0,0,,83.73,83.81,83.63,83.67,185
1786118700,2026-08-07T16:05:00.000Z,0,0,,83.66,83.68,83.47,83.55,180
1786119000,2026-08-07T16:10:00.000Z,0,0,,83.54,83.61,83.47,83.61,182
1786119300,2026-08-07T16:15:00.000Z,0,0,,83.59,83.69,83.57,83.59,107
1786119600,2026-08-07T16:20:00.000Z,0,0,,83.61,83.8,83.48,83.75,383
1786119900,2026-08-07T16:25:00.000Z,0,0,,83.74,83.75,83.63,83.72,136
1786120200,2026-08-07T16:30:00.000Z,0,0,,83.73,83.77,83.67,83.73,118
1786120500,2026-08-07T16:35:00.000Z,0,0,,83.76,83.78,83.59,83.62,105
1786120800,2026-08-07T16:40:00.000Z,0,0,,83.63,83.65,83.5,83.55,109
1786121100,2026-08-07T16:45:00.000Z,0,0,,83.56,83.63,83.49,83.55,89
1786121400,2026-08-07T16:50:00.000Z,0,0,,83.58,83.6,83.49,83.55,151
1786121700,2026-08-07T16:55:00.000Z,0,0,,83.56,83.63,83.49,83.62,189
1786122000,2026-08-07T17:00:00.000Z,0,0,,83.61,83.63,83.33,83.39,257
1786122300,2026-08-07T17:05:00.000Z,0,0,,83.38,83.4,83.25,83.34,304
1786122600,2026-08-07T17:10:00.000Z,0,0,,83.36,83.42,83.29,83.33,135
1786122900,2026-08-07T17:15:00.000Z,0,0,,83.32,83.37,83.23,83.25,103
1786123200,2026-08-07T17:20:00.000Z,0,0,,83.26,83.43,83.24,83.33,110
1786123500,2026-08-07T17:25:00.000Z,0,0,,83.32,83.41,83.28,83.32,99
1786123800,2026-08-07T17:30:00.000Z,0,0,,83.34,83.39,83.04,83.17,316
1786124100,2026-08-07T17:35:00.000Z,0,0,,83.16,83.28,83.11,83.25,121
1786124400,2026-08-07T17:40:00.000Z,0,0,,83.26,83.3,83.17,83.27,86
1786124700,2026-08-07T17:45:00.000Z,0,0,,83.28,83.49,83.24,83.39,127
1786125000,2026-08-07T17:50:00.000Z,0,0,,83.4,83.47,83.34,83.4,98
1786125300,2026-08-07T17:55:00.000Z,0,0,,83.41,83.47,83.32,83.43,94
1786125600,2026-08-07T18:00:00.000Z,0,0,,83.44,83.5,83.39,83.43,117
1786125900,2026-08-07T18:05:00.000Z,0,0,,83.43,83.62,83.42,83.53,136
1786126200,2026-08-07T18:10:00.000Z,0,0,,83.56,83.66,83.49,83.56,132
1786126500,2026-08-07T18:15:00.000Z,0,0,,83.57,83.57,83.32,83.4,172
1786126800,2026-08-07T18:20:00.000Z,0,0,,83.41,83.68,83.33,83.61,285
1786127100,2026-08-07T18:25:00.000Z,0,0,,83.64,83.66,83.24,83.56,868
1786127400,2026-08-07T18:30:00.000Z,0,0,,83.58,83.65,83.39,83.41,194
1786127700,2026-08-07T18:35:00.000Z,0,0,,83.43,83.51,83.34,83.48,71
1786128000,2026-08-07T18:40:00.000Z,0,0,,83.49,83.54,83.48,83.53,75
1786128300,2026-08-07T18:45:00.000Z,0,0,,83.52,83.53,83.45,83.47,66
1786128600,2026-08-07T18:50:00.000Z,0,0,,83.48,83.57,83.48,83.5,45
1786128900,2026-08-07T18:55:00.000Z,0,0,,83.49,83.55,83.35,83.41,117
1786129200,2026-08-07T19:00:00.000Z,0,0,,83.42,83.42,82.82,82.93,455
1786129500,2026-08-07T19:05:00.000Z,0,0,,82.95,83.01,82.62,82.64,179
1786129800,2026-08-07T19:10:00.000Z,0,0,,82.68,82.8,82.62,82.72,114
1786130100,2026-08-07T19:15:00.000Z,0,0,,82.75,82.83,82.38,82.44,258
1786130400,2026-08-07T19:20:00.000Z,0,0,,82.49,82.49,82.09,82.18,273
1786130700,2026-08-07T19:25:00.000Z,0,0,,82.17,82.26,82.01,82.08,209
1786131000,2026-08-07T19:30:00.000Z,0,0,,82.09,82.11,81.94,82.07,148
1786131300,2026-08-07T19:35:00.000Z,0,0,,82.09,82.21,81.93,82.1,153
1786131600,2026-08-07T19:40:00.000Z,0,0,,82.08,82.1,81.88,81.97,116
1786131900,2026-08-07T19:45:00.000Z,0,0,,81.98,82.02,81.86,81.97,124
1786132200,2026-08-07T19:50:00.000Z,0,0,,81.98,82,81.9,81.98,100
1786132500,2026-08-07T19:55:00.000Z,0,0,,81.97,82.2,81.94,82.12,179
1786132800,2026-08-07T20:00:00.000Z,0,0,,82.13,82.17,81.91,81.93,97
1786133100,2026-08-07T20:05:00.000Z,0,0,,81.99,82.11,81.9,82.01,107
1786133400,2026-08-07T20:10:00.000Z,0,0,,82.06,82.16,82.05,82.16,28
1786133700,2026-08-07T20:15:00.000Z,0,0,,82.18,82.22,82.12,82.2,51
1786134000,2026-08-07T20:20:00.000Z,0,0,,82.24,82.24,82.07,82.07,36
1786134300,2026-08-07T20:25:00.000Z,0,0,,82.08,82.18,82.07,82.18,34
1786134600,2026-08-07T20:30:00.000Z,0,0,,82.17,82.25,82.16,82.25,46
1786134900,2026-08-07T20:35:00.000Z,0,0,,82.28,82.32,82.22,82.22,30
1786135200,2026-08-07T20:40:00.000Z,0,0,,82.25,82.33,82.21,82.29,19
1786135500,2026-08-07T20:45:00.000Z,0,0,,82.32,82.52,82.28,82.46,74
1786135800,2026-08-07T20:50:00.000Z,0,0,,82.45,82.48,82.17,82.27,79
1786136100,2026-08-07T20:55:00.000Z,0,0,,82.22,82.3,82.18,82.24,77
1786136400,2026-08-07T21:00:00.000Z,0,0,,82.26,82.28,82.26,82.28,2
1786137000,2026-08-07T21:10:00.000Z,0,0,,82.34,82.34,82.34,82.34,1
1786137300,2026-08-07T21:15:00.000Z,0,0,,82.18,82.21,82.18,82.2,4
1786137600,2026-08-07T21:20:00.000Z,0,0,,82.23,82.36,82.23,82.36,4
1786137900,2026-08-07T21:25:00.000Z,0,0,,82.34,82.34,82.34,82.34,1
1786138200,2026-08-07T21:30:00.000Z,0,0,,82.41,82.43,82.41,82.43,2
1786138500,2026-08-07T21:35:00.000Z,0,0,,82.39,82.39,82.14,82.14,7
1786138800,2026-08-07T21:40:00.000Z,0,0,,82.21,82.21,82.07,82.09,4
1786139100,2026-08-07T21:45:00.000Z,0,0,,82.15,82.42,82.15,82.42,3
1786139400,2026-08-07T21:50:00.000Z,0,0,,82.23,82.29,82.11,82.29,3
1786139700,2026-08-07T21:55:00.000Z,0,0,,82.31,82.47,82.3,82.37,6
1786312800,2026-08-09T22:00:00.000Z,0,0,,83.7,84.77,83.55,84.63,597
1786313100,2026-08-09T22:05:00.000Z,0,0,,84.64,84.97,84.57,84.83,157
1786313400,2026-08-09T22:10:00.000Z,0,0,,84.82,84.87,84.59,84.61,90
1786313700,2026-08-09T22:15:00.000Z,0,0,,84.6,84.63,84.51,84.58,39
1786314000,2026-08-09T22:20:00.000Z,0,0,,84.57,84.64,84.41,84.44,51
1786314300,2026-08-09T22:25:00.000Z,0,0,,84.48,84.5,84.35,84.43,32
1786314600,2026-08-09T22:30:00.000Z,0,0,,84.42,84.42,84.11,84.19,50
1786314900,2026-08-09T22:35:00.000Z,0,0,,84.2,84.35,84.17,84.31,51
1786315200,2026-08-09T22:40:00.000Z,0,0,,84.28,84.53,84.28,84.38,81
1786315500,2026-08-09T22:45:00.000Z,0,0,,84.42,84.48,84.33,84.33,14
1786315800,2026-08-09T22:50:00.000Z,0,0,,84.39,84.47,84.33,84.34,26
1786316100,2026-08-09T22:55:00.000Z,0,0,,84.33,84.41,84.33,84.4,16
1786316400,2026-08-09T23:00:00.000Z,0,0,,84.35,84.36,84.24,84.27,29
1786316700,2026-08-09T23:05:00.000Z,0,0,,84.29,84.31,84.18,84.24,40
1786317000,2026-08-09T23:10:00.000Z,0,0,,84.16,84.26,84.16,84.21,41
1786317300,2026-08-09T23:15:00.000Z,0,0,,84.22,84.3,84.2,84.28,25
1786317600,2026-08-09T23:20:00.000Z,0,0,,84.27,84.32,84.27,84.29,13
1786317900,2026-08-09T23:25:00.000Z,0,0,,84.3,84.39,84.29,84.34,34
1786318200,2026-08-09T23:30:00.000Z,0,0,,84.34,84.37,84.3,84.36,18
1786318500,2026-08-09T23:35:00.000Z,0,0,,84.34,84.46,84.32,84.46,38
1786318800,2026-08-09T23:40:00.000Z,0,0,,84.44,84.59,84.42,84.47,54
1786319100,2026-08-09T23:45:00.000Z,0,0,,84.46,84.55,84.45,84.49,26
1786319400,2026-08-09T23:50:00.000Z,0,0,,84.49,84.53,84.48,84.5,19
1786319700,2026-08-09T23:55:00.000Z,0,0,,84.45,84.49,84.39,84.39,26
1786320000,2026-08-10T00:00:00.000Z,0,0,,84.41,84.45,84.19,84.19,65
1786320300,2026-08-10T00:05:00.000Z,0,0,,84.23,84.3,84.14,84.3,41
1786320600,2026-08-10T00:10:00.000Z,0,0,,84.32,84.46,84.32,84.45,33
1786320900,2026-08-10T00:15:00.000Z,0,0,,84.46,84.49,84.41,84.41,29
1786321200,2026-08-10T00:20:00.000Z,0,0,,84.45,84.51,84.44,84.5,20
1786321500,2026-08-10T00:25:00.000Z,0,0,,84.47,84.51,84.44,84.47,26
1786321800,2026-08-10T00:30:00.000Z,0,0,,84.51,84.57,84.45,84.46,37
1786322100,2026-08-10T00:35:00.000Z,0,0,,84.43,84.47,84.36,84.41,40
1786322400,2026-08-10T00:40:00.000Z,0,0,,84.4,84.42,84.3,84.4,26
1786322700,2026-08-10T00:45:00.000Z,0,0,,84.43,84.45,84.35,84.43,28
1786323000,2026-08-10T00:50:00.000Z,0,0,,84.44,84.55,84.31,84.48,50
1786323300,2026-08-10T00:55:00.000Z,0,0,,84.47,84.47,84.2,84.25,31
1786323600,2026-08-10T01:00:00.000Z,0,0,,84.23,84.42,83.68,84.23,395
1786323900,2026-08-10T01:05:00.000Z,0,0,,84.21,84.67,84.19,84.63,109
1786324200,2026-08-10T01:10:00.000Z,0,0,,84.53,84.72,84.44,84.61,108
1786324500,2026-08-10T01:15:00.000Z,0,0,,84.64,84.68,84.45,84.46,80
1786324800,2026-08-10T01:20:00.000Z,0,0,,84.49,84.52,84.41,84.47,40
1786325100,2026-08-10T01:25:00.000Z,0,0,,84.45,84.69,84.45,84.64,84
1786325400,2026-08-10T01:30:00.000Z,0,0,,84.67,84.8,84.61,84.63,54
1786325700,2026-08-10T01:35:00.000Z,0,0,,84.61,84.75,84.6,84.68,48
1786326000,2026-08-10T01:40:00.000Z,0,0,,84.68,84.77,84.68,84.73,44
1786326300,2026-08-10T01:45:00.000Z,0,0,,84.7,84.76,84.66,84.66,33
1786326600,2026-08-10T01:50:00.000Z,0,0,,84.71,84.72,84.43,84.47,68
1786326900,2026-08-10T01:55:00.000Z,0,0,,84.53,84.58,84.46,84.51,29
1786327200,2026-08-10T02:00:00.000Z,0,0,,84.5,84.6,84.46,84.54,32
1786327500,2026-08-10T02:05:00.000Z,0,0,,84.55,84.62,84.47,84.57,30
1786327800,2026-08-10T02:10:00.000Z,0,0,,84.56,84.56,84.43,84.47,38
1786328100,2026-08-10T02:15:00.000Z,0,0,,84.45,84.49,84.41,84.41,8
1786328400,2026-08-10T02:20:00.000Z,0,0,,84.39,84.39,84.32,84.35,19
1786328700,2026-08-10T02:25:00.000Z,0,0,,84.37,84.39,84.26,84.3,30
1786329000,2026-08-10T02:30:00.000Z,0,0,,84.3,84.31,84.22,84.31,35
1786329300,2026-08-10T02:35:00.000Z,0,0,,84.28,84.37,84.23,84.25,34
1786329600,2026-08-10T02:40:00.000Z,0,0,,84.27,84.3,84.19,84.25,24
1786329900,2026-08-10T02:45:00.000Z,0,0,,84.27,84.4,84.25,84.34,27
1786330200,2026-08-10T02:50:00.000Z,0,0,,84.34,84.48,84.32,84.46,45
1786330500,2026-08-10T02:55:00.000Z,0,0,,84.43,84.56,84.35,84.44,42
1786330800,2026-08-10T03:00:00.000Z,0,0,,84.48,84.5,84.28,84.3,53
1786331100,2026-08-10T03:05:00.000Z,0,0,,84.26,84.3,84.21,84.23,37
1786331400,2026-08-10T03:10:00.000Z,0,0,,84.19,84.33,84.16,84.28,38
1786331700,2026-08-10T03:15:00.000Z,0,0,,84.27,84.3,84.17,84.17,22
1786332000,2026-08-10T03:20:00.000Z,0,0,,84.15,84.23,84.15,84.18,24
1786332300,2026-08-10T03:25:00.000Z,0,0,,84.17,84.23,84.14,84.23,33
1786332600,2026-08-10T03:30:00.000Z,0,0,,84.25,84.4,84.25,84.37,17
1786332900,2026-08-10T03:35:00.000Z,0,0,,84.36,84.43,84.34,84.41,12
1786333200,2026-08-10T03:40:00.000Z,0,0,,84.43,84.46,84.39,84.39,10
1786333500,2026-08-10T03:45:00.000Z,0,0,,84.38,84.42,84.37,84.42,10
1786333800,2026-08-10T03:50:00.000Z,0,0,,84.43,84.44,84.39,84.4,11
1786334100,2026-08-10T03:55:00.000Z,0,0,,84.43,84.43,84.35,84.37,13
1786334400,2026-08-10T04:00:00.000Z,0,0,,84.39,84.43,84.31,84.43,40
1786334700,2026-08-10T04:05:00.000Z,0,0,,84.42,84.45,84.37,84.39,18
1786335000,2026-08-10T04:10:00.000Z,0,0,,84.38,84.46,84.38,84.45,12
1786335300,2026-08-10T04:15:00.000Z,0,0,,84.41,84.44,84.41,84.44,3
1786335600,2026-08-10T04:20:00.000Z,0,0,,84.42,84.42,84.33,84.33,16
1786335900,2026-08-10T04:25:00.000Z,0,0,,84.34,84.38,84.27,84.35,22
1786336200,2026-08-10T04:30:00.000Z,0,0,,84.35,84.35,84.23,84.23,18
1786336500,2026-08-10T04:35:00.000Z,0,0,,84.21,84.31,84.21,84.27,29
1786336800,2026-08-10T04:40:00.000Z,0,0,,84.29,84.3,84.14,84.16,37
1786337100,2026-08-10T04:45:00.000Z,0,0,,84.13,84.14,84.07,84.12,23
1786337400,2026-08-10T04:50:00.000Z,0,0,,84.07,84.07,83.84,83.93,54
1786337700,2026-08-10T04:55:00.000Z,0,0,,83.96,84.04,83.95,83.98,27
1786338000,2026-08-10T05:00:00.000Z,0,0,,84.01,84.05,83.95,84.02,35
1786338300,2026-08-10T05:05:00.000Z,0,0,,84,84.04,83.94,83.98,43
1786338600,2026-08-10T05:10:00.000Z,0,0,,83.96,84.12,83.95,84,36
1786338900,2026-08-10T05:15:00.000Z,0,0,,84.03,84.03,83.9,83.93,34
1786339200,2026-08-10T05:20:00.000Z,0,0,,83.92,83.95,83.85,83.92,16
1786339500,2026-08-10T05:25:00.000Z,0,0,,83.9,83.99,83.89,83.96,32
1786339800,2026-08-10T05:30:00.000Z,0,0,,83.95,84,83.86,83.96,63
1786340100,2026-08-10T05:35:00.000Z,0,0,,83.98,84.02,83.89,83.97,42
1786340400,2026-08-10T05:40:00.000Z,0,0,,83.98,84.01,83.87,83.89,32
1786340700,2026-08-10T05:45:00.000Z,0,0,,83.86,83.91,83.77,83.79,36
1786341000,2026-08-10T05:50:00.000Z,0,0,,83.8,83.8,83.41,83.43,103
1786341300,2026-08-10T05:55:00.000Z,0,0,,83.41,83.45,83.33,83.35,38
1786341600,2026-08-10T06:00:00.000Z,0,0,,83.38,83.78,83.34,83.7,186
1786341900,2026-08-10T06:05:00.000Z,0,0,,83.72,83.84,83.66,83.7,127
1786342200,2026-08-10T06:10:00.000Z,0,0,,83.74,83.74,83.59,83.71,71
1786342500,2026-08-10T06:15:00.000Z,0,0,,83.72,83.73,83.53,83.55,56
1786342800,2026-08-10T06:20:00.000Z,0,0,,83.57,83.58,83.47,83.51,63
1786343100,2026-08-10T06:25:00.000Z,0,0,,83.52,83.59,83.43,83.56,46
1786343400,2026-08-10T06:30:00.000Z,0,0,,83.55,83.58,83.44,83.46,42
1786343700,2026-08-10T06:35:00.000Z,0,0,,83.47,83.47,83.34,83.42,55
1786344000,2026-08-10T06:40:00.000Z,0,0,,83.43,83.61,83.4,83.61,97
1786344300,2026-08-10T06:45:00.000Z,0,0,,83.59,83.63,83.42,83.56,111
1786344600,2026-08-10T06:50:00.000Z,0,0,,83.58,83.7,83.55,83.67,105
1786344900,2026-08-10T06:55:00.000Z,0,0,,83.71,83.71,83.37,83.44,138
1786345200,2026-08-10T07:00:00.000Z,0,0,,83.42,83.87,83.37,83.84,173
1786345500,2026-08-10T07:05:00.000Z,0,0,,83.86,84.2,83.84,83.99,233
1786345800,2026-08-10T07:10:00.000Z,0,0,,84,84.02,83.87,83.98,160
1786346100,2026-08-10T07:15:00.000Z,0,0,,83.94,84.14,83.88,84.1,160
1786346400,2026-08-10T07:20:00.000Z,0,0,,84.08,84.08,83.71,83.79,138
1786346700,2026-08-10T07:25:00.000Z,0,0,,83.82,83.92,83.52,83.56,107
1786347000,2026-08-10T07:30:00.000Z,0,0,,83.58,83.76,83.53,83.75,72
1786347300,2026-08-10T07:35:00.000Z,0,0,,83.77,83.83,83.63,83.81,89
1786347600,2026-08-10T07:40:00.000Z,0,0,,83.8,83.85,83.6,83.6,102
1786347900,2026-08-10T07:45:00.000Z,0,0,,83.62,83.74,83.33,83.7,303
1786348200,2026-08-10T07:50:00.000Z,0,0,,83.73,83.83,83.63,83.8,102
1786348500,2026-08-10T07:55:00.000Z,0,0,,83.84,83.88,83.71,83.73,107
1786348800,2026-08-10T08:00:00.000Z,0,0,,83.72,83.82,83.67,83.77,159
1786349100,2026-08-10T08:05:00.000Z,0,0,,83.79,83.87,83.68,83.86,98
1786349400,2026-08-10T08:10:00.000Z,0,0,,83.84,83.86,83.65,83.8,113
1786349700,2026-08-10T08:15:00.000Z,0,0,,83.83,83.97,83.68,83.81,228
1786350000,2026-08-10T08:20:00.000Z,0,0,,83.83,84.06,83.76,83.96,208
1786350300,2026-08-10T08:25:00.000Z,0,0,,83.97,84.08,83.77,83.95,601
1786350600,2026-08-10T08:30:00.000Z,0,0,,83.98,84.38,83.82,84.21,317
1786350900,2026-08-10T08:35:00.000Z,0,0,,84.2,84.42,84.11,84.42,185
1786351200,2026-08-10T08:40:00.000Z,0,0,,84.43,84.61,84.36,84.52,257
1786351500,2026-08-10T08:45:00.000Z,0,0,,84.55,84.62,84.42,84.49,149
1786351800,2026-08-10T08:50:00.000Z,0,0,,84.51,84.8,84.5,84.77,174
1786352100,2026-08-10T08:55:00.000Z,0,0,,84.78,84.8,84.61,84.61,172
1786352400,2026-08-10T09:00:00.000Z,0,0,,84.6,84.61,84.43,84.46,172
1786352700,2026-08-10T09:05:00.000Z,0,0,,84.45,84.54,84.38,84.51,100
1786353000,2026-08-10T09:10:00.000Z,0,0,,84.52,84.53,84.44,84.45,108
1786353300,2026-08-10T09:15:00.000Z,0,0,,84.46,84.61,84.44,84.5,88
1786353600,2026-08-10T09:20:00.000Z,0,0,,84.48,84.48,84.17,84.17,119
1786353900,2026-08-10T09:25:00.000Z,0,0,,84.18,84.3,84.16,84.26,119
1786354200,2026-08-10T09:30:00.000Z,0,0,,84.27,84.46,84.25,84.29,151
1786354500,2026-08-10T09:35:00.000Z,0,0,,84.3,84.52,84.29,84.48,105
1786354800,2026-08-10T09:40:00.000Z,0,0,,84.5,84.63,84.47,84.56,125
1786355100,2026-08-10T09:45:00.000Z,0,0,,84.56,84.67,84.52,84.56,87
1786355400,2026-08-10T09:50:00.000Z,0,0,,84.59,84.61,84.48,84.57,88
1786355700,2026-08-10T09:55:00.000Z,0,0,,84.56,84.63,84.44,84.54,104
1786356000,2026-08-10T10:00:00.000Z,0,0,,84.55,84.55,84.38,84.39,88
1786356300,2026-08-10T10:05:00.000Z,0,0,,84.4,84.43,84.27,84.41,118
1786356600,2026-08-10T10:10:00.000Z,0,0,,84.38,84.41,84.28,84.37,90
1786356900,2026-08-10T10:15:00.000Z,0,0,,84.39,84.47,84.26,84.26,71
1786357200,2026-08-10T10:20:00.000Z,0,0,,84.28,84.3,83.95,84.11,207
1786357500,2026-08-10T10:25:00.000Z,0,0,,84.15,84.34,84.14,84.3,103
1786357800,2026-08-10T10:30:00.000Z,0,0,,84.31,84.56,84.26,84.4,107
1786358100,2026-08-10T10:35:00.000Z,0,0,,84.41,84.81,84.37,84.75,151
1786358400,2026-08-10T10:40:00.000Z,0,0,,84.76,84.99,84.72,84.86,271
1786358700,2026-08-10T10:45:00.000Z,0,0,,84.84,84.86,84.65,84.69,131
1786359000,2026-08-10T10:50:00.000Z,0,0,,84.72,85.14,84.69,85.05,157
1786359300,2026-08-10T10:55:00.000Z,0,0,,85.02,85.04,84.9,84.99,134
1786359600,2026-08-10T11:00:00.000Z,0,0,,84.98,85.1,84.73,84.84,168
1786359900,2026-08-10T11:05:00.000Z,0,0,,84.82,84.88,84.74,84.79,73
1786360200,2026-08-10T11:10:00.000Z,0,0,,84.8,84.8,84.68,84.71,64
1786360500,2026-08-10T11:15:00.000Z,0,0,,84.71,84.76,84.67,84.68,64
1786360800,2026-08-10T11:20:00.000Z,0,0,,84.67,84.72,84.51,84.53,113
1786361100,2026-08-10T11:25:00.000Z,0,1,,84.52,84.53,84.38,84.47,81
1786361400,2026-08-10T11:30:00.000Z,0,0,,84.51,84.57,84.43,84.53,108
1786361700,2026-08-10T11:35:00.000Z,0,0,,84.54,84.75,84.52,84.68,165
1786362000,2026-08-10T11:40:00.000Z,0,0,,84.67,84.87,84.61,84.81,127
1786362300,2026-08-10T11:45:00.000Z,0,0,,84.83,84.97,84.76,84.86,148
1786362600,2026-08-10T11:50:00.000Z,0,0,,84.91,84.99,84.81,84.95,155
1786362900,2026-08-10T11:55:00.000Z,0,0,,84.94,84.97,84.83,84.93,92
1786363200,2026-08-10T12:00:00.000Z,0,0,,84.96,85.02,84.83,84.97,174
1786363500,2026-08-10T12:05:00.000Z,0,0,,84.95,85.07,84.86,84.9,181
1786363800,2026-08-10T12:10:00.000Z,0,0,,84.91,85.09,84.88,85.03,182
1786364100,2026-08-10T12:15:00.000Z,0,0,,85.02,85.07,84.93,84.97,99
1786364400,2026-08-10T12:20:00.000Z,0,0,,84.99,85.01,84.83,84.84,90
1786364700,2026-08-10T12:25:00.000Z,0,0,,84.85,84.88,84.68,84.71,134
1786365000,2026-08-10T12:30:00.000Z,0,0,,84.75,85.01,84.7,84.92,113
1786365300,2026-08-10T12:35:00.000Z,0,0,,84.96,85.08,84.91,84.98,110
1786365600,2026-08-10T12:40:00.000Z,0,0,,84.99,85.17,84.94,85.13,141
1786365900,2026-08-10T12:45:00.000Z,0,0,,85.15,85.18,85.04,85.11,105
1786366200,2026-08-10T12:50:00.000Z,0,0,,85.14,85.38,85.07,85.33,251
1786366500,2026-08-10T12:55:00.000Z,0,0,,85.37,85.38,85.01,85.18,212
1786366800,2026-08-10T13:00:00.000Z,0,0,,85.19,85.2,84.84,84.88,439
1786367100,2026-08-10T13:05:00.000Z,0,0,,84.9,85.09,84.8,85.06,224
1786367400,2026-08-10T13:10:00.000Z,0,0,,85.05,85.15,84.93,84.98,244
1786367700,2026-08-10T13:15:00.000Z,0,0,,84.99,85.09,84.79,84.84,216
1786368000,2026-08-10T13:20:00.000Z,0,0,,84.88,85.14,84.73,85.05,264
1786368300,2026-08-10T13:25:00.000Z,0,0,,85.08,85.3,84.99,85.27,228
1786368600,2026-08-10T13:30:00.000Z,0,0,,85.28,85.44,85.2,85.39,323
1786368900,2026-08-10T13:35:00.000Z,0,0,,85.4,85.53,85.32,85.45,259
1786369200,2026-08-10T13:40:00.000Z,0,0,,85.48,85.71,85.4,85.62,395
1786369500,2026-08-10T13:45:00.000Z,0,0,,85.65,85.99,85.65,85.95,547
1786369800,2026-08-10T13:50:00.000Z,0,0,,85.98,86.26,85.92,86.06,584
1786370100,2026-08-10T13:55:00.000Z,0,0,,86.07,86.38,86.03,86.25,433
1786370400,2026-08-10T14:00:00.000Z,0,0,,86.28,86.28,85.99,86.01,383
1786370700,2026-08-10T14:05:00.000Z,0,0,,86.02,86.22,85.98,86.22,271
1786371000,2026-08-10T14:10:00.000Z,0,0,,86.21,86.3,86.14,86.17,276
1786371300,2026-08-10T14:15:00.000Z,0,0,,86.15,86.18,85.72,85.72,388
1786371600,2026-08-10T14:20:00.000Z,0,0,,85.74,85.91,85.73,85.88,276
1786371900,2026-08-10T14:25:00.000Z,0,0,,85.81,85.89,85.72,85.75,292
1786372200,2026-08-10T14:30:00.000Z,0,0,,85.76,86.06,85.68,85.92,309
1786372500,2026-08-10T14:35:00.000Z,0,0,,85.95,85.98,85.83,85.9,215
1786372800,2026-08-10T14:40:00.000Z,0,0,,85.91,86.09,85.91,86.05,210
1786373100,2026-08-10T14:45:00.000Z,0,0,,86.08,86.08,85.92,85.97,190
1786373400,2026-08-10T14:50:00.000Z,0,0,,85.99,86.26,85.98,86.2,304
1786373700,2026-08-10T14:55:00.000Z,0,0,,86.21,86.26,86.08,86.16,266
1786374000,2026-08-10T15:00:00.000Z,0,0,,86.15,86.38,86.04,86.35,494
1786374300,2026-08-10T15:05:00.000Z,0,0,,86.38,86.49,86.29,86.37,504
1786374600,2026-08-10T15:10:00.000Z,0,0,,86.39,86.46,86.24,86.29,289
1786374900,2026-08-10T15:15:00.000Z,0,0,,86.33,86.49,86.22,86.31,308
1786375200,2026-08-10T15:20:00.000Z,0,0,,86.3,86.66,86.23,86.63,489
1786375500,2026-08-10T15:25:00.000Z,0,0,,86.65,86.83,86.53,86.73,1177
1786375800,2026-08-10T15:30:00.000Z,0,0,,86.75,86.85,86.62,86.72,451
1786376100,2026-08-10T15:35:00.000Z,0,0,,86.73,86.76,86.59,86.73,215
1786376400,2026-08-10T15:40:00.000Z,0,0,,86.72,86.95,86.65,86.89,321
1786376700,2026-08-10T15:45:00.000Z,0,0,,86.9,86.96,86.81,86.88,239
1786377000,2026-08-10T15:50:00.000Z,0,0,,86.89,86.89,86.63,86.74,312
1786377300,2026-08-10T15:55:00.000Z,0,0,,86.76,86.84,86.58,86.59,211
1786377600,2026-08-10T16:00:00.000Z,0,0,,86.6,86.65,86.47,86.51,274
1786377900,2026-08-10T16:05:00.000Z,0,0,,86.54,86.57,86.37,86.53,223
1786378200,2026-08-10T16:10:00.000Z,0,0,,86.54,86.66,86.46,86.57,138
1786378500,2026-08-10T16:15:00.000Z,0,0,,86.58,86.58,86.45,86.53,143
1786378800,2026-08-10T16:20:00.000Z,0,0,,86.55,86.74,86.5,86.66,174
1786379100,2026-08-10T16:25:00.000Z,0,0,,86.68,86.76,86.64,86.68,111
1786379400,2026-08-10T16:30:00.000Z,0,0,,86.69,87.14,86.57,86.81,691
1786379700,2026-08-10T16:35:00.000Z,0,0,,86.82,86.88,86.66,86.85,205
1786380000,2026-08-10T16:40:00.000Z,0,0,,86.86,87.07,86.81,87.03,165
1786380300,2026-08-10T16:45:00.000Z,0,0,,87.06,87.06,86.87,86.99,152
1786380600,2026-08-10T16:50:00.000Z,0,0,,87.02,87.1,86.92,87.08,140
1786380900,2026-08-10T16:55:00.000Z,0,0,,87.09,87.16,87.02,87.06,192
1786381200,2026-08-10T17:00:00.000Z,0,0,,87.07,87.25,87.06,87.23,196
1786381500,2026-08-10T17:05:00.000Z,0,0,,87.21,87.27,86.99,87.11,176
1786381800,2026-08-10T17:10:00.000Z,0,0,,87.09,87.2,87.04,87.1,158
1786382100,2026-08-10T17:15:00.000Z,0,0,,87.12,87.16,87.02,87.11,122
1786382400,2026-08-10T17:20:00.000Z,0,0,,87.08,87.17,87.03,87.03,102
1786382700,2026-08-10T17:25:00.000Z,0,0,,87.06,87.17,87.04,87.15,126
1786383000,2026-08-10T17:30:00.000Z,0,0,,87.16,87.35,87.06,87.31,202
1786383300,2026-08-10T17:35:00.000Z,0,0,,87.33,87.37,87.25,87.33,186
1786383600,2026-08-10T17:40:00.000Z,0,0,,87.32,87.43,87.31,87.39,156
1786383900,2026-08-10T17:45:00.000Z,0,0,,87.42,87.5,87.35,87.44,205
1786384200,2026-08-10T17:50:00.000Z,0,0,,87.47,87.55,87.33,87.39,247
1786384500,2026-08-10T17:55:00.000Z,0,0,,87.38,87.55,87.34,87.53,159
1786384800,2026-08-10T18:00:00.000Z,0,0,,87.54,87.55,87.41,87.43,175
1786385100,2026-08-10T18:05:00.000Z,0,0,,87.42,87.45,87.35,87.4,148
1786385400,2026-08-10T18:10:00.000Z,0,0,,87.43,87.48,87.34,87.44,132
1786385700,2026-08-10T18:15:00.000Z,0,0,,87.46,87.93,87.43,87.82,509
1786386000,2026-08-10T18:20:00.000Z,0,0,,87.83,87.92,87.73,87.78,350
1786386300,2026-08-10T18:25:00.000Z,0,0,,87.81,87.85,87.64,87.72,898
1786386600,2026-08-10T18:30:00.000Z,0,0,,87.74,87.88,87.71,87.86,211
1786386900,2026-08-10T18:35:00.000Z,0,0,,87.87,87.87,87.69,87.75,95
1786387200,2026-08-10T18:40:00.000Z,0,0,,87.74,87.8,87.67,87.71,84
1786387500,2026-08-10T18:45:00.000Z,0,0,,87.71,87.72,87.58,87.63,97
1786387800,2026-08-10T18:50:00.000Z,0,0,,87.61,87.66,87.52,87.53,125
1786388100,2026-08-10T18:55:00.000Z,0,0,,87.56,87.56,87.36,87.37,138
1786388400,2026-08-10T19:00:00.000Z,0,0,,87.4,87.41,87.15,87.24,157
1786388700,2026-08-10T19:05:00.000Z,0,0,,87.26,87.27,87.15,87.15,136
1786389000,2026-08-10T19:10:00.000Z,0,0,,87.16,87.4,87.16,87.24,147
1786389300,2026-08-10T19:15:00.000Z,0,0,,87.26,87.37,87.26,87.32,86
1786389600,2026-08-10T19:20:00.000Z,0,0,,87.36,87.41,87.31,87.39,77
1786389900,2026-08-10T19:25:00.000Z,0,0,,87.4,87.52,87.38,87.51,73
1786390200,2026-08-10T19:30:00.000Z,0,0,,87.5,87.61,87.48,87.59,55
1786390500,2026-08-10T19:35:00.000Z,0,0,,87.55,87.58,87.45,87.52,59
1786390800,2026-08-10T19:40:00.000Z,0,0,,87.54,87.59,87.51,87.52,58
1786391100,2026-08-10T19:45:00.000Z,0,0,,87.55,87.59,87.49,87.55,26
1786391400,2026-08-10T19:50:00.000Z,0,0,,87.56,87.64,87.51,87.6,47
1786391700,2026-08-10T19:55:00.000Z,0,0,,87.6,87.67,87.56,87.67,57
1786392000,2026-08-10T20:00:00.000Z,0,0,,87.65,87.7,87.6,87.66,84
1786392300,2026-08-10T20:05:00.000Z,0,0,,87.67,87.72,87.63,87.72,60
1786392600,2026-08-10T20:10:00.000Z,0,0,,87.73,87.79,87.72,87.75,50
1786392900,2026-08-10T20:15:00.000Z,0,0,,87.77,87.78,87.67,87.73,36
1786393200,2026-08-10T20:20:00.000Z,0,0,,87.71,87.8,87.68,87.77,41
1786393500,2026-08-10T20:25:00.000Z,0,0,,87.76,87.9,87.76,87.85,57
1786393800,2026-08-10T20:30:00.000Z,0,0,,87.84,87.91,87.81,87.84,25
1786394100,2026-08-10T20:35:00.000Z,0,0,,87.83,87.87,87.75,87.85,29
1786394400,2026-08-10T20:40:00.000Z,0,0,,87.84,87.9,87.83,87.9,37
1786394700,2026-08-10T20:45:00.000Z,0,0,,87.89,87.9,87.79,87.8,70
1786395000,2026-08-10T20:50:00.000Z,0,0,,87.82,87.9,87.81,87.84,65
1786395300,2026-08-10T20:55:00.000Z,0,0,,87.83,87.89,87.8,87.84,41
1786395600,2026-08-10T21:00:00.000Z,0,0,,87.86,87.89,87.86,87.88,6
1786395900,2026-08-10T21:05:00.000Z,0,0,,87.89,87.89,87.86,87.86,5
1786396500,2026-08-10T21:15:00.000Z,0,0,,87.85,87.85,87.83,87.83,4
1786396800,2026-08-10T21:20:00.000Z,0,0,,87.85,87.85,87.75,87.75,5
1786397100,2026-08-10T21:25:00.000Z,0,0,,87.77,87.84,87.77,87.83,11
1786397400,2026-08-10T21:30:00.000Z,0,0,,87.85,87.87,87.85,87.87,2
1786397700,2026-08-10T21:35:00.000Z,0,0,,87.84,87.84,87.84,87.84,1
1786398000,2026-08-10T21:40:00.000Z,0,0,,87.82,87.9,87.82,87.9,13
1786398300,2026-08-10T21:45:00.000Z,0,0,,87.88,87.89,87.86,87.86,3
1786398600,2026-08-10T21:50:00.000Z,0,0,,87.84,87.84,87.84,87.84,1
1786398900,2026-08-10T21:55:00.000Z,0,0,,87.89,87.9,87.86,87.87,13
1786406400,2026-08-11T00:00:00.000Z,0,1,,87.74,87.8,87.58,87.61,75
1786406700,2026-08-11T00:05:00.000Z,0,0,,87.64,87.86,87.64,87.85,56
1786407000,2026-08-11T00:10:00.000Z,0,0,,87.87,87.9,87.74,87.77,109
1786407300,2026-08-11T00:15:00.000Z,0,0,,87.74,87.76,87.69,87.75,31
1786407600,2026-08-11T00:20:00.000Z,0,0,,87.74,87.79,87.66,87.75,34
1786407900,2026-08-11T00:25:00.000Z,0,0,,87.77,87.93,87.76,87.81,56
1786408200,2026-08-11T00:30:00.000Z,0,0,,87.85,87.86,87.78,87.8,15
1786408500,2026-08-11T00:35:00.000Z,0,0,,87.79,87.81,87.78,87.8,12
1786408800,2026-08-11T00:40:00.000Z,0,0,,87.82,87.82,87.73,87.73,22
1786409100,2026-08-11T00:45:00.000Z,0,0,,87.78,87.99,87.78,87.97,26
1786409400,2026-08-11T00:50:00.000Z,0,0,,87.98,88,87.84,87.85,65
1786409700,2026-08-11T00:55:00.000Z,0,0,,87.84,87.87,87.74,87.74,35
1786410000,2026-08-11T01:00:00.000Z,0,0,,87.76,87.76,87.56,87.58,128
1786410300,2026-08-11T01:05:00.000Z,0,0,,87.67,87.98,87.62,87.96,122
1786410600,2026-08-11T01:10:00.000Z,0,0,,87.94,87.99,87.82,87.84,72
1786410900,2026-08-11T01:15:00.000Z,0,0,,87.85,87.85,87.75,87.8,35
1786411200,2026-08-11T01:20:00.000Z,0,0,,87.81,87.81,87.65,87.79,30
1786411500,2026-08-11T01:25:00.000Z,0,0,,87.78,87.81,87.7,87.79,29
1786411800,2026-08-11T01:30:00.000Z,0,0,,87.76,87.81,87.75,87.8,17
1786412100,2026-08-11T01:35:00.000Z,0,0,,87.78,87.9,87.74,87.87,26
1786412400,2026-08-11T01:40:00.000Z,0,0,,87.81,88.08,87.79,87.93,74
1786412700,2026-08-11T01:45:00.000Z,0,0,,87.95,88.06,87.95,88.03,25
1786413000,2026-08-11T01:50:00.000Z,0,0,,88.06,88.09,87.99,88.01,54
1786413300,2026-08-11T01:55:00.000Z,0,0,,87.98,87.99,87.91,87.95,25
1786413600,2026-08-11T02:00:00.000Z,0,0,,87.96,87.96,87.83,87.83,34
1786413900,2026-08-11T02:05:00.000Z,0,0,,87.82,87.91,87.82,87.9,32
1786414200,2026-08-11T02:10:00.000Z,0,0,,87.88,87.98,87.86,87.95,47
1786414500,2026-08-11T02:15:00.000Z,0,0,,87.92,87.98,87.9,87.91,10
1786414800,2026-08-11T02:20:00.000Z,0,0,,87.93,88.05,87.86,87.91,51
1786415100,2026-08-11T02:25:00.000Z,0,0,,87.92,87.92,87.78,87.88,37
1786415400,2026-08-11T02:30:00.000Z,0,0,,87.89,87.89,87.73,87.8,53
1786415700,2026-08-11T02:35:00.000Z,0,0,,87.8,87.84,87.73,87.79,30
1786416000,2026-08-11T02:40:00.000Z,0,0,,87.77,87.81,87.71,87.74,18
1786416300,2026-08-11T02:45:00.000Z,0,0,,87.76,87.98,87.73,87.94,63
1786416600,2026-08-11T02:50:00.000Z,0,0,,87.97,88.01,87.88,87.96,24
1786416900,2026-08-11T02:55:00.000Z,0,0,,88.01,88.01,87.87,87.89,15
1786417200,2026-08-11T03:00:00.000Z,0,0,,87.94,87.95,87.91,87.94,19
1786417500,2026-08-11T03:05:00.000Z,0,0,,87.96,87.96,87.85,87.89,25
1786417800,2026-08-11T03:10:00.000Z,0,0,,87.88,87.88,87.79,87.82,22
1786418100,2026-08-11T03:15:00.000Z,0,0,,87.83,87.97,87.83,87.92,36
1786418400,2026-08-11T03:20:00.000Z,0,0,,87.94,87.95,87.85,87.87,23
1786418700,2026-08-11T03:25:00.000Z,0,0,,87.85,87.91,87.79,87.81,15
1786419000,2026-08-11T03:30:00.000Z,0,0,,87.78,87.8,87.69,87.69,24
1786419300,2026-08-11T03:35:00.000Z,0,0,,87.66,87.78,87.65,87.75,10
1786419600,2026-08-11T03:40:00.000Z,0,0,,87.74,87.75,87.71,87.73,9
1786419900,2026-08-11T03:45:00.000Z,0,0,,87.7,87.71,87.68,87.7,7
1786420200,2026-08-11T03:50:00.000Z,0,0,,87.72,87.76,87.7,87.76,8
1786420500,2026-08-11T03:55:00.000Z,0,0,,87.75,87.75,87.63,87.63,29
1786420800,2026-08-11T04:00:00.000Z,0,0,,87.65,87.66,87.57,87.63,23
1786421100,2026-08-11T04:05:00.000Z,0,0,,87.62,87.64,87.54,87.54,18
1786421400,2026-08-11T04:10:00.000Z,0,0,,87.53,87.58,87.53,87.56,27
1786421700,2026-08-11T04:15:00.000Z,0,0,,87.54,87.59,87.41,87.53,66
1786422000,2026-08-11T04:20:00.000Z,0,0,,87.56,87.57,87.51,87.53,20
1786422300,2026-08-11T04:25:00.000Z,0,0,,87.52,87.56,87.46,87.52,28
1786422600,2026-08-11T04:30:00.000Z,0,0,,87.53,87.56,87.48,87.51,20
1786422900,2026-08-11T04:35:00.000Z,0,0,,87.55,87.74,87.53,87.66,68
1786423200,2026-08-11T04:40:00.000Z,0,0,,87.69,87.82,87.66,87.79,33
1786423500,2026-08-11T04:45:00.000Z,0,0,,87.8,87.89,87.75,87.77,50
1786423800,2026-08-11T04:50:00.000Z,0,0,,87.77,87.77,87.69,87.69,9
1786424100,2026-08-11T04:55:00.000Z,0,0,,87.73,87.79,87.72,87.76,15
1786424400,2026-08-11T05:00:00.000Z,0,0,,87.79,87.84,87.77,87.77,24
1786424700,2026-08-11T05:05:00.000Z,0,0,,87.78,87.85,87.78,87.82,11
1786425000,2026-08-11T05:10:00.000Z,0,0,,87.8,87.92,87.8,87.87,28
1786425300,2026-08-11T05:15:00.000Z,0,0,,87.88,88.07,87.86,88,90
1786425600,2026-08-11T05:20:00.000Z,0,0,,87.98,88.1,87.94,88.01,102
1786425900,2026-08-11T05:25:00.000Z,0,0,,87.98,88.01,87.92,87.92,26
1786426200,2026-08-11T05:30:00.000Z,0,0,,87.95,88.1,87.91,88.06,87
1786426500,2026-08-11T05:35:00.000Z,0,0,,88.04,88.04,87.82,87.85,44
1786426800,2026-08-11T05:40:00.000Z,0,0,,87.86,87.86,87.7,87.82,61
1786427100,2026-08-11T05:45:00.000Z,0,0,,87.83,87.94,87.8,87.94,42
1786427400,2026-08-11T05:50:00.000Z,0,0,,88.01,88.08,87.97,88.01,43
1786427700,2026-08-11T05:55:00.000Z,0,0,,88.03,88.04,87.91,87.99,29
1786428000,2026-08-11T06:00:00.000Z,0,0,,87.98,88.06,87.82,87.88,113
1786428300,2026-08-11T06:05:00.000Z,0,0,,87.91,87.96,87.86,87.91,51
1786428600,2026-08-11T06:10:00.000Z,0,0,,87.94,88.08,87.89,88.02,93
1786428900,2026-08-11T06:15:00.000Z,0,0,,88.06,88.3,88.02,88.3,117
1786429200,2026-08-11T06:20:00.000Z,0,0,,88.28,88.28,88.01,88.07,144
1786429500,2026-08-11T06:25:00.000Z,0,0,,88.08,88.32,88.07,88.32,140
1786429800,2026-08-11T06:30:00.000Z,0,0,,88.33,88.97,88.27,88.86,479
1786430100,2026-08-11T06:35:00.000Z,0,0,,88.87,89.06,88.79,88.89,365
1786430400,2026-08-11T06:40:00.000Z,0,0,,88.9,89.2,88.78,89.14,260
1786430700,2026-08-11T06:45:00.000Z,0,0,,89.15,89.28,89.03,89.2,229
1786431000,2026-08-11T06:50:00.000Z,0,0,,89.22,89.37,89.09,89.25,256
1786431300,2026-08-11T06:55:00.000Z,0,0,,89.24,89.4,89.06,89.07,293
1786431600,2026-08-11T07:00:00.000Z,0,0,,89.09,89.31,89,89.06,378
1786431900,2026-08-11T07:05:00.000Z,0,0,,89.1,89.32,88.88,89.15,379
1786432200,2026-08-11T07:10:00.000Z,0,0,,89.19,89.33,89.09,89.28,226
1786432500,2026-08-11T07:15:00.000Z,0,0,,89.26,89.47,89.17,89.33,213
1786432800,2026-08-11T07:20:00.000Z,0,0,,89.3,89.69,89.3,89.64,302
1786433100,2026-08-11T07:25:00.000Z,0,0,,89.62,89.63,89.22,89.36,206
1786433400,2026-08-11T07:30:00.000Z,0,0,,89.37,89.64,89.36,89.53,161
1786433700,2026-08-11T07:35:00.000Z,0,0,,89.57,89.57,89.28,89.39,189
1786434000,2026-08-11T07:40:00.000Z,0,0,,89.4,89.42,89.25,89.26,114
1786434300,2026-08-11T07:45:00.000Z,0,0,,89.27,89.56,89.27,89.5,128
1786434600,2026-08-11T07:50:00.000Z,0,0,,89.53,89.7,89.52,89.62,163
1786434900,2026-08-11T07:55:00.000Z,0,0,,89.61,89.7,89.56,89.61,162
1786435200,2026-08-11T08:00:00.000Z,0,0,,89.63,89.65,89.33,89.55,333
1786435500,2026-08-11T08:05:00.000Z,0,0,,89.56,89.72,89.46,89.68,269
1786435800,2026-08-11T08:10:00.000Z,0,0,,89.69,89.87,89.62,89.83,218
1786436100,2026-08-11T08:15:00.000Z,0,0,,89.82,89.96,89.72,89.87,236
1786436400,2026-08-11T08:20:00.000Z,0,0,,89.9,90.02,89.78,90.01,349
1786436700,2026-08-11T08:25:00.000Z,0,0,,89.98,89.99,89.78,89.91,892
1786437000,2026-08-11T08:30:00.000Z,0,0,,89.93,90.03,89.81,89.91,455
1786437300,2026-08-11T08:35:00.000Z,0,0,,89.93,89.94,89.69,89.72,233
1786437600,2026-08-11T08:40:00.000Z,0,0,,89.75,89.9,89.59,89.63,254
1786437900,2026-08-11T08:45:00.000Z,0,0,,89.64,89.84,89.61,89.78,151
1786438200,2026-08-11T08:50:00.000Z,0,0,,89.82,89.84,89.67,89.74,284
1786438500,2026-08-11T08:55:00.000Z,0,0,,89.75,90,89.7,89.96,206
1786438800,2026-08-11T09:00:00.000Z,0,0,,89.95,90.01,89.76,89.88,249
1786439100,2026-08-11T09:05:00.000Z,0,0,,89.89,90.01,89.69,89.98,252
1786439400,2026-08-11T09:10:00.000Z,0,0,,89.99,90.03,89.9,89.98,178
1786439700,2026-08-11T09:15:00.000Z,0,0,,90.01,90.03,89.84,89.97,168
1786440000,2026-08-11T09:20:00.000Z,0,0,,89.98,89.99,89.79,89.86,169
1786440300,2026-08-11T09:25:00.000Z,0,0,,89.89,89.96,89.64,89.64,193
1786440600,2026-08-11T09:30:00.000Z,0,0,,89.66,89.67,89.38,89.48,258
1786440900,2026-08-11T09:35:00.000Z,0,0,,89.51,89.71,89.47,89.71,118
1786441200,2026-08-11T09:40:00.000Z,0,0,,89.72,89.99,89.59,89.96,207
1786441500,2026-08-11T09:45:00.000Z,0,0,,90,90,89.71,89.83,127
1786441800,2026-08-11T09:50:00.000Z,0,0,,89.85,89.89,89.76,89.76,122
1786442100,2026-08-11T09:55:00.000Z,0,0,,89.77,89.79,89.47,89.76,165
1786442400,2026-08-11T10:00:00.000Z,0,0,,89.75,89.88,89.6,89.74,127
1786442700,2026-08-11T10:05:00.000Z,0,0,,89.75,89.75,89.56,89.59,113
1786443000,2026-08-11T10:10:00.000Z,0,0,,89.62,89.69,89.56,89.62,89
1786443300,2026-08-11T10:15:00.000Z,0,0,,89.64,89.73,89.61,89.68,75
1786443600,2026-08-11T10:20:00.000Z,0,0,,89.69,89.7,89.38,89.45,285
1786443900,2026-08-11T10:25:00.000Z,0,0,,89.49,89.55,88.83,89.18,767
1786444200,2026-08-11T10:30:00.000Z,0,0,,89.19,89.4,89.1,89.12,340
1786444500,2026-08-11T10:35:00.000Z,0,0,,89.14,89.23,89.08,89.23,116
1786444800,2026-08-11T10:40:00.000Z,0,0,,89.24,89.28,89.14,89.19,131
1786445100,2026-08-11T10:45:00.000Z,0,0,,89.16,89.17,88.84,88.85,249
1786445400,2026-08-11T10:50:00.000Z,0,0,,88.86,88.95,88.7,88.9,272
1786445700,2026-08-11T10:55:00.000Z,0,0,,88.95,89.09,88.88,88.92,159
1786446000,2026-08-11T11:00:00.000Z,0,0,,88.91,88.94,87.25,87.37,2142
1786446300,2026-08-11T11:05:00.000Z,0,0,,87.37,87.51,87.08,87.31,982
1786446600,2026-08-11T11:10:00.000Z,0,0,,87.32,87.5,87.13,87.32,669
1786446900,2026-08-11T11:15:00.000Z,0,0,,87.37,87.61,87.22,87.49,490
1786447200,2026-08-11T11:20:00.000Z,0,0,,87.49,87.78,87.34,87.71,458
1786447500,2026-08-11T11:25:00.000Z,0,0,,87.7,87.86,87.56,87.78,317
1786447800,2026-08-11T11:30:00.000Z,0,0,,87.8,87.96,87.58,87.69,386
1786448100,2026-08-11T11:35:00.000Z,0,0,,87.7,87.71,87.24,87.25,303
1786448400,2026-08-11T11:40:00.000Z,0,0,,87.27,87.39,87.21,87.39,274
1786448700,2026-08-11T11:45:00.000Z,0,0,,87.37,87.72,87.34,87.69,303
1786449000,2026-08-11T11:50:00.000Z,0,0,,87.68,87.71,87.55,87.64,263
1786449300,2026-08-11T11:55:00.000Z,0,0,,87.65,87.68,87.5,87.55,235
1786449600,2026-08-11T12:00:00.000Z,0,0,,87.58,87.85,87.56,87.75,292
1786449900,2026-08-11T12:05:00.000Z,0,0,,87.78,87.79,87.45,87.46,300
1786450200,2026-08-11T12:10:00.000Z,0,0,,87.5,87.59,87.19,87.57,354
1786450500,2026-08-11T12:15:00.000Z,0,0,,87.54,87.75,87.49,87.62,204
1786450800,2026-08-11T12:20:00.000Z,0,0,,87.65,88.28,87.61,88.26,724
1786451100,2026-08-11T12:25:00.000Z,0,0,,88.27,88.29,87.97,87.97,298
1786451400,2026-08-11T12:30:00.000Z,0,0,,87.98,87.99,87.8,87.86,186
1786451700,2026-08-11T12:35:00.000Z,0,0,,87.87,87.92,87.75,87.84,142
1786452000,2026-08-11T12:40:00.000Z,0,0,,87.83,87.97,87.79,87.87,161
1786452300,2026-08-11T12:45:00.000Z,0,0,,87.89,87.99,87.75,87.81,186
1786452600,2026-08-11T12:50:00.000Z,0,0,,87.84,88.08,87.76,87.98,181
1786452900,2026-08-11T12:55:00.000Z,0,0,,88.01,88.15,87.99,88.05,226
1786453200,2026-08-11T13:00:00.000Z,0,0,,88.06,88.09,87.29,87.51,715
1786453500,2026-08-11T13:05:00.000Z,0,0,,87.52,87.52,87.22,87.37,359
1786453800,2026-08-11T13:10:00.000Z,0,0,,87.41,87.48,87.24,87.31,273
1786454100,2026-08-11T13:15:00.000Z,0,0,,87.33,87.39,86.6,87.28,1079
1786454400,2026-08-11T13:20:00.000Z,0,0,,87.3,87.45,87.21,87.23,321
1786454700,2026-08-11T13:25:00.000Z,0,0,,87.25,87.27,86.81,86.92,333
1786455000,2026-08-11T13:30:00.000Z,0,0,,86.93,87.22,86.88,87.15,435
1786455300,2026-08-11T13:35:00.000Z,0,0,,87.18,87.31,86.98,87.1,294
1786455600,2026-08-11T13:40:00.000Z,0,0,,87.11,87.17,86.94,86.99,269
1786455900,2026-08-11T13:45:00.000Z,0,0,,87,87.02,86.75,86.88,279
1786456200,2026-08-11T13:50:00.000Z,0,0,,86.86,87.17,86.84,87.15,277
1786456500,2026-08-11T13:55:00.000Z,0,0,,87.13,87.17,86.94,87.12,181
1786456800,2026-08-11T14:00:00.000Z,0,0,,87.14,87.39,87,87.37,369
1786457100,2026-08-11T14:05:00.000Z,0,0,,87.4,87.51,87.33,87.47,235
1786457400,2026-08-11T14:10:00.000Z,0,0,,87.49,87.67,87.45,87.57,267
1786457700,2026-08-11T14:15:00.000Z,0,0,,87.6,87.93,87.56,87.76,468
1786458000,2026-08-11T14:20:00.000Z,0,0,,87.77,87.79,87.58,87.68,229
1786458300,2026-08-11T14:25:00.000Z,0,0,,87.65,87.87,87.6,87.83,210
1786458600,2026-08-11T14:30:00.000Z,0,0,,87.87,88.01,87.77,87.86,275
1786458900,2026-08-11T14:35:00.000Z,0,0,,87.87,87.91,87.77,87.87,225
1786459200,2026-08-11T14:40:00.000Z,0,0,,87.89,88.1,87.84,87.98,278
1786459500,2026-08-11T14:45:00.000Z,0,0,,87.99,88.02,87.87,88,276
1786459800,2026-08-11T14:50:00.000Z,0,0,,88.01,88.26,87.93,88.2,486
1786460100,2026-08-11T14:55:00.000Z,0,0,,88.18,88.41,88.09,88.27,521
1786460400,2026-08-11T15:00:00.000Z,0,0,,88.28,88.35,88.13,88.33,342
1786460700,2026-08-11T15:05:00.000Z,0,0,,88.32,88.5,88.19,88.25,364
1786461000,2026-08-11T15:10:00.000Z,0,0,,88.23,88.26,87.94,88.13,373
1786461300,2026-08-11T15:15:00.000Z,0,0,,88.15,88.37,88.11,88.23,285
1786461600,2026-08-11T15:20:00.000Z,0,0,,88.26,88.36,88.17,88.19,268
1786461900,2026-08-11T15:25:00.000Z,0,0,,88.21,88.31,88.04,88.2,952
1786462200,2026-08-11T15:30:00.000Z,0,0,,88.24,88.93,88.2,88.87,783
1786462500,2026-08-11T15:35:00.000Z,0,0,,88.9,89,88.57,88.71,710
1786462800,2026-08-11T15:40:00.000Z,0,0,,88.73,88.98,88.72,88.83,299
1786463100,2026-08-11T15:45:00.000Z,0,0,,88.85,88.86,88.65,88.76,188
1786463400,2026-08-11T15:50:00.000Z,0,0,,88.82,88.93,88.7,88.74,201
1786463700,2026-08-11T15:55:00.000Z,0,0,,88.77,88.87,88.68,88.82,175
1786464000,2026-08-11T16:00:00.000Z,0,0,,88.83,88.84,88.46,88.55,272
1786464300,2026-08-11T16:05:00.000Z,0,0,,88.57,88.6,88.46,88.51,158
1786464600,2026-08-11T16:10:00.000Z,0,0,,88.49,88.69,88.37,88.64,200
1786464900,2026-08-11T16:15:00.000Z,0,0,,88.61,88.66,88.47,88.59,124
1786465200,2026-08-11T16:20:00.000Z,0,0,,88.57,88.58,88.3,88.38,198
1786465500,2026-08-11T16:25:00.000Z,0,0,,88.39,88.54,88.26,88.26,147
1786465800,2026-08-11T16:30:00.000Z,0,0,,88.29,88.51,88.28,88.39,155
1786466100,2026-08-11T16:35:00.000Z,0,0,,88.38,88.48,88.34,88.43,88
1786466400,2026-08-11T16:40:00.000Z,0,0,,88.44,88.61,88.41,88.49,122
1786466700,2026-08-11T16:45:00.000Z,0,0,,88.48,88.66,88.43,88.59,97
1786467000,2026-08-11T16:50:00.000Z,0,0,,88.65,88.78,88.6,88.67,127
1786467300,2026-08-11T16:55:00.000Z,0,0,,88.68,88.72,88.56,88.67,131
1786467600,2026-08-11T17:00:00.000Z,0,0,,88.64,88.67,88.49,88.62,101
1786467900,2026-08-11T17:05:00.000Z,0,0,,88.6,88.76,88.6,88.67,109
1786468200,2026-08-11T17:10:00.000Z,0,0,,88.71,88.76,88.61,88.64,100
1786468500,2026-08-11T17:15:00.000Z,0,0,,88.63,88.7,88.58,88.65,93
1786468800,2026-08-11T17:20:00.000Z,0,0,,88.63,88.81,88.51,88.72,174
1786469100,2026-08-11T17:25:00.000Z,0,0,,88.75,88.83,88.73,88.76,99
1786469400,2026-08-11T17:30:00.000Z,0,0,,88.79,88.84,88.69,88.71,178
1786469700,2026-08-11T17:35:00.000Z,0,0,,88.68,88.8,88.57,88.69,122
1786470000,2026-08-11T17:40:00.000Z,0,0,,88.7,88.83,88.7,88.76,86
1786470300,2026-08-11T17:45:00.000Z,0,0,,88.74,88.83,88.65,88.7,166
1786470600,2026-08-11T17:50:00.000Z,0,0,,88.71,88.89,88.68,88.83,224
1786470900,2026-08-11T17:55:00.000Z,0,0,,88.82,88.91,88.78,88.88,145
1786471200,2026-08-11T18:00:00.000Z,0,0,,88.9,88.96,88.71,88.71,160
1786471500,2026-08-11T18:05:00.000Z,0,0,,88.74,88.77,88.58,88.75,145
1786471800,2026-08-11T18:10:00.000Z,0,0,,88.77,88.82,88.65,88.69,112
1786472100,2026-08-11T18:15:00.000Z,0,0,,88.71,88.8,88.65,88.66,118
1786472400,2026-08-11T18:20:00.000Z,0,0,,88.65,88.83,88.57,88.83,153
1786472700,2026-08-11T18:25:00.000Z,0,0,,88.82,88.99,88.74,88.85,579
1786473000,2026-08-11T18:30:00.000Z,0,0,,88.86,88.97,88.65,88.65,187
1786473300,2026-08-11T18:35:00.000Z,0,0,,88.68,88.9,88.64,88.9,130
1786473600,2026-08-11T18:40:00.000Z,0,0,,88.91,88.91,88.75,88.77,99
1786473900,2026-08-11T18:45:00.000Z,0,0,,88.79,88.84,88.75,88.78,63
1786474200,2026-08-11T18:50:00.000Z,0,0,,88.77,88.9,88.77,88.84,38
1786474500,2026-08-11T18:55:00.000Z,0,0,,88.85,88.87,88.78,88.83,34
1786474800,2026-08-11T19:00:00.000Z,0,0,,88.84,88.93,88.79,88.92,45
1786475100,2026-08-11T19:05:00.000Z,0,0,,88.94,88.97,88.9,88.92,36
1786475400,2026-08-11T19:10:00.000Z,0,0,,88.9,88.96,88.88,88.94,36
1786475700,2026-08-11T19:15:00.000Z,0,0,,88.93,89.1,88.93,89.06,94
1786476000,2026-08-11T19:20:00.000Z,0,0,,89.08,89.12,89.02,89.06,38
1786476300,2026-08-11T19:25:00.000Z,0,0,,89.06,89.14,89.04,89.13,62
1786476600,2026-08-11T19:30:00.000Z,0,0,,89.14,89.33,89.12,89.19,78
1786476900,2026-08-11T19:35:00.000Z,0,0,,89.18,89.19,89.01,89.01,58
1786477200,2026-08-11T19:40:00.000Z,0,0,,89.05,89.1,89.01,89.03,24
1786477500,2026-08-11T19:45:00.000Z,0,0,,89.06,89.14,89.06,89.13,25
1786477800,2026-08-11T19:50:00.000Z,0,0,,89.15,89.17,89.1,89.12,64
1786478100,2026-08-11T19:55:00.000Z,0,0,,89.11,89.2,89.11,89.11,58
1786478400,2026-08-11T20:00:00.000Z,0,0,,89.15,89.17,89.01,89.12,96
1786478700,2026-08-11T20:05:00.000Z,0,0,,89.11,89.26,89.11,89.21,50
1786479000,2026-08-11T20:10:00.000Z,0,0,,89.19,89.24,89.15,89.23,29
1786479300,2026-08-11T20:15:00.000Z,0,0,,89.21,89.24,89.12,89.15,29
1786479600,2026-08-11T20:20:00.000Z,0,0,,89.14,89.17,89.13,89.14,22
1786479900,2026-08-11T20:25:00.000Z,0,0,,89.13,89.15,89.08,89.11,31
1786480200,2026-08-11T20:30:00.000Z,0,0,,89.15,89.17,89.1,89.12,56
1786480500,2026-08-11T20:35:00.000Z,0,0,,89.14,89.17,89.08,89.13,27
1786480800,2026-08-11T20:40:00.000Z,0,0,,89.14,89.23,89.13,89.19,42
1786481100,2026-08-11T20:45:00.000Z,0,0,,89.19,89.24,89.17,89.19,22
1786481400,2026-08-11T20:50:00.000Z,0,0,,89.18,89.18,89.04,89.05,25
1786481700,2026-08-11T20:55:00.000Z,0,0,,89.04,89.07,88.89,88.98,76
1786482000,2026-08-11T21:00:00.000Z,0,0,,88.94,88.94,88.78,88.78,10
1786482300,2026-08-11T21:05:00.000Z,0,0,,88.84,88.84,88.82,88.82,2
1786482600,2026-08-11T21:10:00.000Z,0,0,,88.78,88.84,88.78,88.83,3
1786482900,2026-08-11T21:15:00.000Z,0,0,,88.86,89.39,88.86,89.31,47
1786483200,2026-08-11T21:20:00.000Z,0,0,,89.36,89.48,89.32,89.33,22
1786483500,2026-08-11T21:25:00.000Z,0,0,,89.31,89.31,89.26,89.26,3
1786483800,2026-08-11T21:30:00.000Z,0,0,,89.41,89.47,89.3,89.45,28
1786484100,2026-08-11T21:35:00.000Z,0,0,,89.47,89.76,89.36,89.36,42
1786484400,2026-08-11T21:40:00.000Z,0,0,,89.31,89.34,89.26,89.31,12
1786484700,2026-08-11T21:45:00.000Z,0,0,,89.29,89.32,89.29,89.31,4
1786485000,2026-08-11T21:50:00.000Z,0,0,,89.34,89.34,89.34,89.34,1
1786485300,2026-08-11T21:55:00.000Z,0,0,,89.33,89.33,89.29,89.29,32
1786492800,2026-08-12T00:00:00.000Z,0,0,,89.17,89.3,89.08,89.24,77
1786493100,2026-08-12T00:05:00.000Z,0,0,,89.22,89.45,89.22,89.32,95
1786493400,2026-08-12T00:10:00.000Z,0,0,,89.34,89.35,89.26,89.34,35
1786493700,2026-08-12T00:15:00.000Z,0,0,,89.31,89.45,89.29,89.37,38
1786494000,2026-08-12T00:20:00.000Z,0,0,,89.4,89.46,89.34,89.44,21
1786494300,2026-08-12T00:25:00.000Z,0,0,,89.45,89.53,89.4,89.45,74
1786494600,2026-08-12T00:30:00.000Z,0,0,,89.45,89.49,89.37,89.46,32
1786494900,2026-08-12T00:35:00.000Z,0,0,,89.47,89.49,89.35,89.46,85
1786495200,2026-08-12T00:40:00.000Z,0,0,,89.44,89.49,89.39,89.45,29
1786495500,2026-08-12T00:45:00.000Z,0,0,,89.48,89.54,89.47,89.51,24
1786495800,2026-08-12T00:50:00.000Z,0,0,,89.52,89.64,89.52,89.6,29
1786496100,2026-08-12T00:55:00.000Z,0,0,,89.62,89.62,89.47,89.49,30
1786496400,2026-08-12T01:00:00.000Z,0,0,,89.52,89.6,89.41,89.56,122
1786496700,2026-08-12T01:05:00.000Z,0,0,,89.51,89.73,89.47,89.63,66
1786497000,2026-08-12T01:10:00.000Z,0,0,,89.64,89.7,89.46,89.46,63
1786497300,2026-08-12T01:15:00.000Z,0,0,,89.54,89.71,89.53,89.65,31
1786497600,2026-08-12T01:20:00.000Z,0,0,,89.64,89.72,89.58,89.64,47
1786497900,2026-08-12T01:25:00.000Z,0,0,,89.63,89.69,89.55,89.61,25
1786498200,2026-08-12T01:30:00.000Z,0,0,,89.58,89.62,89.54,89.59,22
1786498500,2026-08-12T01:35:00.000Z,0,0,,89.6,89.63,89.49,89.51,28
1786498800,2026-08-12T01:40:00.000Z,0,0,,89.54,89.59,89.47,89.47,33
1786499100,2026-08-12T01:45:00.000Z,0,1,,89.46,89.48,89.36,89.37,41
1786499400,2026-08-12T01:50:00.000Z,0,0,,89.4,89.46,89.32,89.41,49
1786499700,2026-08-12T01:55:00.000Z,0,0,,89.41,89.44,89.39,89.4,7
1786500000,2026-08-12T02:00:00.000Z,0,0,,89.43,89.56,89.43,89.53,43
1786500300,2026-08-12T02:05:00.000Z,0,0,,89.52,89.54,89.49,89.49,14
1786500600,2026-08-12T02:10:00.000Z,0,0,,89.43,89.48,89.4,89.42,20
1786500900,2026-08-12T02:15:00.000Z,0,0,,89.46,89.48,89.46,89.48,3
1786501200,2026-08-12T02:20:00.000Z,0,0,,89.49,89.49,89.45,89.47,5
1786501500,2026-08-12T02:25:00.000Z,0,0,,89.48,89.49,89.45,89.46,14
1786501800,2026-08-12T02:30:00.000Z,0,0,,89.45,89.49,89.39,89.44,26
1786502100,2026-08-12T02:35:00.000Z,0,0,,89.42,89.61,89.42,89.56,26
1786502400,2026-08-12T02:40:00.000Z,0,0,,89.61,89.66,89.6,89.62,22
1786502700,2026-08-12T02:45:00.000Z,0,0,,89.64,89.76,89.6,89.6,25
1786503000,2026-08-12T02:50:00.000Z,0,0,,89.61,89.67,89.58,89.59,15
1786503300,2026-08-12T02:55:00.000Z,0,0,,89.65,89.76,89.65,89.68,24
1786503600,2026-08-12T03:00:00.000Z,0,0,,89.69,89.78,89.67,89.73,65
1786503900,2026-08-12T03:05:00.000Z,0,0,,89.74,89.74,89.67,89.7,22
1786504200,2026-08-12T03:10:00.000Z,0,0,,89.71,89.75,89.69,89.74,20
1786504500,2026-08-12T03:15:00.000Z,0,0,,89.73,89.84,89.73,89.82,33
1786504800,2026-08-12T03:20:00.000Z,0,0,,89.81,89.83,89.69,89.72,30
1786505100,2026-08-12T03:25:00.000Z,0,0,,89.73,89.74,89.64,89.67,45
1786505400,2026-08-12T03:30:00.000Z,0,0,,89.71,89.77,89.62,89.77,26
1786505700,2026-08-12T03:35:00.000Z,0,0,,89.76,89.81,89.71,89.79,21
1786506000,2026-08-12T03:40:00.000Z,0,0,,89.82,89.88,89.78,89.88,36
1786506300,2026-08-12T03:45:00.000Z,0,0,,89.85,90,89.84,89.98,66
1786506600,2026-08-12T03:50:00.000Z,0,0,,89.96,90.06,89.91,90.02,55
1786506900,2026-08-12T03:55:00.000Z,0,0,,90.03,90.05,89.99,90.04,26
1786507200,2026-08-12T04:00:00.000Z,0,0,,90.05,90.07,89.9,89.92,63
1786507500,2026-08-12T04:05:00.000Z,0,0,,89.9,89.94,89.86,89.89,37
1786507800,2026-08-12T04:10:00.000Z,0,1,,89.9,89.9,89.74,89.76,27
1786508100,2026-08-12T04:15:00.000Z,0,0,,89.76,89.8,89.73,89.73,14
1786508400,2026-08-12T04:20:00.000Z,0,0,,89.74,89.8,89.73,89.75,25
1786508700,2026-08-12T04:25:00.000Z,0,0,,89.73,89.73,89.66,89.66,33
1786509000,2026-08-12T04:30:00.000Z,0,0,,89.67,89.73,89.64,89.66,36
1786509300,2026-08-12T04:35:00.000Z,0,0,,89.68,89.71,89.61,89.61,11
1786509600,2026-08-12T04:40:00.000Z,0,0,,89.63,89.63,89.46,89.48,30
1786509900,2026-08-12T04:45:00.000Z,0,0,,89.5,89.52,89.41,89.43,15
1786510200,2026-08-12T04:50:00.000Z,0,0,,89.4,89.49,89.38,89.41,17
1786510500,2026-08-12T04:55:00.000Z,0,0,,89.47,89.49,89.39,89.41,15